date,quote_time_jst,captured_at_jst,symbol,price_yen,quantity,market_value_yen,quote_status,source
2026-07-14,未確認,2026-07-14 18:00:00,1801.T,13520,3,40560,SNAPSHOT,証券会社画面画像
2026-07-14,未確認,2026-07-14 18:00:00,1812.T,5559,14,77826,SNAPSHOT,証券会社画面画像
2026-07-14,未確認,2026-07-14 18:00:00,5333.T,6617,5,33085,SNAPSHOT,証券会社画面画像
2026-07-14,未確認,2026-07-14 18:00:00,5803.T,4800,8,38400,SNAPSHOT,証券会社画面画像
2026-07-14,未確認,2026-07-14 18:00:00,6146.T,71650,1,71650,SNAPSHOT,証券会社画面画像
2026-07-14,未確認,2026-07-14 18:00:00,6383.T,6602,6,39612,SNAPSHOT,証券会社画面画像
2026-07-14,未確認,2026-07-14 18:00:00,6501.T,4802,15,72030,SNAPSHOT,証券会社画面画像
2026-07-14,未確認,2026-07-14 18:00:00,6503.T,5592,14,78288,SNAPSHOT,証券会社画面画像
2026-07-14,未確認,2026-07-14 18:00:00,6504.T,12760,6,76560,SNAPSHOT,証券会社画面画像
2026-07-14,未確認,2026-07-14 18:00:00,6762.T,3234,23,74382,SNAPSHOT,証券会社画面画像
2026-07-14,未確認,2026-07-14 18:00:00,6861.T,75390,2,150780,SNAPSHOT,証券会社画面画像
2026-07-14,未確認,2026-07-14 18:00:00,7012.T,2690,25,67250,SNAPSHOT,証券会社画面画像
2026-07-14,未確認,2026-07-14 18:00:00,7203.T,2839,23,65297,SNAPSHOT,証券会社画面画像
2026-07-14,未確認,2026-07-14 18:00:00,7269.T,2017,20,40340,SNAPSHOT,証券会社画面画像
2026-07-14,未確認,2026-07-14 18:00:00,7532.T,874,70,61180,SNAPSHOT,証券会社画面画像
2026-07-14,未確認,2026-07-14 18:00:00,7832.T,4143,16,66288,SNAPSHOT,証券会社画面画像
2026-07-14,未確認,2026-07-14 18:00:00,8035.T,71130,1,71130,SNAPSHOT,証券会社画面画像
2026-07-14,未確認,2026-07-14 18:00:00,8306.T,3600,18,64800,SNAPSHOT,証券会社画面画像
2026-07-14,未確認,2026-07-14 18:00:00,8316.T,6967,13,90571,SNAPSHOT,証券会社画面画像
2026-07-14,未確認,2026-07-14 18:00:00,8411.T,8480,10,84800,SNAPSHOT,証券会社画面画像
2026-07-14,未確認,2026-07-14 18:00:00,8591.T,6430,13,83590,SNAPSHOT,証券会社画面画像
2026-07-14,未確認,2026-07-14 18:00:00,8630.T,6584,12,79008,SNAPSHOT,証券会社画面画像
2026-07-14,未確認,2026-07-14 18:00:00,8750.T,1856,10,18560,SNAPSHOT,証券会社画面画像
2026-07-14,未確認,2026-07-14 18:00:00,8766.T,7720,12,92640,SNAPSHOT,証券会社画面画像
2026-07-14,未確認,2026-07-14 18:00:00,8795.T,4952,14,69328,SNAPSHOT,証券会社画面画像
2026-07-14,未確認,2026-07-14 18:00:00,9432.T,150.2,500,75100,SNAPSHOT,証券会社画面画像
2026-07-14,未確認,2026-07-14 18:00:00,9433.T,2835,23,65205,SNAPSHOT,証券会社画面画像
2026-07-14,未確認,2026-07-14 18:00:00,9697.T,3314,7,23198,SNAPSHOT,証券会社画面画像
2026-07-14,未確認,2026-07-14 18:00:00,9983.T,79790,2,159580,SNAPSHOT,証券会社画面画像
2026-07-14,,,1801.T,13520,3,40560,,証券会社画面画像
2026-07-14,,,1812.T,5559,14,77826,,証券会社画面画像
2026-07-14,,,5333.T,6617,5,33085,,証券会社画面画像
2026-07-14,,,5803.T,4800,8,38400,,証券会社画面画像
2026-07-14,,,6146.T,71650,1,71650,,証券会社画面画像
2026-07-14,,,6383.T,6602,6,39612,,証券会社画面画像
2026-07-14,,,6501.T,4802,15,72030,,証券会社画面画像
2026-07-14,,,6503.T,5592,14,78288,,証券会社画面画像
2026-07-14,,,6504.T,12760,6,76560,,証券会社画面画像
2026-07-14,,,6762.T,3234,23,74382,,証券会社画面画像
2026-07-14,,,6861.T,75390,2,150780,,証券会社画面画像
2026-07-14,,,7012.T,2690,25,67250,,証券会社画面画像
2026-07-14,,,7203.T,2839,23,65297,,証券会社画面画像
2026-07-14,,,7269.T,2017,20,40340,,証券会社画面画像
2026-07-14,,,7532.T,874,70,61180,,証券会社画面画像
2026-07-14,,,7832.T,4143,16,66288,,証券会社画面画像
2026-07-14,,,8035.T,71130,1,71130,,証券会社画面画像
2026-07-14,,,8306.T,3600,18,64800,,証券会社画面画像
2026-07-14,,,8316.T,6967,13,90571,,証券会社画面画像
2026-07-14,,,8411.T,8480,10,84800,,証券会社画面画像
2026-07-14,,,8591.T,6430,13,83590,,証券会社画面画像
2026-07-14,,,8630.T,6584,12,79008,,証券会社画面画像
2026-07-14,,,8750.T,1856,10,18560,,証券会社画面画像
2026-07-14,,,8766.T,7720,12,92640,,証券会社画面画像
2026-07-14,,,8795.T,4952,14,69328,,証券会社画面画像
2026-07-14,,,9432.T,150.2,500,75100,,証券会社画面画像
2026-07-14,,,9433.T,2835,23,65205,,証券会社画面画像
2026-07-14,,,9697.T,3314,7,23198,,証券会社画面画像
2026-07-14,,,9983.T,79790,2,159580,,証券会社画面画像
2026-07-15,14:26:56,2026-07-15 14:00:00,1801.T,14130,3,42390,OK,Yahoo Finance JP full-market screener (delayed)
2026-07-15,14:27:21,2026-07-15 14:00:00,1812.T,5693,14,79702,OK,Yahoo Finance JP full-market screener (delayed)
2026-07-15,14:27:35,2026-07-15 14:00:00,5333.T,6730,5,33650,OK,Yahoo Finance JP full-market screener (delayed)
2026-07-15,14:27:40,2026-07-15 14:00:00,5803.T,5115,8,40920,OK,Yahoo Finance JP full-market screener (delayed)
2026-07-15,14:27:41,2026-07-15 14:00:00,6146.T,73080,1,73080,OK,Yahoo Finance JP full-market screener (delayed)
2026-07-15,14:27:38,2026-07-15 14:00:00,6383.T,6732,6,40392,OK,Yahoo Finance JP full-market screener (delayed)
2026-07-15,14:27:40,2026-07-15 14:00:00,6501.T,4746,15,71190,OK,Yahoo Finance JP full-market screener (delayed)
2026-07-15,14:27:35,2026-07-15 14:00:00,6503.T,5717,14,80038,OK,Yahoo Finance JP full-market screener (delayed)
2026-07-15,14:27:34,2026-07-15 14:00:00,6504.T,12850,6,77100,OK,Yahoo Finance JP full-market screener (delayed)
2026-07-15,14:27:37,2026-07-15 14:00:00,6762.T,3213,23,73899,OK,Yahoo Finance JP full-market screener (delayed)
2026-07-15,14:27:35,2026-07-15 14:00:00,6861.T,76450,2,152900,OK,Yahoo Finance JP full-market screener (delayed)
2026-07-15,14:27:38,2026-07-15 14:00:00,7012.T,2751.5,25,68787.5,OK,Yahoo Finance JP full-market screener (delayed)
2026-07-15,14:27:39,2026-07-15 14:00:00,7203.T,2869,23,65987,OK,Yahoo Finance JP full-market screener (delayed)
2026-07-15,14:27:41,2026-07-15 14:00:00,7269.T,2028.5,20,40570,OK,Yahoo Finance JP full-market screener (delayed)
2026-07-15,14:27:38,2026-07-15 14:00:00,7532.T,854.5,70,59815,OK,Yahoo Finance JP full-market screener (delayed)
2026-07-15,14:27:40,2026-07-15 14:00:00,7832.T,4060,16,64960,OK,Yahoo Finance JP full-market screener (delayed)
2026-07-15,14:27:41,2026-07-15 14:00:00,8035.T,73590,1,73590,OK,Yahoo Finance JP full-market screener (delayed)
2026-07-15,14:27:40,2026-07-15 14:00:00,8306.T,3676,18,66168,OK,Yahoo Finance JP full-market screener (delayed)
2026-07-15,14:27:40,2026-07-15 14:00:00,8316.T,7077,13,92001,OK,Yahoo Finance JP full-market screener (delayed)
2026-07-15,14:27:41,2026-07-15 14:00:00,8411.T,8578,10,85780,OK,Yahoo Finance JP full-market screener (delayed)
2026-07-15,14:27:21,2026-07-15 14:00:00,8591.T,6540,13,85020,OK,Yahoo Finance JP full-market screener (delayed)
2026-07-15,14:27:38,2026-07-15 14:00:00,8630.T,6645,12,79740,OK,Yahoo Finance JP full-market screener (delayed)
2026-07-15,14:27:22,2026-07-15 14:00:00,8750.T,1880,10,18800,OK,Yahoo Finance JP full-market screener (delayed)
2026-07-15,14:27:35,2026-07-15 14:00:00,8766.T,7776,12,93312,OK,Yahoo Finance JP full-market screener (delayed)
2026-07-15,14:27:35,2026-07-15 14:00:00,8795.T,5028,14,70392,OK,Yahoo Finance JP full-market screener (delayed)
2026-07-15,14:27:38,2026-07-15 14:00:00,9432.T,149.8,500,74900,OK,Yahoo Finance JP full-market screener (delayed)
2026-07-15,14:27:40,2026-07-15 14:00:00,9433.T,2837.5,23,65262.5,OK,Yahoo Finance JP full-market screener (delayed)
2026-07-15,14:27:21,2026-07-15 14:00:00,9697.T,3246,7,22722,OK,Yahoo Finance JP full-market screener (delayed)
2026-07-15,14:27:22,2026-07-15 14:00:00,9983.T,78940,2,157880,OK,Yahoo Finance JP full-market screener (delayed)
2026-07-15,15:30:00,2026-07-15 15:00:00,1801.T,14145,3,42435,OK,Yahoo Finance JP full-market screener (delayed)
2026-07-15,15:30:00,2026-07-15 15:00:00,1812.T,5715,14,80010,OK,Yahoo Finance JP full-market screener (delayed)
2026-07-15,15:30:00,2026-07-15 15:00:00,5333.T,6759,5,33795,OK,Yahoo Finance JP full-market screener (delayed)
2026-07-15,15:30:00,2026-07-15 15:00:00,5803.T,5145,8,41160,OK,Yahoo Finance JP full-market screener (delayed)
2026-07-15,15:30:00,2026-07-15 15:00:00,6146.T,73550,1,73550,OK,Yahoo Finance JP full-market screener (delayed)
2026-07-15,15:30:00,2026-07-15 15:00:00,6383.T,6774,6,40644,OK,Yahoo Finance JP full-market screener (delayed)
2026-07-15,15:30:00,2026-07-15 15:00:00,6501.T,4796,15,71940,OK,Yahoo Finance JP full-market screener (delayed)
2026-07-15,15:30:00,2026-07-15 15:00:00,6503.T,5764,14,80696,OK,Yahoo Finance JP full-market screener (delayed)
2026-07-15,15:30:00,2026-07-15 15:00:00,6504.T,12950,6,77700,OK,Yahoo Finance JP full-market screener (delayed)
2026-07-15,15:30:00,2026-07-15 15:00:00,6762.T,3246,23,74658,OK,Yahoo Finance JP full-market screener (delayed)
2026-07-15,15:30:00,2026-07-15 15:00:00,6861.T,76620,2,153240,OK,Yahoo Finance JP full-market screener (delayed)
2026-07-15,15:30:00,2026-07-15 15:00:00,7012.T,2725.5,25,68137.5,OK,Yahoo Finance JP full-market screener (delayed)
2026-07-15,15:30:00,2026-07-15 15:00:00,7203.T,2875.5,23,66136.5,OK,Yahoo Finance JP full-market screener (delayed)
2026-07-15,15:30:00,2026-07-15 15:00:00,7269.T,2025.5,20,40510,OK,Yahoo Finance JP full-market screener (delayed)
2026-07-15,15:30:00,2026-07-15 15:00:00,7532.T,858.5,70,60095,OK,Yahoo Finance JP full-market screener (delayed)
2026-07-15,15:30:00,2026-07-15 15:00:00,7832.T,4088,16,65408,OK,Yahoo Finance JP full-market screener (delayed)
2026-07-15,15:30:00,2026-07-15 15:00:00,8035.T,74240,1,74240,OK,Yahoo Finance JP full-market screener (delayed)
2026-07-15,15:30:00,2026-07-15 15:00:00,8306.T,3697,18,66546,OK,Yahoo Finance JP full-market screener (delayed)
2026-07-15,15:30:00,2026-07-15 15:00:00,8316.T,7121,13,92573,OK,Yahoo Finance JP full-market screener (delayed)
2026-07-15,15:30:00,2026-07-15 15:00:00,8411.T,8624,10,86240,OK,Yahoo Finance JP full-market screener (delayed)
2026-07-15,15:30:00,2026-07-15 15:00:00,8591.T,6593,13,85709,OK,Yahoo Finance JP full-market screener (delayed)
2026-07-15,15:30:00,2026-07-15 15:00:00,8630.T,6637,12,79644,OK,Yahoo Finance JP full-market screener (delayed)
2026-07-15,15:30:00,2026-07-15 15:00:00,8750.T,1884,10,18840,OK,Yahoo Finance JP full-market screener (delayed)
2026-07-15,15:30:00,2026-07-15 15:00:00,8766.T,7772,12,93264,OK,Yahoo Finance JP full-market screener (delayed)
2026-07-15,15:30:00,2026-07-15 15:00:00,8795.T,5050,14,70700,OK,Yahoo Finance JP full-market screener (delayed)
2026-07-15,15:30:00,2026-07-15 15:00:00,9432.T,150,500,75000,OK,Yahoo Finance JP full-market screener (delayed)
2026-07-15,15:30:00,2026-07-15 15:00:00,9433.T,2852.5,23,65607.5,OK,Yahoo Finance JP full-market screener (delayed)
2026-07-15,15:30:00,2026-07-15 15:00:00,9697.T,3246,7,22722,OK,Yahoo Finance JP full-market screener (delayed)
2026-07-15,15:30:00,2026-07-15 15:00:00,9983.T,78830,2,157660,OK,Yahoo Finance JP full-market screener (delayed)
2026-07-15,15:30:00,2026-07-15 16:00:00,1801.T,14145,3,42435,OK,Yahoo Finance JP full-market screener (delayed)
2026-07-15,15:30:00,2026-07-15 16:00:00,1812.T,5715,14,80010,OK,Yahoo Finance JP full-market screener (delayed)
2026-07-15,15:30:00,2026-07-15 16:00:00,5333.T,6759,5,33795,OK,Yahoo Finance JP full-market screener (delayed)
2026-07-15,15:30:00,2026-07-15 16:00:00,5803.T,5145,8,41160,OK,Yahoo Finance JP full-market screener (delayed)
2026-07-15,15:30:00,2026-07-15 16:00:00,6146.T,73550,1,73550,OK,Yahoo Finance JP full-market screener (delayed)
2026-07-15,15:30:00,2026-07-15 16:00:00,6383.T,6774,6,40644,OK,Yahoo Finance JP full-market screener (delayed)
2026-07-15,15:30:00,2026-07-15 16:00:00,6501.T,4796,15,71940,OK,Yahoo Finance JP full-market screener (delayed)
2026-07-15,15:30:00,2026-07-15 16:00:00,6503.T,5764,14,80696,OK,Yahoo Finance JP full-market screener (delayed)
2026-07-15,15:30:00,2026-07-15 16:00:00,6504.T,12950,6,77700,OK,Yahoo Finance JP full-market screener (delayed)
2026-07-15,15:30:00,2026-07-15 16:00:00,6762.T,3246,23,74658,OK,Yahoo Finance JP full-market screener (delayed)
2026-07-15,15:30:00,2026-07-15 16:00:00,6861.T,76620,2,153240,OK,Yahoo Finance JP full-market screener (delayed)
2026-07-15,15:30:00,2026-07-15 16:00:00,7012.T,2725.5,25,68137.5,OK,Yahoo Finance JP full-market screener (delayed)
2026-07-15,15:30:00,2026-07-15 16:00:00,7203.T,2875.5,23,66136.5,OK,Yahoo Finance JP full-market screener (delayed)
2026-07-15,15:30:00,2026-07-15 16:00:00,7269.T,2025.5,20,40510,OK,Yahoo Finance JP full-market screener (delayed)
2026-07-15,15:30:00,2026-07-15 16:00:00,7532.T,858.5,70,60095,OK,Yahoo Finance JP full-market screener (delayed)
2026-07-15,15:30:00,2026-07-15 16:00:00,7832.T,4088,16,65408,OK,Yahoo Finance JP full-market screener (delayed)
2026-07-15,15:30:00,2026-07-15 16:00:00,8035.T,74240,1,74240,OK,Yahoo Finance JP full-market screener (delayed)
2026-07-15,15:30:00,2026-07-15 16:00:00,8306.T,3697,18,66546,OK,Yahoo Finance JP full-market screener (delayed)
2026-07-15,15:30:00,2026-07-15 16:00:00,8316.T,7121,13,92573,OK,Yahoo Finance JP full-market screener (delayed)
2026-07-15,15:30:00,2026-07-15 16:00:00,8411.T,8624,10,86240,OK,Yahoo Finance JP full-market screener (delayed)
2026-07-15,15:30:00,2026-07-15 16:00:00,8591.T,6593,13,85709,OK,Yahoo Finance JP full-market screener (delayed)
2026-07-15,15:30:00,2026-07-15 16:00:00,8630.T,6637,12,79644,OK,Yahoo Finance JP full-market screener (delayed)
2026-07-15,15:30:00,2026-07-15 16:00:00,8750.T,1884,10,18840,OK,Yahoo Finance JP full-market screener (delayed)
2026-07-15,15:30:00,2026-07-15 16:00:00,8766.T,7772,12,93264,OK,Yahoo Finance JP full-market screener (delayed)
2026-07-15,15:30:00,2026-07-15 16:00:00,8795.T,5050,14,70700,OK,Yahoo Finance JP full-market screener (delayed)
2026-07-15,15:30:00,2026-07-15 16:00:00,9432.T,150,500,75000,OK,Yahoo Finance JP full-market screener (delayed)
2026-07-15,15:30:00,2026-07-15 16:00:00,9433.T,2852.5,23,65607.5,OK,Yahoo Finance JP full-market screener (delayed)
2026-07-15,15:30:00,2026-07-15 16:00:00,9697.T,3246,7,22722,OK,Yahoo Finance JP full-market screener (delayed)
2026-07-15,15:30:00,2026-07-15 16:00:00,9983.T,78830,2,157660,OK,Yahoo Finance JP full-market screener (delayed)
2026-07-15,15:30:00,2026-07-15 18:00:00,1801.T,14145,3,42435,OK,Yahoo Finance JP full-market screener (delayed)
2026-07-15,15:30:00,2026-07-15 18:00:00,1812.T,5715,14,80010,OK,Yahoo Finance JP full-market screener (delayed)
2026-07-15,15:30:00,2026-07-15 18:00:00,5333.T,6759,5,33795,OK,Yahoo Finance JP full-market screener (delayed)
2026-07-15,15:30:00,2026-07-15 18:00:00,5803.T,5145,8,41160,OK,Yahoo Finance JP full-market screener (delayed)
2026-07-15,15:30:00,2026-07-15 18:00:00,6146.T,73550,1,73550,OK,Yahoo Finance JP full-market screener (delayed)
2026-07-15,15:30:00,2026-07-15 18:00:00,6383.T,6774,6,40644,OK,Yahoo Finance JP full-market screener (delayed)
2026-07-15,15:30:00,2026-07-15 18:00:00,6501.T,4796,15,71940,OK,Yahoo Finance JP full-market screener (delayed)
2026-07-15,15:30:00,2026-07-15 18:00:00,6503.T,5764,14,80696,OK,Yahoo Finance JP full-market screener (delayed)
2026-07-15,15:30:00,2026-07-15 18:00:00,6504.T,12950,6,77700,OK,Yahoo Finance JP full-market screener (delayed)
2026-07-15,15:30:00,2026-07-15 18:00:00,6762.T,3246,23,74658,OK,Yahoo Finance JP full-market screener (delayed)
2026-07-15,15:30:00,2026-07-15 18:00:00,6861.T,76620,2,153240,OK,Yahoo Finance JP full-market screener (delayed)
2026-07-15,15:30:00,2026-07-15 18:00:00,7012.T,2725.5,25,68137.5,OK,Yahoo Finance JP full-market screener (delayed)
2026-07-15,15:30:00,2026-07-15 18:00:00,7203.T,2875.5,23,66136.5,OK,Yahoo Finance JP full-market screener (delayed)
2026-07-15,15:30:00,2026-07-15 18:00:00,7269.T,2025.5,20,40510,OK,Yahoo Finance JP full-market screener (delayed)
2026-07-15,15:30:00,2026-07-15 18:00:00,7532.T,858.5,70,60095,OK,Yahoo Finance JP full-market screener (delayed)
2026-07-15,15:30:00,2026-07-15 18:00:00,7832.T,4088,16,65408,OK,Yahoo Finance JP full-market screener (delayed)
2026-07-15,15:30:00,2026-07-15 18:00:00,8035.T,74240,1,74240,OK,Yahoo Finance JP full-market screener (delayed)
2026-07-15,15:30:00,2026-07-15 18:00:00,8306.T,3697,18,66546,OK,Yahoo Finance JP full-market screener (delayed)
2026-07-15,15:30:00,2026-07-15 18:00:00,8316.T,7121,13,92573,OK,Yahoo Finance JP full-market screener (delayed)
2026-07-15,15:30:00,2026-07-15 18:00:00,8411.T,8624,10,86240,OK,Yahoo Finance JP full-market screener (delayed)
2026-07-15,15:30:00,2026-07-15 18:00:00,8591.T,6593,13,85709,OK,Yahoo Finance JP full-market screener (delayed)
2026-07-15,15:30:00,2026-07-15 18:00:00,8630.T,6637,12,79644,OK,Yahoo Finance JP full-market screener (delayed)
2026-07-15,15:30:00,2026-07-15 18:00:00,8750.T,1884,10,18840,OK,Yahoo Finance JP full-market screener (delayed)
2026-07-15,15:30:00,2026-07-15 18:00:00,8766.T,7772,12,93264,OK,Yahoo Finance JP full-market screener (delayed)
2026-07-15,15:30:00,2026-07-15 18:00:00,8795.T,5050,14,70700,OK,Yahoo Finance JP full-market screener (delayed)
2026-07-15,15:30:00,2026-07-15 18:00:00,9432.T,150,500,75000,OK,Yahoo Finance JP full-market screener (delayed)
2026-07-15,15:30:00,2026-07-15 18:00:00,9433.T,2852.5,23,65607.5,OK,Yahoo Finance JP full-market screener (delayed)
2026-07-15,15:30:00,2026-07-15 18:00:00,9697.T,3246,7,22722,OK,Yahoo Finance JP full-market screener (delayed)
2026-07-15,15:30:00,2026-07-15 18:00:00,9983.T,78830,2,157660,OK,Yahoo Finance JP full-market screener (delayed)
2026-07-16,09:10:02,2026-07-16 09:00:00,1801.T,13980,3,41940,OK,Yahoo Finance JP full-market screener (delayed)
2026-07-16,09:10:08,2026-07-16 09:00:00,1812.T,5707,14,79898,OK,Yahoo Finance JP full-market screener (delayed)
2026-07-16,09:10:07,2026-07-16 09:00:00,5333.T,6606,5,33030,OK,Yahoo Finance JP full-market screener (delayed)
2026-07-16,09:10:08,2026-07-16 09:00:00,5803.T,4907,8,39256,OK,Yahoo Finance JP full-market screener (delayed)
2026-07-16,09:10:07,2026-07-16 09:00:00,6146.T,69970,1,69970,OK,Yahoo Finance JP full-market screener (delayed)
2026-07-16,09:09:46,2026-07-16 09:00:00,6383.T,6656,6,39936,OK,Yahoo Finance JP full-market screener (delayed)
2026-07-16,09:10:07,2026-07-16 09:00:00,6501.T,4769,15,71535,OK,Yahoo Finance JP full-market screener (delayed)
2026-07-16,09:10:07,2026-07-16 09:00:00,6503.T,5703,14,79842,OK,Yahoo Finance JP full-market screener (delayed)
2026-07-16,09:09:50,2026-07-16 09:00:00,6504.T,12755,6,76530,OK,Yahoo Finance JP full-market screener (delayed)
2026-07-16,09:10:08,2026-07-16 09:00:00,6762.T,3157,23,72611,OK,Yahoo Finance JP full-market screener (delayed)
2026-07-16,09:09:41,2026-07-16 09:00:00,6861.T,74690,2,149380,OK,Yahoo Finance JP full-market screener (delayed)
2026-07-16,09:10:08,2026-07-16 09:00:00,7012.T,2773.5,25,69337.5,OK,Yahoo Finance JP full-market screener (delayed)
2026-07-16,09:10:08,2026-07-16 09:00:00,7203.T,2904,23,66792,OK,Yahoo Finance JP full-market screener (delayed)
2026-07-16,09:10:08,2026-07-16 09:00:00,7269.T,2038,20,40760,OK,Yahoo Finance JP full-market screener (delayed)
2026-07-16,09:10:08,2026-07-16 09:00:00,7532.T,870.2,70,60914,OK,Yahoo Finance JP full-market screener (delayed)
2026-07-16,09:10:05,2026-07-16 09:00:00,7832.T,4100,16,65600,OK,Yahoo Finance JP full-market screener (delayed)
2026-07-16,09:10:04,2026-07-16 09:00:00,8035.T,70540,1,70540,OK,Yahoo Finance JP full-market screener (delayed)
2026-07-16,09:10:07,2026-07-16 09:00:00,8306.T,3684,18,66312,OK,Yahoo Finance JP full-market screener (delayed)
2026-07-16,09:10:06,2026-07-16 09:00:00,8316.T,7091,13,92183,OK,Yahoo Finance JP full-market screener (delayed)
2026-07-16,09:10:07,2026-07-16 09:00:00,8411.T,8555,10,85550,OK,Yahoo Finance JP full-market screener (delayed)
2026-07-16,09:10:05,2026-07-16 09:00:00,8591.T,6577,13,85501,OK,Yahoo Finance JP full-market screener (delayed)
2026-07-16,09:10:06,2026-07-16 09:00:00,8630.T,6637,12,79644,OK,Yahoo Finance JP full-market screener (delayed)
2026-07-16,09:10:06,2026-07-16 09:00:00,8750.T,1872.5,10,18725,OK,Yahoo Finance JP full-market screener (delayed)
2026-07-16,09:10:05,2026-07-16 09:00:00,8766.T,7711,12,92532,OK,Yahoo Finance JP full-market screener (delayed)
2026-07-16,09:10:05,2026-07-16 09:00:00,8795.T,5008,14,70112,OK,Yahoo Finance JP full-market screener (delayed)
2026-07-16,09:10:08,2026-07-16 09:00:00,9432.T,151.3,500,75650,OK,Yahoo Finance JP full-market screener (delayed)
2026-07-16,09:10:07,2026-07-16 09:00:00,9433.T,2853.5,23,65630.5,OK,Yahoo Finance JP full-market screener (delayed)
2026-07-16,09:10:06,2026-07-16 09:00:00,9697.T,3258,7,22806,OK,Yahoo Finance JP full-market screener (delayed)
2026-07-16,09:10:05,2026-07-16 09:00:00,9983.T,78920,2,157840,OK,Yahoo Finance JP full-market screener (delayed)
2026-07-16,10:08:45,2026-07-16 10:00:00,1801.T,13775,3,41325,OK,Yahoo Finance JP full-market screener (delayed)
2026-07-16,10:09:01,2026-07-16 10:00:00,1812.T,5696,14,79744,OK,Yahoo Finance JP full-market screener (delayed)
2026-07-16,10:09:01,2026-07-16 10:00:00,5333.T,6545,5,32725,OK,Yahoo Finance JP full-market screener (delayed)
2026-07-16,10:09:09,2026-07-16 10:00:00,5803.T,4797,8,38376,OK,Yahoo Finance JP full-market screener (delayed)
2026-07-16,10:09:07,2026-07-16 10:00:00,6146.T,68820,1,68820,OK,Yahoo Finance JP full-market screener (delayed)
2026-07-16,10:09:06,2026-07-16 10:00:00,6383.T,6504,6,39024,OK,Yahoo Finance JP full-market screener (delayed)
2026-07-16,10:09:05,2026-07-16 10:00:00,6501.T,4753,15,71295,OK,Yahoo Finance JP full-market screener (delayed)
2026-07-16,10:09:06,2026-07-16 10:00:00,6503.T,5692,14,79688,OK,Yahoo Finance JP full-market screener (delayed)
2026-07-16,10:09:07,2026-07-16 10:00:00,6504.T,12740,6,76440,OK,Yahoo Finance JP full-market screener (delayed)
2026-07-16,10:09:08,2026-07-16 10:00:00,6762.T,3131,23,72013,OK,Yahoo Finance JP full-market screener (delayed)
2026-07-16,10:08:40,2026-07-16 10:00:00,6861.T,74310,2,148620,OK,Yahoo Finance JP full-market screener (delayed)
2026-07-16,10:09:08,2026-07-16 10:00:00,7012.T,2716,25,67900,OK,Yahoo Finance JP full-market screener (delayed)
2026-07-16,10:09:08,2026-07-16 10:00:00,7203.T,2915,23,67045,OK,Yahoo Finance JP full-market screener (delayed)
2026-07-16,10:09:07,2026-07-16 10:00:00,7269.T,2044.5,20,40890,OK,Yahoo Finance JP full-market screener (delayed)
2026-07-16,10:09:09,2026-07-16 10:00:00,7532.T,888.7,70,62209,OK,Yahoo Finance JP full-market screener (delayed)
2026-07-16,10:09:09,2026-07-16 10:00:00,7832.T,4118,16,65888,OK,Yahoo Finance JP full-market screener (delayed)
2026-07-16,10:09:08,2026-07-16 10:00:00,8035.T,70020,1,70020,OK,Yahoo Finance JP full-market screener (delayed)
2026-07-16,10:09:08,2026-07-16 10:00:00,8306.T,3655,18,65790,OK,Yahoo Finance JP full-market screener (delayed)
2026-07-16,10:09:09,2026-07-16 10:00:00,8316.T,7047,13,91611,OK,Yahoo Finance JP full-market screener (delayed)
2026-07-16,10:09:08,2026-07-16 10:00:00,8411.T,8500,10,85000,OK,Yahoo Finance JP full-market screener (delayed)
2026-07-16,10:09:08,2026-07-16 10:00:00,8591.T,6552,13,85176,OK,Yahoo Finance JP full-market screener (delayed)
2026-07-16,10:09:09,2026-07-16 10:00:00,8630.T,6644,12,79728,OK,Yahoo Finance JP full-market screener (delayed)
2026-07-16,10:09:07,2026-07-16 10:00:00,8750.T,1861,10,18610,OK,Yahoo Finance JP full-market screener (delayed)
2026-07-16,10:09:09,2026-07-16 10:00:00,8766.T,7751,12,93012,OK,Yahoo Finance JP full-market screener (delayed)
2026-07-16,10:09:02,2026-07-16 10:00:00,8795.T,4978,14,69692,OK,Yahoo Finance JP full-market screener (delayed)
2026-07-16,10:09:08,2026-07-16 10:00:00,9432.T,150.8,500,75400,OK,Yahoo Finance JP full-market screener (delayed)
2026-07-16,10:09:08,2026-07-16 10:00:00,9433.T,2863,23,65849,OK,Yahoo Finance JP full-market screener (delayed)
2026-07-16,10:09:09,2026-07-16 10:00:00,9697.T,3278,7,22946,OK,Yahoo Finance JP full-market screener (delayed)
2026-07-16,10:08:57,2026-07-16 10:00:00,9983.T,78430,2,156860,OK,Yahoo Finance JP full-market screener (delayed)
2026-07-16,11:10:57,2026-07-16 11:00:00,1801.T,13980,3,41940,OK,Yahoo Finance JP full-market screener (delayed)
2026-07-16,11:11:21,2026-07-16 11:00:00,1812.T,5713,14,79982,OK,Yahoo Finance JP full-market screener (delayed)
2026-07-16,11:11:16,2026-07-16 11:00:00,5333.T,6470,5,32350,OK,Yahoo Finance JP full-market screener (delayed)
2026-07-16,11:11:21,2026-07-16 11:00:00,5803.T,4789,8,38312,OK,Yahoo Finance JP full-market screener (delayed)
2026-07-16,11:11:20,2026-07-16 11:00:00,6146.T,68610,1,68610,OK,Yahoo Finance JP full-market screener (delayed)
2026-07-16,11:11:21,2026-07-16 11:00:00,6383.T,6520,6,39120,OK,Yahoo Finance JP full-market screener (delayed)
2026-07-16,11:11:21,2026-07-16 11:00:00,6501.T,4821,15,72315,OK,Yahoo Finance JP full-market screener (delayed)
2026-07-16,11:11:22,2026-07-16 11:00:00,6503.T,5683,14,79562,OK,Yahoo Finance JP full-market screener (delayed)
2026-07-16,11:10:50,2026-07-16 11:00:00,6504.T,12680,6,76080,OK,Yahoo Finance JP full-market screener (delayed)
2026-07-16,11:11:21,2026-07-16 11:00:00,6762.T,3128,23,71944,OK,Yahoo Finance JP full-market screener (delayed)
2026-07-16,11:10:11,2026-07-16 11:00:00,6861.T,74390,2,148780,OK,Yahoo Finance JP full-market screener (delayed)
2026-07-16,11:11:21,2026-07-16 11:00:00,7012.T,2745,25,68625,OK,Yahoo Finance JP full-market screener (delayed)
2026-07-16,11:11:21,2026-07-16 11:00:00,7203.T,2920.5,23,67171.5,OK,Yahoo Finance JP full-market screener (delayed)
2026-07-16,11:11:21,2026-07-16 11:00:00,7269.T,2050,20,41000,OK,Yahoo Finance JP full-market screener (delayed)
2026-07-16,11:11:15,2026-07-16 11:00:00,7532.T,886.8,70,62076,OK,Yahoo Finance JP full-market screener (delayed)
2026-07-16,11:10:45,2026-07-16 11:00:00,7832.T,4132,16,66112,OK,Yahoo Finance JP full-market screener (delayed)
2026-07-16,11:11:21,2026-07-16 11:00:00,8035.T,69880,1,69880,OK,Yahoo Finance JP full-market screener (delayed)
2026-07-16,11:11:20,2026-07-16 11:00:00,8306.T,3673,18,66114,OK,Yahoo Finance JP full-market screener (delayed)
2026-07-16,11:11:21,2026-07-16 11:00:00,8316.T,7078,13,92014,OK,Yahoo Finance JP full-market screener (delayed)
2026-07-16,11:11:21,2026-07-16 11:00:00,8411.T,8546,10,85460,OK,Yahoo Finance JP full-market screener (delayed)
2026-07-16,11:11:18,2026-07-16 11:00:00,8591.T,6569,13,85397,OK,Yahoo Finance JP full-market screener (delayed)
2026-07-16,11:11:21,2026-07-16 11:00:00,8630.T,6649,12,79788,OK,Yahoo Finance JP full-market screener (delayed)
2026-07-16,11:11:21,2026-07-16 11:00:00,8750.T,1857.5,10,18575,OK,Yahoo Finance JP full-market screener (delayed)
2026-07-16,11:11:21,2026-07-16 11:00:00,8766.T,7749,12,92988,OK,Yahoo Finance JP full-market screener (delayed)
2026-07-16,11:11:21,2026-07-16 11:00:00,8795.T,4975,14,69650,OK,Yahoo Finance JP full-market screener (delayed)
2026-07-16,11:11:20,2026-07-16 11:00:00,9432.T,151.4,500,75700,OK,Yahoo Finance JP full-market screener (delayed)
2026-07-16,11:11:20,2026-07-16 11:00:00,9433.T,2863,23,65849,OK,Yahoo Finance JP full-market screener (delayed)
2026-07-16,11:11:02,2026-07-16 11:00:00,9697.T,3308,7,23156,OK,Yahoo Finance JP full-market screener (delayed)
2026-07-16,11:11:17,2026-07-16 11:00:00,9983.T,78090,2,156180,OK,Yahoo Finance JP full-market screener (delayed)
2026-07-16,11:30:00,2026-07-16 12:00:00,1801.T,13965,3,41895,OK,Yahoo Finance JP full-market screener (delayed)
2026-07-16,11:30:00,2026-07-16 12:00:00,1812.T,5710,14,79940,OK,Yahoo Finance JP full-market screener (delayed)
2026-07-16,11:30:00,2026-07-16 12:00:00,5333.T,6491,5,32455,OK,Yahoo Finance JP full-market screener (delayed)
2026-07-16,11:30:00,2026-07-16 12:00:00,5803.T,4816,8,38528,OK,Yahoo Finance JP full-market screener (delayed)
2026-07-16,11:30:00,2026-07-16 12:00:00,6146.T,68900,1,68900,OK,Yahoo Finance JP full-market screener (delayed)
2026-07-16,11:30:00,2026-07-16 12:00:00,6383.T,6518,6,39108,OK,Yahoo Finance JP full-market screener (delayed)
2026-07-16,11:30:00,2026-07-16 12:00:00,6501.T,4817,15,72255,OK,Yahoo Finance JP full-market screener (delayed)
2026-07-16,11:30:00,2026-07-16 12:00:00,6503.T,5689,14,79646,OK,Yahoo Finance JP full-market screener (delayed)
2026-07-16,11:30:00,2026-07-16 12:00:00,6504.T,12715,6,76290,OK,Yahoo Finance JP full-market screener (delayed)
2026-07-16,11:30:00,2026-07-16 12:00:00,6762.T,3130,23,71990,OK,Yahoo Finance JP full-market screener (delayed)
2026-07-16,11:30:00,2026-07-16 12:00:00,6861.T,74530,2,149060,OK,Yahoo Finance JP full-market screener (delayed)
2026-07-16,11:30:00,2026-07-16 12:00:00,7012.T,2737,25,68425,OK,Yahoo Finance JP full-market screener (delayed)
2026-07-16,11:30:00,2026-07-16 12:00:00,7203.T,2920,23,67160,OK,Yahoo Finance JP full-market screener (delayed)
2026-07-16,11:30:00,2026-07-16 12:00:00,7269.T,2054,20,41080,OK,Yahoo Finance JP full-market screener (delayed)
2026-07-16,11:30:00,2026-07-16 12:00:00,7532.T,883.3,70,61831,OK,Yahoo Finance JP full-market screener (delayed)
2026-07-16,11:30:00,2026-07-16 12:00:00,7832.T,4131,16,66096,OK,Yahoo Finance JP full-market screener (delayed)
2026-07-16,11:30:00,2026-07-16 12:00:00,8035.T,69940,1,69940,OK,Yahoo Finance JP full-market screener (delayed)
2026-07-16,11:30:00,2026-07-16 12:00:00,8306.T,3670,18,66060,OK,Yahoo Finance JP full-market screener (delayed)
2026-07-16,11:30:00,2026-07-16 12:00:00,8316.T,7077,13,92001,OK,Yahoo Finance JP full-market screener (delayed)
2026-07-16,11:30:00,2026-07-16 12:00:00,8411.T,8534,10,85340,OK,Yahoo Finance JP full-market screener (delayed)
2026-07-16,11:30:00,2026-07-16 12:00:00,8591.T,6554,13,85202,OK,Yahoo Finance JP full-market screener (delayed)
2026-07-16,11:30:00,2026-07-16 12:00:00,8630.T,6644,12,79728,OK,Yahoo Finance JP full-market screener (delayed)
2026-07-16,11:30:00,2026-07-16 12:00:00,8750.T,1853.5,10,18535,OK,Yahoo Finance JP full-market screener (delayed)
2026-07-16,11:30:00,2026-07-16 12:00:00,8766.T,7742,12,92904,OK,Yahoo Finance JP full-market screener (delayed)
2026-07-16,11:30:00,2026-07-16 12:00:00,8795.T,4968,14,69552,OK,Yahoo Finance JP full-market screener (delayed)
2026-07-16,11:30:00,2026-07-16 12:00:00,9432.T,151.3,500,75650,OK,Yahoo Finance JP full-market screener (delayed)
2026-07-16,11:30:00,2026-07-16 12:00:00,9433.T,2869,23,65987,OK,Yahoo Finance JP full-market screener (delayed)
2026-07-16,11:30:00,2026-07-16 12:00:00,9697.T,3302,7,23114,OK,Yahoo Finance JP full-market screener (delayed)
2026-07-16,11:30:00,2026-07-16 12:00:00,9983.T,78150,2,156300,OK,Yahoo Finance JP full-market screener (delayed)
2026-07-17,09:34:22,2026-07-17 09:00:00,1801.T,13690,3,41070,OK,Yahoo Finance JP full-market screener (delayed)
2026-07-17,09:34:28,2026-07-17 09:00:00,1812.T,5602,14,78428,OK,Yahoo Finance JP full-market screener (delayed)
2026-07-17,09:34:24,2026-07-17 09:00:00,5333.T,6184,5,30920,OK,Yahoo Finance JP full-market screener (delayed)
2026-07-17,09:34:29,2026-07-17 09:00:00,5803.T,4448,8,35584,OK,Yahoo Finance JP full-market screener (delayed)
2026-07-17,09:34:24,2026-07-17 09:00:00,6146.T,64460,1,64460,OK,Yahoo Finance JP full-market screener (delayed)
2026-07-17,09:34:27,2026-07-17 09:00:00,6383.T,6271,6,37626,OK,Yahoo Finance JP full-market screener (delayed)
2026-07-17,09:34:28,2026-07-17 09:00:00,6501.T,4700,15,70500,OK,Yahoo Finance JP full-market screener (delayed)
2026-07-17,09:34:28,2026-07-17 09:00:00,6503.T,5419,14,75866,OK,Yahoo Finance JP full-market screener (delayed)
2026-07-17,09:34:24,2026-07-17 09:00:00,6504.T,12175,6,73050,OK,Yahoo Finance JP full-market screener (delayed)
2026-07-17,09:34:28,2026-07-17 09:00:00,6762.T,2939,23,67597,OK,Yahoo Finance JP full-market screener (delayed)
2026-07-17,09:34:04,2026-07-17 09:00:00,6861.T,71110,2,142220,OK,Yahoo Finance JP full-market screener (delayed)
2026-07-17,09:34:28,2026-07-17 09:00:00,7012.T,2625,25,65625,OK,Yahoo Finance JP full-market screener (delayed)
2026-07-17,09:34:28,2026-07-17 09:00:00,7203.T,2905,23,66815,OK,Yahoo Finance JP full-market screener (delayed)
2026-07-17,09:34:26,2026-07-17 09:00:00,7269.T,2054.5,20,41090,OK,Yahoo Finance JP full-market screener (delayed)
2026-07-17,09:34:28,2026-07-17 09:00:00,7532.T,893.1,70,62517,OK,Yahoo Finance JP full-market screener (delayed)
2026-07-17,09:34:17,2026-07-17 09:00:00,7832.T,4207,16,67312,OK,Yahoo Finance JP full-market screener (delayed)
2026-07-17,09:34:28,2026-07-17 09:00:00,8035.T,65150,1,65150,OK,Yahoo Finance JP full-market screener (delayed)
2026-07-17,09:34:28,2026-07-17 09:00:00,8306.T,3522,18,63396,OK,Yahoo Finance JP full-market screener (delayed)
2026-07-17,09:34:29,2026-07-17 09:00:00,8316.T,6862,13,89206,OK,Yahoo Finance JP full-market screener (delayed)
2026-07-17,09:34:29,2026-07-17 09:00:00,8411.T,8124,10,81240,OK,Yahoo Finance JP full-market screener (delayed)
2026-07-17,09:34:28,2026-07-17 09:00:00,8591.T,6352,13,82576,OK,Yahoo Finance JP full-market screener (delayed)
2026-07-17,09:34:20,2026-07-17 09:00:00,8630.T,6687,12,80244,OK,Yahoo Finance JP full-market screener (delayed)
2026-07-17,09:34:28,2026-07-17 09:00:00,8750.T,1821.5,10,18215,OK,Yahoo Finance JP full-market screener (delayed)
2026-07-17,09:34:28,2026-07-17 09:00:00,8766.T,7637,12,91644,OK,Yahoo Finance JP full-market screener (delayed)
2026-07-17,09:34:19,2026-07-17 09:00:00,8795.T,4870,14,68180,OK,Yahoo Finance JP full-market screener (delayed)
2026-07-17,09:34:27,2026-07-17 09:00:00,9432.T,152.1,500,76050,OK,Yahoo Finance JP full-market screener (delayed)
2026-07-17,09:34:24,2026-07-17 09:00:00,9433.T,2889,23,66447,OK,Yahoo Finance JP full-market screener (delayed)
2026-07-17,09:34:28,2026-07-17 09:00:00,9697.T,3431,7,24017,OK,Yahoo Finance JP full-market screener (delayed)
2026-07-17,09:34:29,2026-07-17 09:00:00,9983.T,80800,2,161600,OK,Yahoo Finance JP full-market screener (delayed)
2026-07-17,10:33:25,2026-07-17 10:00:00,1801.T,13510,3,40530,OK,Yahoo Finance JP full-market screener (delayed)
2026-07-17,10:33:32,2026-07-17 10:00:00,1812.T,5538,14,77532,OK,Yahoo Finance JP full-market screener (delayed)
2026-07-17,10:33:34,2026-07-17 10:00:00,5333.T,6125,5,30625,OK,Yahoo Finance JP full-market screener (delayed)
2026-07-17,10:33:35,2026-07-17 10:00:00,5803.T,4475,8,35800,OK,Yahoo Finance JP full-market screener (delayed)
2026-07-17,10:33:25,2026-07-17 10:00:00,6146.T,64520,1,64520,OK,Yahoo Finance JP full-market screener (delayed)
2026-07-17,10:33:29,2026-07-17 10:00:00,6383.T,6288,6,37728,OK,Yahoo Finance JP full-market screener (delayed)
2026-07-17,10:33:32,2026-07-17 10:00:00,6501.T,4734,15,71010,OK,Yahoo Finance JP full-market screener (delayed)
2026-07-17,10:33:35,2026-07-17 10:00:00,6503.T,5388,14,75432,OK,Yahoo Finance JP full-market screener (delayed)
2026-07-17,10:33:33,2026-07-17 10:00:00,6504.T,12185,6,73110,OK,Yahoo Finance JP full-market screener (delayed)
2026-07-17,10:33:34,2026-07-17 10:00:00,6762.T,2927.5,23,67332.5,OK,Yahoo Finance JP full-market screener (delayed)
2026-07-17,10:33:35,2026-07-17 10:00:00,6861.T,71370,2,142740,OK,Yahoo Finance JP full-market screener (delayed)
2026-07-17,10:33:34,2026-07-17 10:00:00,7012.T,2606.5,25,65162.5,OK,Yahoo Finance JP full-market screener (delayed)
2026-07-17,10:33:36,2026-07-17 10:00:00,7203.T,2890.5,23,66481.5,OK,Yahoo Finance JP full-market screener (delayed)
2026-07-17,10:33:36,2026-07-17 10:00:00,7269.T,2052,20,41040,OK,Yahoo Finance JP full-market screener (delayed)
2026-07-17,10:33:33,2026-07-17 10:00:00,7532.T,895.2,70,62664,OK,Yahoo Finance JP full-market screener (delayed)
2026-07-17,10:33:35,2026-07-17 10:00:00,7832.T,4238,16,67808,OK,Yahoo Finance JP full-market screener (delayed)
2026-07-17,10:33:35,2026-07-17 10:00:00,8035.T,65150,1,65150,OK,Yahoo Finance JP full-market screener (delayed)
2026-07-17,10:33:35,2026-07-17 10:00:00,8306.T,3512,18,63216,OK,Yahoo Finance JP full-market screener (delayed)
2026-07-17,10:33:36,2026-07-17 10:00:00,8316.T,6795,13,88335,OK,Yahoo Finance JP full-market screener (delayed)
2026-07-17,10:33:34,2026-07-17 10:00:00,8411.T,8038,10,80380,OK,Yahoo Finance JP full-market screener (delayed)
2026-07-17,10:33:34,2026-07-17 10:00:00,8591.T,6304,13,81952,OK,Yahoo Finance JP full-market screener (delayed)
2026-07-17,10:33:30,2026-07-17 10:00:00,8630.T,6634,12,79608,OK,Yahoo Finance JP full-market screener (delayed)
2026-07-17,10:33:30,2026-07-17 10:00:00,8750.T,1808.5,10,18085,OK,Yahoo Finance JP full-market screener (delayed)
2026-07-17,10:33:30,2026-07-17 10:00:00,8766.T,7565,12,90780,OK,Yahoo Finance JP full-market screener (delayed)
2026-07-17,10:33:29,2026-07-17 10:00:00,8795.T,4829,14,67606,OK,Yahoo Finance JP full-market screener (delayed)
2026-07-17,10:33:35,2026-07-17 10:00:00,9432.T,152.4,500,76200,OK,Yahoo Finance JP full-market screener (delayed)
2026-07-17,10:33:33,2026-07-17 10:00:00,9433.T,2891.5,23,66504.5,OK,Yahoo Finance JP full-market screener (delayed)
2026-07-17,10:33:33,2026-07-17 10:00:00,9697.T,3469,7,24283,OK,Yahoo Finance JP full-market screener (delayed)
2026-07-17,10:33:33,2026-07-17 10:00:00,9983.T,80320,2,160640,OK,Yahoo Finance JP full-market screener (delayed)
2026-07-17,11:30:00,2026-07-17 11:00:00,1801.T,13465,3,40395,OK,Yahoo Finance JP full-market screener (delayed)
2026-07-17,11:30:00,2026-07-17 11:00:00,1812.T,5524,14,77336,OK,Yahoo Finance JP full-market screener (delayed)
2026-07-17,11:30:00,2026-07-17 11:00:00,5333.T,6058,5,30290,OK,Yahoo Finance JP full-market screener (delayed)
2026-07-17,11:30:00,2026-07-17 11:00:00,5803.T,4410,8,35280,OK,Yahoo Finance JP full-market screener (delayed)
2026-07-17,11:30:00,2026-07-17 11:00:00,6146.T,64320,1,64320,OK,Yahoo Finance JP full-market screener (delayed)
2026-07-17,11:30:00,2026-07-17 11:00:00,6383.T,6232,6,37392,OK,Yahoo Finance JP full-market screener (delayed)
2026-07-17,11:30:00,2026-07-17 11:00:00,6501.T,4710,15,70650,OK,Yahoo Finance JP full-market screener (delayed)
2026-07-17,11:30:00,2026-07-17 11:00:00,6503.T,5370,14,75180,OK,Yahoo Finance JP full-market screener (delayed)
2026-07-17,11:30:00,2026-07-17 11:00:00,6504.T,12115,6,72690,OK,Yahoo Finance JP full-market screener (delayed)
2026-07-17,11:30:00,2026-07-17 11:00:00,6762.T,2922.5,23,67217.5,OK,Yahoo Finance JP full-market screener (delayed)
2026-07-17,11:30:00,2026-07-17 11:00:00,6861.T,70710,2,141420,OK,Yahoo Finance JP full-market screener (delayed)
2026-07-17,11:30:00,2026-07-17 11:00:00,7012.T,2571,25,64275,OK,Yahoo Finance JP full-market screener (delayed)
2026-07-17,11:30:00,2026-07-17 11:00:00,7203.T,2870,23,66010,OK,Yahoo Finance JP full-market screener (delayed)
2026-07-17,11:30:00,2026-07-17 11:00:00,7269.T,2051.5,20,41030,OK,Yahoo Finance JP full-market screener (delayed)
2026-07-17,11:30:00,2026-07-17 11:00:00,7532.T,898.9,70,62923,OK,Yahoo Finance JP full-market screener (delayed)
2026-07-17,11:30:00,2026-07-17 11:00:00,7832.T,4198,16,67168,OK,Yahoo Finance JP full-market screener (delayed)
2026-07-17,11:30:00,2026-07-17 11:00:00,8035.T,64750,1,64750,OK,Yahoo Finance JP full-market screener (delayed)
2026-07-17,11:30:00,2026-07-17 11:00:00,8306.T,3500,18,63000,OK,Yahoo Finance JP full-market screener (delayed)
2026-07-17,11:30:00,2026-07-17 11:00:00,8316.T,6753,13,87789,OK,Yahoo Finance JP full-market screener (delayed)
2026-07-17,11:30:00,2026-07-17 11:00:00,8411.T,8033,10,80330,OK,Yahoo Finance JP full-market screener (delayed)
2026-07-17,11:30:00,2026-07-17 11:00:00,8591.T,6300,13,81900,OK,Yahoo Finance JP full-market screener (delayed)
2026-07-17,11:30:00,2026-07-17 11:00:00,8630.T,6619,12,79428,OK,Yahoo Finance JP full-market screener (delayed)
2026-07-17,11:30:00,2026-07-17 11:00:00,8750.T,1807.5,10,18075,OK,Yahoo Finance JP full-market screener (delayed)
2026-07-17,11:30:00,2026-07-17 11:00:00,8766.T,7563,12,90756,OK,Yahoo Finance JP full-market screener (delayed)
2026-07-17,11:30:00,2026-07-17 11:00:00,8795.T,4827,14,67578,OK,Yahoo Finance JP full-market screener (delayed)
2026-07-17,11:30:00,2026-07-17 11:00:00,9432.T,152,500,76000,OK,Yahoo Finance JP full-market screener (delayed)
2026-07-17,11:30:00,2026-07-17 11:00:00,9433.T,2881.5,23,66274.5,OK,Yahoo Finance JP full-market screener (delayed)
2026-07-17,11:30:00,2026-07-17 11:00:00,9697.T,3434,7,24038,OK,Yahoo Finance JP full-market screener (delayed)
2026-07-17,11:30:00,2026-07-17 11:00:00,9983.T,80200,2,160400,OK,Yahoo Finance JP full-market screener (delayed)
2026-07-17,14:07:01,2026-07-17 14:00:00,1801.T,13300,3,39900,OK,Yahoo Finance JP full-market screener (delayed)
2026-07-17,14:07:10,2026-07-17 14:00:00,1812.T,5445,14,76230,OK,Yahoo Finance JP full-market screener (delayed)
2026-07-17,14:07:05,2026-07-17 14:00:00,5333.T,5853,5,29265,OK,Yahoo Finance JP full-market screener (delayed)
2026-07-17,14:07:10,2026-07-17 14:00:00,5803.T,4361,8,34888,OK,Yahoo Finance JP full-market screener (delayed)
2026-07-17,14:07:05,2026-07-17 14:00:00,6146.T,63080,1,63080,OK,Yahoo Finance JP full-market screener (delayed)
2026-07-17,14:07:09,2026-07-17 14:00:00,6383.T,6083,6,36498,OK,Yahoo Finance JP full-market screener (delayed)
2026-07-17,14:07:08,2026-07-17 14:00:00,6501.T,4649,15,69735,OK,Yahoo Finance JP full-market screener (delayed)
2026-07-17,14:07:09,2026-07-17 14:00:00,6503.T,5253,14,73542,OK,Yahoo Finance JP full-market screener (delayed)
2026-07-17,14:06:52,2026-07-17 14:00:00,6504.T,11825,6,70950,OK,Yahoo Finance JP full-market screener (delayed)
2026-07-17,14:07:10,2026-07-17 14:00:00,6762.T,2878,23,66194,OK,Yahoo Finance JP full-market screener (delayed)
2026-07-17,14:06:49,2026-07-17 14:00:00,6861.T,69340,2,138680,OK,Yahoo Finance JP full-market screener (delayed)
2026-07-17,14:07:09,2026-07-17 14:00:00,7012.T,2553.5,25,63837.5,OK,Yahoo Finance JP full-market screener (delayed)
2026-07-17,14:07:10,2026-07-17 14:00:00,7203.T,2865.5,23,65906.5,OK,Yahoo Finance JP full-market screener (delayed)
2026-07-17,14:07:08,2026-07-17 14:00:00,7269.T,2025,20,40500,OK,Yahoo Finance JP full-market screener (delayed)
2026-07-17,14:07:00,2026-07-17 14:00:00,7532.T,894,70,62580,OK,Yahoo Finance JP full-market screener (delayed)
2026-07-17,14:07:07,2026-07-17 14:00:00,7832.T,4209,16,67344,OK,Yahoo Finance JP full-market screener (delayed)
2026-07-17,14:07:07,2026-07-17 14:00:00,8035.T,63770,1,63770,OK,Yahoo Finance JP full-market screener (delayed)
2026-07-17,14:07:10,2026-07-17 14:00:00,8306.T,3425,18,61650,OK,Yahoo Finance JP full-market screener (delayed)
2026-07-17,14:07:11,2026-07-17 14:00:00,8316.T,6629,13,86177,OK,Yahoo Finance JP full-market screener (delayed)
2026-07-17,14:07:10,2026-07-17 14:00:00,8411.T,7851,10,78510,OK,Yahoo Finance JP full-market screener (delayed)
2026-07-17,14:07:06,2026-07-17 14:00:00,8591.T,6158,13,80054,OK,Yahoo Finance JP full-market screener (delayed)
2026-07-17,14:07:11,2026-07-17 14:00:00,8630.T,6623,12,79476,OK,Yahoo Finance JP full-market screener (delayed)
2026-07-17,14:07:07,2026-07-17 14:00:00,8750.T,1783.5,10,17835,OK,Yahoo Finance JP full-market screener (delayed)
2026-07-17,14:07:03,2026-07-17 14:00:00,8766.T,7506,12,90072,OK,Yahoo Finance JP full-market screener (delayed)
2026-07-17,14:07:11,2026-07-17 14:00:00,8795.T,4749,14,66486,OK,Yahoo Finance JP full-market screener (delayed)
2026-07-17,14:07:00,2026-07-17 14:00:00,9432.T,151.7,500,75850,OK,Yahoo Finance JP full-market screener (delayed)
2026-07-17,14:07:06,2026-07-17 14:00:00,9433.T,2861,23,65803,OK,Yahoo Finance JP full-market screener (delayed)
2026-07-17,14:07:06,2026-07-17 14:00:00,9697.T,3415,7,23905,OK,Yahoo Finance JP full-market screener (delayed)
2026-07-17,14:07:06,2026-07-17 14:00:00,9983.T,78620,2,157240,OK,Yahoo Finance JP full-market screener (delayed)
2026-07-17,15:07:34,2026-07-17 15:00:00,1801.T,13315,3,39945,OK,Yahoo Finance JP full-market screener (delayed)
2026-07-17,15:07:26,2026-07-17 15:00:00,1812.T,5478,14,76692,OK,Yahoo Finance JP full-market screener (delayed)
2026-07-17,15:07:42,2026-07-17 15:00:00,5333.T,5945,5,29725,OK,Yahoo Finance JP full-market screener (delayed)
2026-07-17,15:07:44,2026-07-17 15:00:00,5803.T,4429,8,35432,OK,Yahoo Finance JP full-market screener (delayed)
2026-07-17,15:07:44,2026-07-17 15:00:00,6146.T,64430,1,64430,OK,Yahoo Finance JP full-market screener (delayed)
2026-07-17,15:07:37,2026-07-17 15:00:00,6383.T,6204,6,37224,OK,Yahoo Finance JP full-market screener (delayed)
2026-07-17,15:07:44,2026-07-17 15:00:00,6501.T,4685,15,70275,OK,Yahoo Finance JP full-market screener (delayed)
2026-07-17,15:07:44,2026-07-17 15:00:00,6503.T,5339,14,74746,OK,Yahoo Finance JP full-market screener (delayed)
2026-07-17,15:07:44,2026-07-17 15:00:00,6504.T,12010,6,72060,OK,Yahoo Finance JP full-market screener (delayed)
2026-07-17,15:07:44,2026-07-17 15:00:00,6762.T,2933.5,23,67470.5,OK,Yahoo Finance JP full-market screener (delayed)
2026-07-17,15:07:28,2026-07-17 15:00:00,6861.T,70420,2,140840,OK,Yahoo Finance JP full-market screener (delayed)
2026-07-17,15:07:44,2026-07-17 15:00:00,7012.T,2585,25,64625,OK,Yahoo Finance JP full-market screener (delayed)
2026-07-17,15:07:44,2026-07-17 15:00:00,7203.T,2891.5,23,66504.5,OK,Yahoo Finance JP full-market screener (delayed)
2026-07-17,15:07:44,2026-07-17 15:00:00,7269.T,2044,20,40880,OK,Yahoo Finance JP full-market screener (delayed)
2026-07-17,15:07:44,2026-07-17 15:00:00,7532.T,889.7,70,62279,OK,Yahoo Finance JP full-market screener (delayed)
2026-07-17,15:07:42,2026-07-17 15:00:00,7832.T,4206,16,67296,OK,Yahoo Finance JP full-market screener (delayed)
2026-07-17,15:07:44,2026-07-17 15:00:00,8035.T,64860,1,64860,OK,Yahoo Finance JP full-market screener (delayed)
2026-07-17,15:07:44,2026-07-17 15:00:00,8306.T,3452,18,62136,OK,Yahoo Finance JP full-market screener (delayed)
2026-07-17,15:07:44,2026-07-17 15:00:00,8316.T,6689,13,86957,OK,Yahoo Finance JP full-market screener (delayed)
2026-07-17,15:07:44,2026-07-17 15:00:00,8411.T,7931,10,79310,OK,Yahoo Finance JP full-market screener (delayed)
2026-07-17,15:07:44,2026-07-17 15:00:00,8591.T,6166,13,80158,OK,Yahoo Finance JP full-market screener (delayed)
2026-07-17,15:07:42,2026-07-17 15:00:00,8630.T,6654,12,79848,OK,Yahoo Finance JP full-market screener (delayed)
2026-07-17,15:07:41,2026-07-17 15:00:00,8750.T,1789.5,10,17895,OK,Yahoo Finance JP full-market screener (delayed)
2026-07-17,15:07:42,2026-07-17 15:00:00,8766.T,7486,12,89832,OK,Yahoo Finance JP full-market screener (delayed)
2026-07-17,15:07:24,2026-07-17 15:00:00,8795.T,4773,14,66822,OK,Yahoo Finance JP full-market screener (delayed)
2026-07-17,15:07:44,2026-07-17 15:00:00,9432.T,151.3,500,75650,OK,Yahoo Finance JP full-market screener (delayed)
2026-07-17,15:07:44,2026-07-17 15:00:00,9433.T,2850,23,65550,OK,Yahoo Finance JP full-market screener (delayed)
2026-07-17,15:07:42,2026-07-17 15:00:00,9697.T,3416,7,23912,OK,Yahoo Finance JP full-market screener (delayed)
2026-07-17,15:07:44,2026-07-17 15:00:00,9983.T,78760,2,157520,OK,Yahoo Finance JP full-market screener (delayed)
2026-07-17,15:30:00,2026-07-17 16:00:00,1801.T,13340,3,40020,OK,Yahoo Finance JP full-market screener (delayed)
2026-07-17,15:30:00,2026-07-17 16:00:00,1812.T,5524,14,77336,OK,Yahoo Finance JP full-market screener (delayed)
2026-07-17,15:30:00,2026-07-17 16:00:00,5333.T,6005,5,30025,OK,Yahoo Finance JP full-market screener (delayed)
2026-07-17,15:30:00,2026-07-17 16:00:00,5803.T,4472,8,35776,OK,Yahoo Finance JP full-market screener (delayed)
2026-07-17,15:30:00,2026-07-17 16:00:00,6146.T,64780,1,64780,OK,Yahoo Finance JP full-market screener (delayed)
2026-07-17,15:30:00,2026-07-17 16:00:00,6383.T,6225,6,37350,OK,Yahoo Finance JP full-market screener (delayed)
2026-07-17,15:30:00,2026-07-17 16:00:00,6501.T,4717,15,70755,OK,Yahoo Finance JP full-market screener (delayed)
2026-07-17,15:30:00,2026-07-17 16:00:00,6503.T,5370,14,75180,OK,Yahoo Finance JP full-market screener (delayed)
2026-07-17,15:30:00,2026-07-17 16:00:00,6504.T,12110,6,72660,OK,Yahoo Finance JP full-market screener (delayed)
2026-07-17,15:30:00,2026-07-17 16:00:00,6762.T,2968,23,68264,OK,Yahoo Finance JP full-market screener (delayed)
2026-07-17,15:30:00,2026-07-17 16:00:00,6861.T,70880,2,141760,OK,Yahoo Finance JP full-market screener (delayed)
2026-07-17,15:30:00,2026-07-17 16:00:00,7012.T,2604.5,25,65112.5,OK,Yahoo Finance JP full-market screener (delayed)
2026-07-17,15:30:00,2026-07-17 16:00:00,7203.T,2899.5,23,66688.5,OK,Yahoo Finance JP full-market screener (delayed)
2026-07-17,15:30:00,2026-07-17 16:00:00,7269.T,2050.5,20,41010,OK,Yahoo Finance JP full-market screener (delayed)
2026-07-17,15:30:00,2026-07-17 16:00:00,7532.T,889,70,62230,OK,Yahoo Finance JP full-market screener (delayed)
2026-07-17,15:30:00,2026-07-17 16:00:00,7832.T,4189,16,67024,OK,Yahoo Finance JP full-market screener (delayed)
2026-07-17,15:30:00,2026-07-17 16:00:00,8035.T,65100,1,65100,OK,Yahoo Finance JP full-market screener (delayed)
2026-07-17,15:30:00,2026-07-17 16:00:00,8306.T,3473,18,62514,OK,Yahoo Finance JP full-market screener (delayed)
2026-07-17,15:30:00,2026-07-17 16:00:00,8316.T,6721,13,87373,OK,Yahoo Finance JP full-market screener (delayed)
2026-07-17,15:30:00,2026-07-17 16:00:00,8411.T,7930,10,79300,OK,Yahoo Finance JP full-market screener (delayed)
2026-07-17,15:30:00,2026-07-17 16:00:00,8591.T,6203,13,80639,OK,Yahoo Finance JP full-market screener (delayed)
2026-07-17,15:30:00,2026-07-17 16:00:00,8630.T,6630,12,79560,OK,Yahoo Finance JP full-market screener (delayed)
2026-07-17,15:30:00,2026-07-17 16:00:00,8750.T,1799,10,17990,OK,Yahoo Finance JP full-market screener (delayed)
2026-07-17,15:30:00,2026-07-17 16:00:00,8766.T,7526,12,90312,OK,Yahoo Finance JP full-market screener (delayed)
2026-07-17,15:30:00,2026-07-17 16:00:00,8795.T,4793,14,67102,OK,Yahoo Finance JP full-market screener (delayed)
2026-07-17,15:30:00,2026-07-17 16:00:00,9432.T,151.1,500,75550,OK,Yahoo Finance JP full-market screener (delayed)
2026-07-17,15:30:00,2026-07-17 16:00:00,9433.T,2868,23,65964,OK,Yahoo Finance JP full-market screener (delayed)
2026-07-17,15:30:00,2026-07-17 16:00:00,9697.T,3412,7,23884,OK,Yahoo Finance JP full-market screener (delayed)
2026-07-17,15:30:00,2026-07-17 16:00:00,9983.T,78840,2,157680,OK,Yahoo Finance JP full-market screener (delayed)
2026-07-17,15:30:00,2026-07-20 08:00:00,1801.T,13340,3,40020,OK,Yahoo Finance JP full-market screener (delayed)
2026-07-17,15:30:00,2026-07-20 08:00:00,1812.T,5524,14,77336,OK,Yahoo Finance JP full-market screener (delayed)
2026-07-17,15:30:00,2026-07-20 08:00:00,5333.T,6005,5,30025,OK,Yahoo Finance JP full-market screener (delayed)
2026-07-17,15:30:00,2026-07-20 08:00:00,5803.T,4472,8,35776,OK,Yahoo Finance JP full-market screener (delayed)
2026-07-17,15:30:00,2026-07-20 08:00:00,6146.T,64780,1,64780,OK,Yahoo Finance JP full-market screener (delayed)
2026-07-17,15:30:00,2026-07-20 08:00:00,6383.T,6225,6,37350,OK,Yahoo Finance JP full-market screener (delayed)
2026-07-17,15:30:00,2026-07-20 08:00:00,6501.T,4717,15,70755,OK,Yahoo Finance JP full-market screener (delayed)
2026-07-17,15:30:00,2026-07-20 08:00:00,6503.T,5370,14,75180,OK,Yahoo Finance JP full-market screener (delayed)
2026-07-17,15:30:00,2026-07-20 08:00:00,6504.T,12110,6,72660,OK,Yahoo Finance JP full-market screener (delayed)
2026-07-17,15:30:00,2026-07-20 08:00:00,6762.T,2968,23,68264,OK,Yahoo Finance JP full-market screener (delayed)
2026-07-17,15:30:00,2026-07-20 08:00:00,6861.T,70880,2,141760,OK,Yahoo Finance JP full-market screener (delayed)
2026-07-17,15:30:00,2026-07-20 08:00:00,7012.T,2604.5,25,65112.5,OK,Yahoo Finance JP full-market screener (delayed)
2026-07-17,15:30:00,2026-07-20 08:00:00,7203.T,2899.5,23,66688.5,OK,Yahoo Finance JP full-market screener (delayed)
2026-07-17,15:30:00,2026-07-20 08:00:00,7269.T,2050.5,20,41010,OK,Yahoo Finance JP full-market screener (delayed)
2026-07-17,15:30:00,2026-07-20 08:00:00,7532.T,889,70,62230,OK,Yahoo Finance JP full-market screener (delayed)
2026-07-17,15:30:00,2026-07-20 08:00:00,7832.T,4189,16,67024,OK,Yahoo Finance JP full-market screener (delayed)
2026-07-17,15:30:00,2026-07-20 08:00:00,8035.T,65100,1,65100,OK,Yahoo Finance JP full-market screener (delayed)
2026-07-17,15:30:00,2026-07-20 08:00:00,8306.T,3473,18,62514,OK,Yahoo Finance JP full-market screener (delayed)
2026-07-17,15:30:00,2026-07-20 08:00:00,8316.T,6721,13,87373,OK,Yahoo Finance JP full-market screener (delayed)
2026-07-17,15:30:00,2026-07-20 08:00:00,8411.T,7930,10,79300,OK,Yahoo Finance JP full-market screener (delayed)
2026-07-17,15:30:00,2026-07-20 08:00:00,8591.T,6203,13,80639,OK,Yahoo Finance JP full-market screener (delayed)
2026-07-17,15:30:00,2026-07-20 08:00:00,8630.T,6630,12,79560,OK,Yahoo Finance JP full-market screener (delayed)
2026-07-17,15:30:00,2026-07-20 08:00:00,8750.T,1799,10,17990,OK,Yahoo Finance JP full-market screener (delayed)
2026-07-17,15:30:00,2026-07-20 08:00:00,8766.T,7526,12,90312,OK,Yahoo Finance JP full-market screener (delayed)
2026-07-17,15:30:00,2026-07-20 08:00:00,8795.T,4793,14,67102,OK,Yahoo Finance JP full-market screener (delayed)
2026-07-17,15:30:00,2026-07-20 08:00:00,9432.T,151.1,500,75550,OK,Yahoo Finance JP full-market screener (delayed)
2026-07-17,15:30:00,2026-07-20 08:00:00,9433.T,2868,23,65964,OK,Yahoo Finance JP full-market screener (delayed)
2026-07-17,15:30:00,2026-07-20 08:00:00,9697.T,3412,7,23884,OK,Yahoo Finance JP full-market screener (delayed)
2026-07-17,15:30:00,2026-07-20 08:00:00,9983.T,78840,2,157680,OK,Yahoo Finance JP full-market screener (delayed)
2026-07-17,15:30:00,2026-07-20 09:00:00,1801.T,13340,3,40020,OK,Yahoo Finance JP full-market screener (delayed)
2026-07-17,15:30:00,2026-07-20 09:00:00,1812.T,5524,14,77336,OK,Yahoo Finance JP full-market screener (delayed)
2026-07-17,15:30:00,2026-07-20 09:00:00,5333.T,6005,5,30025,OK,Yahoo Finance JP full-market screener (delayed)
2026-07-17,15:30:00,2026-07-20 09:00:00,5803.T,4472,8,35776,OK,Yahoo Finance JP full-market screener (delayed)
2026-07-17,15:30:00,2026-07-20 09:00:00,6146.T,64780,1,64780,OK,Yahoo Finance JP full-market screener (delayed)
2026-07-17,15:30:00,2026-07-20 09:00:00,6383.T,6225,6,37350,OK,Yahoo Finance JP full-market screener (delayed)
2026-07-17,15:30:00,2026-07-20 09:00:00,6501.T,4717,15,70755,OK,Yahoo Finance JP full-market screener (delayed)
2026-07-17,15:30:00,2026-07-20 09:00:00,6503.T,5370,14,75180,OK,Yahoo Finance JP full-market screener (delayed)
2026-07-17,15:30:00,2026-07-20 09:00:00,6504.T,12110,6,72660,OK,Yahoo Finance JP full-market screener (delayed)
2026-07-17,15:30:00,2026-07-20 09:00:00,6762.T,2968,23,68264,OK,Yahoo Finance JP full-market screener (delayed)
2026-07-17,15:30:00,2026-07-20 09:00:00,6861.T,70880,2,141760,OK,Yahoo Finance JP full-market screener (delayed)
2026-07-17,15:30:00,2026-07-20 09:00:00,7012.T,2604.5,25,65112.5,OK,Yahoo Finance JP full-market screener (delayed)
2026-07-17,15:30:00,2026-07-20 09:00:00,7203.T,2899.5,23,66688.5,OK,Yahoo Finance JP full-market screener (delayed)
2026-07-17,15:30:00,2026-07-20 09:00:00,7269.T,2050.5,20,41010,OK,Yahoo Finance JP full-market screener (delayed)
2026-07-17,15:30:00,2026-07-20 09:00:00,7532.T,889,70,62230,OK,Yahoo Finance JP full-market screener (delayed)
2026-07-17,15:30:00,2026-07-20 09:00:00,7832.T,4189,16,67024,OK,Yahoo Finance JP full-market screener (delayed)
2026-07-17,15:30:00,2026-07-20 09:00:00,8035.T,65100,1,65100,OK,Yahoo Finance JP full-market screener (delayed)
2026-07-17,15:30:00,2026-07-20 09:00:00,8306.T,3473,18,62514,OK,Yahoo Finance JP full-market screener (delayed)
2026-07-17,15:30:00,2026-07-20 09:00:00,8316.T,6721,13,87373,OK,Yahoo Finance JP full-market screener (delayed)
2026-07-17,15:30:00,2026-07-20 09:00:00,8411.T,7930,10,79300,OK,Yahoo Finance JP full-market screener (delayed)
2026-07-17,15:30:00,2026-07-20 09:00:00,8591.T,6203,13,80639,OK,Yahoo Finance JP full-market screener (delayed)
2026-07-17,15:30:00,2026-07-20 09:00:00,8630.T,6630,12,79560,OK,Yahoo Finance JP full-market screener (delayed)
2026-07-17,15:30:00,2026-07-20 09:00:00,8750.T,1799,10,17990,OK,Yahoo Finance JP full-market screener (delayed)
2026-07-17,15:30:00,2026-07-20 09:00:00,8766.T,7526,12,90312,OK,Yahoo Finance JP full-market screener (delayed)
2026-07-17,15:30:00,2026-07-20 09:00:00,8795.T,4793,14,67102,OK,Yahoo Finance JP full-market screener (delayed)
2026-07-17,15:30:00,2026-07-20 09:00:00,9432.T,151.1,500,75550,OK,Yahoo Finance JP full-market screener (delayed)
2026-07-17,15:30:00,2026-07-20 09:00:00,9433.T,2868,23,65964,OK,Yahoo Finance JP full-market screener (delayed)
2026-07-17,15:30:00,2026-07-20 09:00:00,9697.T,3412,7,23884,OK,Yahoo Finance JP full-market screener (delayed)
2026-07-17,15:30:00,2026-07-20 09:00:00,9983.T,78840,2,157680,OK,Yahoo Finance JP full-market screener (delayed)
2026-07-17,15:30:00,2026-07-20 10:00:00,1801.T,13340,3,40020,OK,Yahoo Finance JP full-market screener (delayed)
2026-07-17,15:30:00,2026-07-20 10:00:00,1812.T,5524,14,77336,OK,Yahoo Finance JP full-market screener (delayed)
2026-07-17,15:30:00,2026-07-20 10:00:00,5333.T,6005,5,30025,OK,Yahoo Finance JP full-market screener (delayed)
2026-07-17,15:30:00,2026-07-20 10:00:00,5803.T,4472,8,35776,OK,Yahoo Finance JP full-market screener (delayed)
2026-07-17,15:30:00,2026-07-20 10:00:00,6146.T,64780,1,64780,OK,Yahoo Finance JP full-market screener (delayed)
2026-07-17,15:30:00,2026-07-20 10:00:00,6383.T,6225,6,37350,OK,Yahoo Finance JP full-market screener (delayed)
2026-07-17,15:30:00,2026-07-20 10:00:00,6501.T,4717,15,70755,OK,Yahoo Finance JP full-market screener (delayed)
2026-07-17,15:30:00,2026-07-20 10:00:00,6503.T,5370,14,75180,OK,Yahoo Finance JP full-market screener (delayed)
2026-07-17,15:30:00,2026-07-20 10:00:00,6504.T,12110,6,72660,OK,Yahoo Finance JP full-market screener (delayed)
2026-07-17,15:30:00,2026-07-20 10:00:00,6762.T,2968,23,68264,OK,Yahoo Finance JP full-market screener (delayed)
2026-07-17,15:30:00,2026-07-20 10:00:00,6861.T,70880,2,141760,OK,Yahoo Finance JP full-market screener (delayed)
2026-07-17,15:30:00,2026-07-20 10:00:00,7012.T,2604.5,25,65112.5,OK,Yahoo Finance JP full-market screener (delayed)
2026-07-17,15:30:00,2026-07-20 10:00:00,7203.T,2899.5,23,66688.5,OK,Yahoo Finance JP full-market screener (delayed)
2026-07-17,15:30:00,2026-07-20 10:00:00,7269.T,2050.5,20,41010,OK,Yahoo Finance JP full-market screener (delayed)
2026-07-17,15:30:00,2026-07-20 10:00:00,7532.T,889,70,62230,OK,Yahoo Finance JP full-market screener (delayed)
2026-07-17,15:30:00,2026-07-20 10:00:00,7832.T,4189,16,67024,OK,Yahoo Finance JP full-market screener (delayed)
2026-07-17,15:30:00,2026-07-20 10:00:00,8035.T,65100,1,65100,OK,Yahoo Finance JP full-market screener (delayed)
2026-07-17,15:30:00,2026-07-20 10:00:00,8306.T,3473,18,62514,OK,Yahoo Finance JP full-market screener (delayed)
2026-07-17,15:30:00,2026-07-20 10:00:00,8316.T,6721,13,87373,OK,Yahoo Finance JP full-market screener (delayed)
2026-07-17,15:30:00,2026-07-20 10:00:00,8411.T,7930,10,79300,OK,Yahoo Finance JP full-market screener (delayed)
2026-07-17,15:30:00,2026-07-20 10:00:00,8591.T,6203,13,80639,OK,Yahoo Finance JP full-market screener (delayed)
2026-07-17,15:30:00,2026-07-20 10:00:00,8630.T,6630,12,79560,OK,Yahoo Finance JP full-market screener (delayed)
2026-07-17,15:30:00,2026-07-20 10:00:00,8750.T,1799,10,17990,OK,Yahoo Finance JP full-market screener (delayed)
2026-07-17,15:30:00,2026-07-20 10:00:00,8766.T,7526,12,90312,OK,Yahoo Finance JP full-market screener (delayed)
2026-07-17,15:30:00,2026-07-20 10:00:00,8795.T,4793,14,67102,OK,Yahoo Finance JP full-market screener (delayed)
2026-07-17,15:30:00,2026-07-20 10:00:00,9432.T,151.1,500,75550,OK,Yahoo Finance JP full-market screener (delayed)
2026-07-17,15:30:00,2026-07-20 10:00:00,9433.T,2868,23,65964,OK,Yahoo Finance JP full-market screener (delayed)
2026-07-17,15:30:00,2026-07-20 10:00:00,9697.T,3412,7,23884,OK,Yahoo Finance JP full-market screener (delayed)
2026-07-17,15:30:00,2026-07-20 10:00:00,9983.T,78840,2,157680,OK,Yahoo Finance JP full-market screener (delayed)
2026-07-17,15:30:00,2026-07-20 11:00:00,1801.T,13340,3,40020,OK,Yahoo Finance JP full-market screener (delayed)
2026-07-17,15:30:00,2026-07-20 11:00:00,1812.T,5524,14,77336,OK,Yahoo Finance JP full-market screener (delayed)
2026-07-17,15:30:00,2026-07-20 11:00:00,5333.T,6005,5,30025,OK,Yahoo Finance JP full-market screener (delayed)
2026-07-17,15:30:00,2026-07-20 11:00:00,5803.T,4472,8,35776,OK,Yahoo Finance JP full-market screener (delayed)
2026-07-17,15:30:00,2026-07-20 11:00:00,6146.T,64780,1,64780,OK,Yahoo Finance JP full-market screener (delayed)
2026-07-17,15:30:00,2026-07-20 11:00:00,6383.T,6225,6,37350,OK,Yahoo Finance JP full-market screener (delayed)
2026-07-17,15:30:00,2026-07-20 11:00:00,6501.T,4717,15,70755,OK,Yahoo Finance JP full-market screener (delayed)
2026-07-17,15:30:00,2026-07-20 11:00:00,6503.T,5370,14,75180,OK,Yahoo Finance JP full-market screener (delayed)
2026-07-17,15:30:00,2026-07-20 11:00:00,6504.T,12110,6,72660,OK,Yahoo Finance JP full-market screener (delayed)
2026-07-17,15:30:00,2026-07-20 11:00:00,6762.T,2968,23,68264,OK,Yahoo Finance JP full-market screener (delayed)
2026-07-17,15:30:00,2026-07-20 11:00:00,6861.T,70880,2,141760,OK,Yahoo Finance JP full-market screener (delayed)
2026-07-17,15:30:00,2026-07-20 11:00:00,7012.T,2604.5,25,65112.5,OK,Yahoo Finance JP full-market screener (delayed)
2026-07-17,15:30:00,2026-07-20 11:00:00,7203.T,2899.5,23,66688.5,OK,Yahoo Finance JP full-market screener (delayed)
2026-07-17,15:30:00,2026-07-20 11:00:00,7269.T,2050.5,20,41010,OK,Yahoo Finance JP full-market screener (delayed)
2026-07-17,15:30:00,2026-07-20 11:00:00,7532.T,889,70,62230,OK,Yahoo Finance JP full-market screener (delayed)
2026-07-17,15:30:00,2026-07-20 11:00:00,7832.T,4189,16,67024,OK,Yahoo Finance JP full-market screener (delayed)
2026-07-17,15:30:00,2026-07-20 11:00:00,8035.T,65100,1,65100,OK,Yahoo Finance JP full-market screener (delayed)
2026-07-17,15:30:00,2026-07-20 11:00:00,8306.T,3473,18,62514,OK,Yahoo Finance JP full-market screener (delayed)
2026-07-17,15:30:00,2026-07-20 11:00:00,8316.T,6721,13,87373,OK,Yahoo Finance JP full-market screener (delayed)
2026-07-17,15:30:00,2026-07-20 11:00:00,8411.T,7930,10,79300,OK,Yahoo Finance JP full-market screener (delayed)
2026-07-17,15:30:00,2026-07-20 11:00:00,8591.T,6203,13,80639,OK,Yahoo Finance JP full-market screener (delayed)
2026-07-17,15:30:00,2026-07-20 11:00:00,8630.T,6630,12,79560,OK,Yahoo Finance JP full-market screener (delayed)
2026-07-17,15:30:00,2026-07-20 11:00:00,8750.T,1799,10,17990,OK,Yahoo Finance JP full-market screener (delayed)
2026-07-17,15:30:00,2026-07-20 11:00:00,8766.T,7526,12,90312,OK,Yahoo Finance JP full-market screener (delayed)
2026-07-17,15:30:00,2026-07-20 11:00:00,8795.T,4793,14,67102,OK,Yahoo Finance JP full-market screener (delayed)
2026-07-17,15:30:00,2026-07-20 11:00:00,9432.T,151.1,500,75550,OK,Yahoo Finance JP full-market screener (delayed)
2026-07-17,15:30:00,2026-07-20 11:00:00,9433.T,2868,23,65964,OK,Yahoo Finance JP full-market screener (delayed)
2026-07-17,15:30:00,2026-07-20 11:00:00,9697.T,3412,7,23884,OK,Yahoo Finance JP full-market screener (delayed)
2026-07-17,15:30:00,2026-07-20 11:00:00,9983.T,78840,2,157680,OK,Yahoo Finance JP full-market screener (delayed)
2026-07-17,15:30:00,2026-07-20 12:00:00,1801.T,13340,3,40020,OK,Yahoo Finance JP full-market screener (delayed)
2026-07-17,15:30:00,2026-07-20 12:00:00,1812.T,5524,14,77336,OK,Yahoo Finance JP full-market screener (delayed)
2026-07-17,15:30:00,2026-07-20 12:00:00,5333.T,6005,5,30025,OK,Yahoo Finance JP full-market screener (delayed)
2026-07-17,15:30:00,2026-07-20 12:00:00,5803.T,4472,8,35776,OK,Yahoo Finance JP full-market screener (delayed)
2026-07-17,15:30:00,2026-07-20 12:00:00,6146.T,64780,1,64780,OK,Yahoo Finance JP full-market screener (delayed)
2026-07-17,15:30:00,2026-07-20 12:00:00,6383.T,6225,6,37350,OK,Yahoo Finance JP full-market screener (delayed)
2026-07-17,15:30:00,2026-07-20 12:00:00,6501.T,4717,15,70755,OK,Yahoo Finance JP full-market screener (delayed)
2026-07-17,15:30:00,2026-07-20 12:00:00,6503.T,5370,14,75180,OK,Yahoo Finance JP full-market screener (delayed)
2026-07-17,15:30:00,2026-07-20 12:00:00,6504.T,12110,6,72660,OK,Yahoo Finance JP full-market screener (delayed)
2026-07-17,15:30:00,2026-07-20 12:00:00,6762.T,2968,23,68264,OK,Yahoo Finance JP full-market screener (delayed)
2026-07-17,15:30:00,2026-07-20 12:00:00,6861.T,70880,2,141760,OK,Yahoo Finance JP full-market screener (delayed)
2026-07-17,15:30:00,2026-07-20 12:00:00,7012.T,2604.5,25,65112.5,OK,Yahoo Finance JP full-market screener (delayed)
2026-07-17,15:30:00,2026-07-20 12:00:00,7203.T,2899.5,23,66688.5,OK,Yahoo Finance JP full-market screener (delayed)
2026-07-17,15:30:00,2026-07-20 12:00:00,7269.T,2050.5,20,41010,OK,Yahoo Finance JP full-market screener (delayed)
2026-07-17,15:30:00,2026-07-20 12:00:00,7532.T,889,70,62230,OK,Yahoo Finance JP full-market screener (delayed)
2026-07-17,15:30:00,2026-07-20 12:00:00,7832.T,4189,16,67024,OK,Yahoo Finance JP full-market screener (delayed)
2026-07-17,15:30:00,2026-07-20 12:00:00,8035.T,65100,1,65100,OK,Yahoo Finance JP full-market screener (delayed)
2026-07-17,15:30:00,2026-07-20 12:00:00,8306.T,3473,18,62514,OK,Yahoo Finance JP full-market screener (delayed)
2026-07-17,15:30:00,2026-07-20 12:00:00,8316.T,6721,13,87373,OK,Yahoo Finance JP full-market screener (delayed)
2026-07-17,15:30:00,2026-07-20 12:00:00,8411.T,7930,10,79300,OK,Yahoo Finance JP full-market screener (delayed)
2026-07-17,15:30:00,2026-07-20 12:00:00,8591.T,6203,13,80639,OK,Yahoo Finance JP full-market screener (delayed)
2026-07-17,15:30:00,2026-07-20 12:00:00,8630.T,6630,12,79560,OK,Yahoo Finance JP full-market screener (delayed)
2026-07-17,15:30:00,2026-07-20 12:00:00,8750.T,1799,10,17990,OK,Yahoo Finance JP full-market screener (delayed)
2026-07-17,15:30:00,2026-07-20 12:00:00,8766.T,7526,12,90312,OK,Yahoo Finance JP full-market screener (delayed)
2026-07-17,15:30:00,2026-07-20 12:00:00,8795.T,4793,14,67102,OK,Yahoo Finance JP full-market screener (delayed)
2026-07-17,15:30:00,2026-07-20 12:00:00,9432.T,151.1,500,75550,OK,Yahoo Finance JP full-market screener (delayed)
2026-07-17,15:30:00,2026-07-20 12:00:00,9433.T,2868,23,65964,OK,Yahoo Finance JP full-market screener (delayed)
2026-07-17,15:30:00,2026-07-20 12:00:00,9697.T,3412,7,23884,OK,Yahoo Finance JP full-market screener (delayed)
2026-07-17,15:30:00,2026-07-20 12:00:00,9983.T,78840,2,157680,OK,Yahoo Finance JP full-market screener (delayed)
2026-07-17,15:30:00,2026-07-20 13:00:00,1801.T,13340,3,40020,OK,Yahoo Finance JP full-market screener (delayed)
2026-07-17,15:30:00,2026-07-20 13:00:00,1812.T,5524,14,77336,OK,Yahoo Finance JP full-market screener (delayed)
2026-07-17,15:30:00,2026-07-20 13:00:00,5333.T,6005,5,30025,OK,Yahoo Finance JP full-market screener (delayed)
2026-07-17,15:30:00,2026-07-20 13:00:00,5803.T,4472,8,35776,OK,Yahoo Finance JP full-market screener (delayed)
2026-07-17,15:30:00,2026-07-20 13:00:00,6146.T,64780,1,64780,OK,Yahoo Finance JP full-market screener (delayed)
2026-07-17,15:30:00,2026-07-20 13:00:00,6383.T,6225,6,37350,OK,Yahoo Finance JP full-market screener (delayed)
2026-07-17,15:30:00,2026-07-20 13:00:00,6501.T,4717,15,70755,OK,Yahoo Finance JP full-market screener (delayed)
2026-07-17,15:30:00,2026-07-20 13:00:00,6503.T,5370,14,75180,OK,Yahoo Finance JP full-market screener (delayed)
2026-07-17,15:30:00,2026-07-20 13:00:00,6504.T,12110,6,72660,OK,Yahoo Finance JP full-market screener (delayed)
2026-07-17,15:30:00,2026-07-20 13:00:00,6762.T,2968,23,68264,OK,Yahoo Finance JP full-market screener (delayed)
2026-07-17,15:30:00,2026-07-20 13:00:00,6861.T,70880,2,141760,OK,Yahoo Finance JP full-market screener (delayed)
2026-07-17,15:30:00,2026-07-20 13:00:00,7012.T,2604.5,25,65112.5,OK,Yahoo Finance JP full-market screener (delayed)
2026-07-17,15:30:00,2026-07-20 13:00:00,7203.T,2899.5,23,66688.5,OK,Yahoo Finance JP full-market screener (delayed)
2026-07-17,15:30:00,2026-07-20 13:00:00,7269.T,2050.5,20,41010,OK,Yahoo Finance JP full-market screener (delayed)
2026-07-17,15:30:00,2026-07-20 13:00:00,7532.T,889,70,62230,OK,Yahoo Finance JP full-market screener (delayed)
2026-07-17,15:30:00,2026-07-20 13:00:00,7832.T,4189,16,67024,OK,Yahoo Finance JP full-market screener (delayed)
2026-07-17,15:30:00,2026-07-20 13:00:00,8035.T,65100,1,65100,OK,Yahoo Finance JP full-market screener (delayed)
2026-07-17,15:30:00,2026-07-20 13:00:00,8306.T,3473,18,62514,OK,Yahoo Finance JP full-market screener (delayed)
2026-07-17,15:30:00,2026-07-20 13:00:00,8316.T,6721,13,87373,OK,Yahoo Finance JP full-market screener (delayed)
2026-07-17,15:30:00,2026-07-20 13:00:00,8411.T,7930,10,79300,OK,Yahoo Finance JP full-market screener (delayed)
2026-07-17,15:30:00,2026-07-20 13:00:00,8591.T,6203,13,80639,OK,Yahoo Finance JP full-market screener (delayed)
2026-07-17,15:30:00,2026-07-20 13:00:00,8630.T,6630,12,79560,OK,Yahoo Finance JP full-market screener (delayed)
2026-07-17,15:30:00,2026-07-20 13:00:00,8750.T,1799,10,17990,OK,Yahoo Finance JP full-market screener (delayed)
2026-07-17,15:30:00,2026-07-20 13:00:00,8766.T,7526,12,90312,OK,Yahoo Finance JP full-market screener (delayed)
2026-07-17,15:30:00,2026-07-20 13:00:00,8795.T,4793,14,67102,OK,Yahoo Finance JP full-market screener (delayed)
2026-07-17,15:30:00,2026-07-20 13:00:00,9432.T,151.1,500,75550,OK,Yahoo Finance JP full-market screener (delayed)
2026-07-17,15:30:00,2026-07-20 13:00:00,9433.T,2868,23,65964,OK,Yahoo Finance JP full-market screener (delayed)
2026-07-17,15:30:00,2026-07-20 13:00:00,9697.T,3412,7,23884,OK,Yahoo Finance JP full-market screener (delayed)
2026-07-17,15:30:00,2026-07-20 13:00:00,9983.T,78840,2,157680,OK,Yahoo Finance JP full-market screener (delayed)
2026-07-17,15:30:00,2026-07-20 14:00:00,1801.T,13340,3,40020,OK,Yahoo Finance JP full-market screener (delayed)
2026-07-17,15:30:00,2026-07-20 14:00:00,1812.T,5524,14,77336,OK,Yahoo Finance JP full-market screener (delayed)
2026-07-17,15:30:00,2026-07-20 14:00:00,5333.T,6005,5,30025,OK,Yahoo Finance JP full-market screener (delayed)
2026-07-17,15:30:00,2026-07-20 14:00:00,5803.T,4472,8,35776,OK,Yahoo Finance JP full-market screener (delayed)
2026-07-17,15:30:00,2026-07-20 14:00:00,6146.T,64780,1,64780,OK,Yahoo Finance JP full-market screener (delayed)
2026-07-17,15:30:00,2026-07-20 14:00:00,6383.T,6225,6,37350,OK,Yahoo Finance JP full-market screener (delayed)
2026-07-17,15:30:00,2026-07-20 14:00:00,6501.T,4717,15,70755,OK,Yahoo Finance JP full-market screener (delayed)
2026-07-17,15:30:00,2026-07-20 14:00:00,6503.T,5370,14,75180,OK,Yahoo Finance JP full-market screener (delayed)
2026-07-17,15:30:00,2026-07-20 14:00:00,6504.T,12110,6,72660,OK,Yahoo Finance JP full-market screener (delayed)
2026-07-17,15:30:00,2026-07-20 14:00:00,6762.T,2968,23,68264,OK,Yahoo Finance JP full-market screener (delayed)
2026-07-17,15:30:00,2026-07-20 14:00:00,6861.T,70880,2,141760,OK,Yahoo Finance JP full-market screener (delayed)
2026-07-17,15:30:00,2026-07-20 14:00:00,7012.T,2604.5,25,65112.5,OK,Yahoo Finance JP full-market screener (delayed)
2026-07-17,15:30:00,2026-07-20 14:00:00,7203.T,2899.5,23,66688.5,OK,Yahoo Finance JP full-market screener (delayed)
2026-07-17,15:30:00,2026-07-20 14:00:00,7269.T,2050.5,20,41010,OK,Yahoo Finance JP full-market screener (delayed)
2026-07-17,15:30:00,2026-07-20 14:00:00,7532.T,889,70,62230,OK,Yahoo Finance JP full-market screener (delayed)
2026-07-17,15:30:00,2026-07-20 14:00:00,7832.T,4189,16,67024,OK,Yahoo Finance JP full-market screener (delayed)
2026-07-17,15:30:00,2026-07-20 14:00:00,8035.T,65100,1,65100,OK,Yahoo Finance JP full-market screener (delayed)
2026-07-17,15:30:00,2026-07-20 14:00:00,8306.T,3473,18,62514,OK,Yahoo Finance JP full-market screener (delayed)
2026-07-17,15:30:00,2026-07-20 14:00:00,8316.T,6721,13,87373,OK,Yahoo Finance JP full-market screener (delayed)
2026-07-17,15:30:00,2026-07-20 14:00:00,8411.T,7930,10,79300,OK,Yahoo Finance JP full-market screener (delayed)
2026-07-17,15:30:00,2026-07-20 14:00:00,8591.T,6203,13,80639,OK,Yahoo Finance JP full-market screener (delayed)
2026-07-17,15:30:00,2026-07-20 14:00:00,8630.T,6630,12,79560,OK,Yahoo Finance JP full-market screener (delayed)
2026-07-17,15:30:00,2026-07-20 14:00:00,8750.T,1799,10,17990,OK,Yahoo Finance JP full-market screener (delayed)
2026-07-17,15:30:00,2026-07-20 14:00:00,8766.T,7526,12,90312,OK,Yahoo Finance JP full-market screener (delayed)
2026-07-17,15:30:00,2026-07-20 14:00:00,8795.T,4793,14,67102,OK,Yahoo Finance JP full-market screener (delayed)
2026-07-17,15:30:00,2026-07-20 14:00:00,9432.T,151.1,500,75550,OK,Yahoo Finance JP full-market screener (delayed)
2026-07-17,15:30:00,2026-07-20 14:00:00,9433.T,2868,23,65964,OK,Yahoo Finance JP full-market screener (delayed)
2026-07-17,15:30:00,2026-07-20 14:00:00,9697.T,3412,7,23884,OK,Yahoo Finance JP full-market screener (delayed)
2026-07-17,15:30:00,2026-07-20 14:00:00,9983.T,78840,2,157680,OK,Yahoo Finance JP full-market screener (delayed)
2026-07-17,15:30:00,2026-07-20 15:00:00,1801.T,13340,3,40020,OK,Yahoo Finance JP full-market screener (delayed)
2026-07-17,15:30:00,2026-07-20 15:00:00,1812.T,5524,14,77336,OK,Yahoo Finance JP full-market screener (delayed)
2026-07-17,15:30:00,2026-07-20 15:00:00,5333.T,6005,5,30025,OK,Yahoo Finance JP full-market screener (delayed)
2026-07-17,15:30:00,2026-07-20 15:00:00,5803.T,4472,8,35776,OK,Yahoo Finance JP full-market screener (delayed)
2026-07-17,15:30:00,2026-07-20 15:00:00,6146.T,64780,1,64780,OK,Yahoo Finance JP full-market screener (delayed)
2026-07-17,15:30:00,2026-07-20 15:00:00,6383.T,6225,6,37350,OK,Yahoo Finance JP full-market screener (delayed)
2026-07-17,15:30:00,2026-07-20 15:00:00,6501.T,4717,15,70755,OK,Yahoo Finance JP full-market screener (delayed)
2026-07-17,15:30:00,2026-07-20 15:00:00,6503.T,5370,14,75180,OK,Yahoo Finance JP full-market screener (delayed)
2026-07-17,15:30:00,2026-07-20 15:00:00,6504.T,12110,6,72660,OK,Yahoo Finance JP full-market screener (delayed)
2026-07-17,15:30:00,2026-07-20 15:00:00,6762.T,2968,23,68264,OK,Yahoo Finance JP full-market screener (delayed)
2026-07-17,15:30:00,2026-07-20 15:00:00,6861.T,70880,2,141760,OK,Yahoo Finance JP full-market screener (delayed)
2026-07-17,15:30:00,2026-07-20 15:00:00,7012.T,2604.5,25,65112.5,OK,Yahoo Finance JP full-market screener (delayed)
2026-07-17,15:30:00,2026-07-20 15:00:00,7203.T,2899.5,23,66688.5,OK,Yahoo Finance JP full-market screener (delayed)
2026-07-17,15:30:00,2026-07-20 15:00:00,7269.T,2050.5,20,41010,OK,Yahoo Finance JP full-market screener (delayed)
2026-07-17,15:30:00,2026-07-20 15:00:00,7532.T,889,70,62230,OK,Yahoo Finance JP full-market screener (delayed)
2026-07-17,15:30:00,2026-07-20 15:00:00,7832.T,4189,16,67024,OK,Yahoo Finance JP full-market screener (delayed)
2026-07-17,15:30:00,2026-07-20 15:00:00,8035.T,65100,1,65100,OK,Yahoo Finance JP full-market screener (delayed)
2026-07-17,15:30:00,2026-07-20 15:00:00,8306.T,3473,18,62514,OK,Yahoo Finance JP full-market screener (delayed)
2026-07-17,15:30:00,2026-07-20 15:00:00,8316.T,6721,13,87373,OK,Yahoo Finance JP full-market screener (delayed)
2026-07-17,15:30:00,2026-07-20 15:00:00,8411.T,7930,10,79300,OK,Yahoo Finance JP full-market screener (delayed)
2026-07-17,15:30:00,2026-07-20 15:00:00,8591.T,6203,13,80639,OK,Yahoo Finance JP full-market screener (delayed)
2026-07-17,15:30:00,2026-07-20 15:00:00,8630.T,6630,12,79560,OK,Yahoo Finance JP full-market screener (delayed)
2026-07-17,15:30:00,2026-07-20 15:00:00,8750.T,1799,10,17990,OK,Yahoo Finance JP full-market screener (delayed)
2026-07-17,15:30:00,2026-07-20 15:00:00,8766.T,7526,12,90312,OK,Yahoo Finance JP full-market screener (delayed)
2026-07-17,15:30:00,2026-07-20 15:00:00,8795.T,4793,14,67102,OK,Yahoo Finance JP full-market screener (delayed)
2026-07-17,15:30:00,2026-07-20 15:00:00,9432.T,151.1,500,75550,OK,Yahoo Finance JP full-market screener (delayed)
2026-07-17,15:30:00,2026-07-20 15:00:00,9433.T,2868,23,65964,OK,Yahoo Finance JP full-market screener (delayed)
2026-07-17,15:30:00,2026-07-20 15:00:00,9697.T,3412,7,23884,OK,Yahoo Finance JP full-market screener (delayed)
2026-07-17,15:30:00,2026-07-20 15:00:00,9983.T,78840,2,157680,OK,Yahoo Finance JP full-market screener (delayed)
2026-07-17,15:30:00,2026-07-21 08:00:00,1801.T,13340,3,40020,OK,Yahoo Finance JP full-market screener (delayed)
2026-07-17,15:30:00,2026-07-21 08:00:00,1812.T,5524,14,77336,OK,Yahoo Finance JP full-market screener (delayed)
2026-07-17,15:30:00,2026-07-21 08:00:00,5333.T,6005,5,30025,OK,Yahoo Finance JP full-market screener (delayed)
2026-07-17,15:30:00,2026-07-21 08:00:00,5803.T,4472,8,35776,OK,Yahoo Finance JP full-market screener (delayed)
2026-07-17,15:30:00,2026-07-21 08:00:00,6146.T,64780,1,64780,OK,Yahoo Finance JP full-market screener (delayed)
2026-07-17,15:30:00,2026-07-21 08:00:00,6383.T,6225,6,37350,OK,Yahoo Finance JP full-market screener (delayed)
2026-07-17,15:30:00,2026-07-21 08:00:00,6501.T,4717,15,70755,OK,Yahoo Finance JP full-market screener (delayed)
2026-07-17,15:30:00,2026-07-21 08:00:00,6503.T,5370,14,75180,OK,Yahoo Finance JP full-market screener (delayed)
2026-07-17,15:30:00,2026-07-21 08:00:00,6504.T,12110,6,72660,OK,Yahoo Finance JP full-market screener (delayed)
2026-07-17,15:30:00,2026-07-21 08:00:00,6762.T,2968,23,68264,OK,Yahoo Finance JP full-market screener (delayed)
2026-07-17,15:30:00,2026-07-21 08:00:00,6861.T,70880,2,141760,OK,Yahoo Finance JP full-market screener (delayed)
2026-07-17,15:30:00,2026-07-21 08:00:00,7012.T,2604.5,25,65112.5,OK,Yahoo Finance JP full-market screener (delayed)
2026-07-17,15:30:00,2026-07-21 08:00:00,7203.T,2899.5,23,66688.5,OK,Yahoo Finance JP full-market screener (delayed)
2026-07-17,15:30:00,2026-07-21 08:00:00,7269.T,2050.5,20,41010,OK,Yahoo Finance JP full-market screener (delayed)
2026-07-17,15:30:00,2026-07-21 08:00:00,7532.T,889,70,62230,OK,Yahoo Finance JP full-market screener (delayed)
2026-07-17,15:30:00,2026-07-21 08:00:00,7832.T,4189,16,67024,OK,Yahoo Finance JP full-market screener (delayed)
2026-07-17,15:30:00,2026-07-21 08:00:00,8035.T,65100,1,65100,OK,Yahoo Finance JP full-market screener (delayed)
2026-07-17,15:30:00,2026-07-21 08:00:00,8306.T,3473,18,62514,OK,Yahoo Finance JP full-market screener (delayed)
2026-07-17,15:30:00,2026-07-21 08:00:00,8316.T,6721,13,87373,OK,Yahoo Finance JP full-market screener (delayed)
2026-07-17,15:30:00,2026-07-21 08:00:00,8411.T,7930,10,79300,OK,Yahoo Finance JP full-market screener (delayed)
2026-07-17,15:30:00,2026-07-21 08:00:00,8591.T,6203,13,80639,OK,Yahoo Finance JP full-market screener (delayed)
2026-07-17,15:30:00,2026-07-21 08:00:00,8630.T,6630,12,79560,OK,Yahoo Finance JP full-market screener (delayed)
2026-07-17,15:30:00,2026-07-21 08:00:00,8750.T,1799,10,17990,OK,Yahoo Finance JP full-market screener (delayed)
2026-07-17,15:30:00,2026-07-21 08:00:00,8766.T,7526,12,90312,OK,Yahoo Finance JP full-market screener (delayed)
2026-07-17,15:30:00,2026-07-21 08:00:00,8795.T,4793,14,67102,OK,Yahoo Finance JP full-market screener (delayed)
2026-07-17,15:30:00,2026-07-21 08:00:00,9432.T,151.1,500,75550,OK,Yahoo Finance JP full-market screener (delayed)
2026-07-17,15:30:00,2026-07-21 08:00:00,9433.T,2868,23,65964,OK,Yahoo Finance JP full-market screener (delayed)
2026-07-17,15:30:00,2026-07-21 08:00:00,9697.T,3412,7,23884,OK,Yahoo Finance JP full-market screener (delayed)
2026-07-17,15:30:00,2026-07-21 08:00:00,9983.T,78840,2,157680,OK,Yahoo Finance JP full-market screener (delayed)
2026-07-21,09:33:56,2026-07-21 09:00:00,1801.T,13315,3,39945,OK,Yahoo Finance JP full-market screener (delayed)
2026-07-21,09:33:55,2026-07-21 09:00:00,1812.T,5515,14,77210,OK,Yahoo Finance JP full-market screener (delayed)
2026-07-21,09:33:52,2026-07-21 09:00:00,5333.T,5968,5,29840,OK,Yahoo Finance JP full-market screener (delayed)
2026-07-21,09:33:56,2026-07-21 09:00:00,5803.T,4568,8,36544,OK,Yahoo Finance JP full-market screener (delayed)
2026-07-21,09:33:57,2026-07-21 09:00:00,6146.T,64800,1,64800,OK,Yahoo Finance JP full-market screener (delayed)
2026-07-21,09:33:55,2026-07-21 09:00:00,6383.T,6272,6,37632,OK,Yahoo Finance JP full-market screener (delayed)
2026-07-21,09:33:56,2026-07-21 09:00:00,6501.T,4779,15,71685,OK,Yahoo Finance JP full-market screener (delayed)
2026-07-21,09:33:56,2026-07-21 09:00:00,6503.T,5418,14,75852,OK,Yahoo Finance JP full-market screener (delayed)
2026-07-21,09:33:57,2026-07-21 09:00:00,6504.T,12355,6,74130,OK,Yahoo Finance JP full-market screener (delayed)
2026-07-21,09:33:57,2026-07-21 09:00:00,6762.T,2990,23,68770,OK,Yahoo Finance JP full-market screener (delayed)
2026-07-21,09:33:47,2026-07-21 09:00:00,6861.T,70890,2,141780,OK,Yahoo Finance JP full-market screener (delayed)
2026-07-21,09:33:56,2026-07-21 09:00:00,7012.T,2691,25,67275,OK,Yahoo Finance JP full-market screener (delayed)
2026-07-21,09:33:53,2026-07-21 09:00:00,7203.T,2926,23,67298,OK,Yahoo Finance JP full-market screener (delayed)
2026-07-21,09:33:52,2026-07-21 09:00:00,7269.T,2068.5,20,41370,OK,Yahoo Finance JP full-market screener (delayed)
2026-07-21,09:33:56,2026-07-21 09:00:00,7532.T,889.4,70,62258,OK,Yahoo Finance JP full-market screener (delayed)
2026-07-21,09:33:55,2026-07-21 09:00:00,7832.T,4233,16,67728,OK,Yahoo Finance JP full-market screener (delayed)
2026-07-21,09:33:57,2026-07-21 09:00:00,8035.T,66070,1,66070,OK,Yahoo Finance JP full-market screener (delayed)
2026-07-21,09:33:57,2026-07-21 09:00:00,8306.T,3529,18,63522,OK,Yahoo Finance JP full-market screener (delayed)
2026-07-21,09:33:57,2026-07-21 09:00:00,8316.T,6846,13,88998,OK,Yahoo Finance JP full-market screener (delayed)
2026-07-21,09:33:55,2026-07-21 09:00:00,8411.T,8088,10,80880,OK,Yahoo Finance JP full-market screener (delayed)
2026-07-21,09:33:56,2026-07-21 09:00:00,8591.T,6339,13,82407,OK,Yahoo Finance JP full-market screener (delayed)
2026-07-21,09:33:56,2026-07-21 09:00:00,8630.T,6843,12,82116,OK,Yahoo Finance JP full-market screener (delayed)
2026-07-21,09:33:55,2026-07-21 09:00:00,8750.T,1837.5,10,18375,OK,Yahoo Finance JP full-market screener (delayed)
2026-07-21,09:33:50,2026-07-21 09:00:00,8766.T,7786,12,93432,OK,Yahoo Finance JP full-market screener (delayed)
2026-07-21,09:33:53,2026-07-21 09:00:00,8795.T,4921,14,68894,OK,Yahoo Finance JP full-market screener (delayed)
2026-07-21,09:33:56,2026-07-21 09:00:00,9432.T,153.6,500,76800,OK,Yahoo Finance JP full-market screener (delayed)
2026-07-21,09:33:56,2026-07-21 09:00:00,9433.T,2905.5,23,66826.5,OK,Yahoo Finance JP full-market screener (delayed)
2026-07-21,09:33:52,2026-07-21 09:00:00,9697.T,3435,7,24045,OK,Yahoo Finance JP full-market screener (delayed)
2026-07-21,09:33:57,2026-07-21 09:00:00,9983.T,79820,2,159640,OK,Yahoo Finance JP full-market screener (delayed)
2026-07-21,10:35:14,2026-07-21 10:00:00,1801.T,13525,3,40575,OK,Yahoo Finance JP full-market screener (delayed)
2026-07-21,10:35:31,2026-07-21 10:00:00,1812.T,5612,14,78568,OK,Yahoo Finance JP full-market screener (delayed)
2026-07-21,10:35:31,2026-07-21 10:00:00,5333.T,5967,5,29835,OK,Yahoo Finance JP full-market screener (delayed)
2026-07-21,10:35:31,2026-07-21 10:00:00,5803.T,4578,8,36624,OK,Yahoo Finance JP full-market screener (delayed)
2026-07-21,10:35:31,2026-07-21 10:00:00,6146.T,64480,1,64480,OK,Yahoo Finance JP full-market screener (delayed)
2026-07-21,10:34:50,2026-07-21 10:00:00,6383.T,6299,6,37794,OK,Yahoo Finance JP full-market screener (delayed)
2026-07-21,10:35:29,2026-07-21 10:00:00,6501.T,4812,15,72180,OK,Yahoo Finance JP full-market screener (delayed)
2026-07-21,10:35:30,2026-07-21 10:00:00,6503.T,5499,14,76986,OK,Yahoo Finance JP full-market screener (delayed)
2026-07-21,10:35:28,2026-07-21 10:00:00,6504.T,12400,6,74400,OK,Yahoo Finance JP full-market screener (delayed)
2026-07-21,10:35:31,2026-07-21 10:00:00,6762.T,2994.5,23,68873.5,OK,Yahoo Finance JP full-market screener (delayed)
2026-07-21,10:34:50,2026-07-21 10:00:00,6861.T,71180,2,142360,OK,Yahoo Finance JP full-market screener (delayed)
2026-07-21,10:35:31,2026-07-21 10:00:00,7012.T,2696,25,67400,OK,Yahoo Finance JP full-market screener (delayed)
2026-07-21,10:35:31,2026-07-21 10:00:00,7203.T,2958,23,68034,OK,Yahoo Finance JP full-market screener (delayed)
2026-07-21,10:35:30,2026-07-21 10:00:00,7269.T,2070,20,41400,OK,Yahoo Finance JP full-market screener (delayed)
2026-07-21,10:35:17,2026-07-21 10:00:00,7532.T,887,70,62090,OK,Yahoo Finance JP full-market screener (delayed)
2026-07-21,10:35:26,2026-07-21 10:00:00,7832.T,4236,16,67776,OK,Yahoo Finance JP full-market screener (delayed)
2026-07-21,10:35:29,2026-07-21 10:00:00,8035.T,65890,1,65890,OK,Yahoo Finance JP full-market screener (delayed)
2026-07-21,10:35:31,2026-07-21 10:00:00,8306.T,3530,18,63540,OK,Yahoo Finance JP full-market screener (delayed)
2026-07-21,10:35:28,2026-07-21 10:00:00,8316.T,6894,13,89622,OK,Yahoo Finance JP full-market screener (delayed)
2026-07-21,10:35:30,2026-07-21 10:00:00,8411.T,8131,10,81310,OK,Yahoo Finance JP full-market screener (delayed)
2026-07-21,10:35:27,2026-07-21 10:00:00,8591.T,6406,13,83278,OK,Yahoo Finance JP full-market screener (delayed)
2026-07-21,10:35:24,2026-07-21 10:00:00,8630.T,6889,12,82668,OK,Yahoo Finance JP full-market screener (delayed)
2026-07-21,10:35:16,2026-07-21 10:00:00,8750.T,1854.5,10,18545,OK,Yahoo Finance JP full-market screener (delayed)
2026-07-21,10:35:26,2026-07-21 10:00:00,8766.T,7808,12,93696,OK,Yahoo Finance JP full-market screener (delayed)
2026-07-21,10:35:07,2026-07-21 10:00:00,8795.T,4957,14,69398,OK,Yahoo Finance JP full-market screener (delayed)
2026-07-21,10:35:29,2026-07-21 10:00:00,9432.T,153.7,500,76850,OK,Yahoo Finance JP full-market screener (delayed)
2026-07-21,10:35:29,2026-07-21 10:00:00,9433.T,2909,23,66907,OK,Yahoo Finance JP full-market screener (delayed)
2026-07-21,10:35:31,2026-07-21 10:00:00,9697.T,3446,7,24122,OK,Yahoo Finance JP full-market screener (delayed)
2026-07-21,10:35:26,2026-07-21 10:00:00,9983.T,80860,2,161720,OK,Yahoo Finance JP full-market screener (delayed)
2026-07-21,11:30:00,2026-07-21 11:00:00,1801.T,13640,3,40920,OK,Yahoo Finance JP full-market screener (delayed)
2026-07-21,11:30:00,2026-07-21 11:00:00,1812.T,5605,14,78470,OK,Yahoo Finance JP full-market screener (delayed)
2026-07-21,11:30:00,2026-07-21 11:00:00,5333.T,5903,5,29515,OK,Yahoo Finance JP full-market screener (delayed)
2026-07-21,11:30:00,2026-07-21 11:00:00,5803.T,4570,8,36560,OK,Yahoo Finance JP full-market screener (delayed)
2026-07-21,11:30:00,2026-07-21 11:00:00,6146.T,64090,1,64090,OK,Yahoo Finance JP full-market screener (delayed)
2026-07-21,11:30:00,2026-07-21 11:00:00,6383.T,6297,6,37782,OK,Yahoo Finance JP full-market screener (delayed)
2026-07-21,11:30:00,2026-07-21 11:00:00,6501.T,4815,15,72225,OK,Yahoo Finance JP full-market screener (delayed)
2026-07-21,11:30:00,2026-07-21 11:00:00,6503.T,5510,14,77140,OK,Yahoo Finance JP full-market screener (delayed)
2026-07-21,11:30:00,2026-07-21 11:00:00,6504.T,12335,6,74010,OK,Yahoo Finance JP full-market screener (delayed)
2026-07-21,11:30:00,2026-07-21 11:00:00,6762.T,2965.5,23,68206.5,OK,Yahoo Finance JP full-market screener (delayed)
2026-07-21,11:30:00,2026-07-21 11:00:00,6861.T,71360,2,142720,OK,Yahoo Finance JP full-market screener (delayed)
2026-07-21,11:30:00,2026-07-21 11:00:00,7012.T,2687,25,67175,OK,Yahoo Finance JP full-market screener (delayed)
2026-07-21,11:30:00,2026-07-21 11:00:00,7203.T,2964.5,23,68183.5,OK,Yahoo Finance JP full-market screener (delayed)
2026-07-21,11:30:00,2026-07-21 11:00:00,7269.T,2067,20,41340,OK,Yahoo Finance JP full-market screener (delayed)
2026-07-21,11:30:00,2026-07-21 11:00:00,7532.T,888.2,70,62174,OK,Yahoo Finance JP full-market screener (delayed)
2026-07-21,11:30:00,2026-07-21 11:00:00,7832.T,4219,16,67504,OK,Yahoo Finance JP full-market screener (delayed)
2026-07-21,11:30:00,2026-07-21 11:00:00,8035.T,64830,1,64830,OK,Yahoo Finance JP full-market screener (delayed)
2026-07-21,11:30:00,2026-07-21 11:00:00,8306.T,3550,18,63900,OK,Yahoo Finance JP full-market screener (delayed)
2026-07-21,11:30:00,2026-07-21 11:00:00,8316.T,6922,13,89986,OK,Yahoo Finance JP full-market screener (delayed)
2026-07-21,11:30:00,2026-07-21 11:00:00,8411.T,8224,10,82240,OK,Yahoo Finance JP full-market screener (delayed)
2026-07-21,11:30:00,2026-07-21 11:00:00,8591.T,6429,13,83577,OK,Yahoo Finance JP full-market screener (delayed)
2026-07-21,11:30:00,2026-07-21 11:00:00,8630.T,6927,12,83124,OK,Yahoo Finance JP full-market screener (delayed)
2026-07-21,11:30:00,2026-07-21 11:00:00,8750.T,1863,10,18630,OK,Yahoo Finance JP full-market screener (delayed)
2026-07-21,11:30:00,2026-07-21 11:00:00,8766.T,7858,12,94296,OK,Yahoo Finance JP full-market screener (delayed)
2026-07-21,11:30:00,2026-07-21 11:00:00,8795.T,4982,14,69748,OK,Yahoo Finance JP full-market screener (delayed)
2026-07-21,11:30:00,2026-07-21 11:00:00,9432.T,153.9,500,76950,OK,Yahoo Finance JP full-market screener (delayed)
2026-07-21,11:30:00,2026-07-21 11:00:00,9433.T,2910.5,23,66941.5,OK,Yahoo Finance JP full-market screener (delayed)
2026-07-21,11:30:00,2026-07-21 11:00:00,9697.T,3428,7,23996,OK,Yahoo Finance JP full-market screener (delayed)
2026-07-21,11:30:00,2026-07-21 11:00:00,9983.T,80580,2,161160,OK,Yahoo Finance JP full-market screener (delayed)
2026-07-21,12:38:35,2026-07-21 12:00:00,1801.T,13660,3,40980,OK,Yahoo Finance JP full-market screener (delayed)
2026-07-21,12:38:35,2026-07-21 12:00:00,1812.T,5604,14,78456,OK,Yahoo Finance JP full-market screener (delayed)
2026-07-21,12:39:00,2026-07-21 12:00:00,5333.T,6001,5,30005,OK,Yahoo Finance JP full-market screener (delayed)
2026-07-21,12:39:02,2026-07-21 12:00:00,5803.T,4636,8,37088,OK,Yahoo Finance JP full-market screener (delayed)
2026-07-21,12:39:00,2026-07-21 12:00:00,6146.T,65540,1,65540,OK,Yahoo Finance JP full-market screener (delayed)
2026-07-21,12:38:58,2026-07-21 12:00:00,6383.T,6346,6,38076,OK,Yahoo Finance JP full-market screener (delayed)
2026-07-21,12:39:02,2026-07-21 12:00:00,6501.T,4782,15,71730,OK,Yahoo Finance JP full-market screener (delayed)
2026-07-21,12:39:02,2026-07-21 12:00:00,6503.T,5522,14,77308,OK,Yahoo Finance JP full-market screener (delayed)
2026-07-21,12:39:01,2026-07-21 12:00:00,6504.T,12460,6,74760,OK,Yahoo Finance JP full-market screener (delayed)
2026-07-21,12:39:01,2026-07-21 12:00:00,6762.T,3019,23,69437,OK,Yahoo Finance JP full-market screener (delayed)
2026-07-21,12:38:55,2026-07-21 12:00:00,6861.T,72230,2,144460,OK,Yahoo Finance JP full-market screener (delayed)
2026-07-21,12:38:57,2026-07-21 12:00:00,7012.T,2674,25,66850,OK,Yahoo Finance JP full-market screener (delayed)
2026-07-21,12:39:02,2026-07-21 12:00:00,7203.T,2952.5,23,67907.5,OK,Yahoo Finance JP full-market screener (delayed)
2026-07-21,12:39:02,2026-07-21 12:00:00,7269.T,2062.5,20,41250,OK,Yahoo Finance JP full-market screener (delayed)
2026-07-21,12:39:02,2026-07-21 12:00:00,7532.T,888.1,70,62167,OK,Yahoo Finance JP full-market screener (delayed)
2026-07-21,12:39:00,2026-07-21 12:00:00,7832.T,4207,16,67312,OK,Yahoo Finance JP full-market screener (delayed)
2026-07-21,12:39:01,2026-07-21 12:00:00,8035.T,65760,1,65760,OK,Yahoo Finance JP full-market screener (delayed)
2026-07-21,12:39:00,2026-07-21 12:00:00,8306.T,3540,18,63720,OK,Yahoo Finance JP full-market screener (delayed)
2026-07-21,12:39:02,2026-07-21 12:00:00,8316.T,6882,13,89466,OK,Yahoo Finance JP full-market screener (delayed)
2026-07-21,12:39:01,2026-07-21 12:00:00,8411.T,8204,10,82040,OK,Yahoo Finance JP full-market screener (delayed)
2026-07-21,12:39:02,2026-07-21 12:00:00,8591.T,6424,13,83512,OK,Yahoo Finance JP full-market screener (delayed)
2026-07-21,12:39:02,2026-07-21 12:00:00,8630.T,6924,12,83088,OK,Yahoo Finance JP full-market screener (delayed)
2026-07-21,12:39:02,2026-07-21 12:00:00,8750.T,1857,10,18570,OK,Yahoo Finance JP full-market screener (delayed)
2026-07-21,12:39:02,2026-07-21 12:00:00,8766.T,7843,12,94116,OK,Yahoo Finance JP full-market screener (delayed)
2026-07-21,12:39:02,2026-07-21 12:00:00,8795.T,4973,14,69622,OK,Yahoo Finance JP full-market screener (delayed)
2026-07-21,12:38:57,2026-07-21 12:00:00,9432.T,153,500,76500,OK,Yahoo Finance JP full-market screener (delayed)
2026-07-21,12:39:01,2026-07-21 12:00:00,9433.T,2893.5,23,66550.5,OK,Yahoo Finance JP full-market screener (delayed)
2026-07-21,12:39:01,2026-07-21 12:00:00,9697.T,3440,7,24080,OK,Yahoo Finance JP full-market screener (delayed)
2026-07-21,12:39:02,2026-07-21 12:00:00,9983.T,80570,2,161140,OK,Yahoo Finance JP full-market screener (delayed)
2026-07-21,13:39:33,2026-07-21 13:00:00,1801.T,13610,3,40830,OK,Yahoo Finance JP full-market screener (delayed)
2026-07-21,13:39:02,2026-07-21 13:00:00,1812.T,5577,14,78078,OK,Yahoo Finance JP full-market screener (delayed)
2026-07-21,13:39:52,2026-07-21 13:00:00,5333.T,6070,5,30350,OK,Yahoo Finance JP full-market screener (delayed)
2026-07-21,13:39:55,2026-07-21 13:00:00,5803.T,4652,8,37216,OK,Yahoo Finance JP full-market screener (delayed)
2026-07-21,13:39:54,2026-07-21 13:00:00,6146.T,66730,1,66730,OK,Yahoo Finance JP full-market screener (delayed)
2026-07-21,13:39:55,2026-07-21 13:00:00,6383.T,6380,6,38280,OK,Yahoo Finance JP full-market screener (delayed)
2026-07-21,13:39:55,2026-07-21 13:00:00,6501.T,4780,15,71700,OK,Yahoo Finance JP full-market screener (delayed)
2026-07-21,13:39:54,2026-07-21 13:00:00,6503.T,5545,14,77630,OK,Yahoo Finance JP full-market screener (delayed)
2026-07-21,13:39:44,2026-07-21 13:00:00,6504.T,12590,6,75540,OK,Yahoo Finance JP full-market screener (delayed)
2026-07-21,13:39:55,2026-07-21 13:00:00,6762.T,3064,23,70472,OK,Yahoo Finance JP full-market screener (delayed)
2026-07-21,13:39:44,2026-07-21 13:00:00,6861.T,72350,2,144700,OK,Yahoo Finance JP full-market screener (delayed)
2026-07-21,13:39:54,2026-07-21 13:00:00,7012.T,2673.5,25,66837.5,OK,Yahoo Finance JP full-market screener (delayed)
2026-07-21,13:39:54,2026-07-21 13:00:00,7203.T,2943,23,67689,OK,Yahoo Finance JP full-market screener (delayed)
2026-07-21,13:39:32,2026-07-21 13:00:00,7269.T,2055.5,20,41110,OK,Yahoo Finance JP full-market screener (delayed)
2026-07-21,13:39:55,2026-07-21 13:00:00,7532.T,880.3,70,61621,OK,Yahoo Finance JP full-market screener (delayed)
2026-07-21,13:39:35,2026-07-21 13:00:00,7832.T,4174,16,66784,OK,Yahoo Finance JP full-market screener (delayed)
2026-07-21,13:39:53,2026-07-21 13:00:00,8035.T,66060,1,66060,OK,Yahoo Finance JP full-market screener (delayed)
2026-07-21,13:39:53,2026-07-21 13:00:00,8306.T,3543,18,63774,OK,Yahoo Finance JP full-market screener (delayed)
2026-07-21,13:39:55,2026-07-21 13:00:00,8316.T,6928,13,90064,OK,Yahoo Finance JP full-market screener (delayed)
2026-07-21,13:39:54,2026-07-21 13:00:00,8411.T,8266,10,82660,OK,Yahoo Finance JP full-market screener (delayed)
2026-07-21,13:39:55,2026-07-21 13:00:00,8591.T,6453,13,83889,OK,Yahoo Finance JP full-market screener (delayed)
2026-07-21,13:39:44,2026-07-21 13:00:00,8630.T,6908,12,82896,OK,Yahoo Finance JP full-market screener (delayed)
2026-07-21,13:39:55,2026-07-21 13:00:00,8750.T,1858,10,18580,OK,Yahoo Finance JP full-market screener (delayed)
2026-07-21,13:39:48,2026-07-21 13:00:00,8766.T,7842,12,94104,OK,Yahoo Finance JP full-market screener (delayed)
2026-07-21,13:39:52,2026-07-21 13:00:00,8795.T,4973,14,69622,OK,Yahoo Finance JP full-market screener (delayed)
2026-07-21,13:39:54,2026-07-21 13:00:00,9432.T,152.1,500,76050,OK,Yahoo Finance JP full-market screener (delayed)
2026-07-21,13:39:53,2026-07-21 13:00:00,9433.T,2875,23,66125,OK,Yahoo Finance JP full-market screener (delayed)
2026-07-21,13:39:53,2026-07-21 13:00:00,9697.T,3400,7,23800,OK,Yahoo Finance JP full-market screener (delayed)
2026-07-21,13:39:55,2026-07-21 13:00:00,9983.T,80180,2,160360,OK,Yahoo Finance JP full-market screener (delayed)
2026-07-21,14:40:42,2026-07-21 14:00:00,1801.T,13555,3,40665,OK,Yahoo Finance JP full-market screener (delayed)
2026-07-21,14:41:26,2026-07-21 14:00:00,1812.T,5567,14,77938,OK,Yahoo Finance JP full-market screener (delayed)
2026-07-21,14:41:31,2026-07-21 14:00:00,5333.T,6054,5,30270,OK,Yahoo Finance JP full-market screener (delayed)
2026-07-21,14:41:34,2026-07-21 14:00:00,5803.T,4653,8,37224,OK,Yahoo Finance JP full-market screener (delayed)
2026-07-21,14:41:34,2026-07-21 14:00:00,6146.T,66820,1,66820,OK,Yahoo Finance JP full-market screener (delayed)
2026-07-21,14:41:29,2026-07-21 14:00:00,6383.T,6368,6,38208,OK,Yahoo Finance JP full-market screener (delayed)
2026-07-21,14:41:32,2026-07-21 14:00:00,6501.T,4791,15,71865,OK,Yahoo Finance JP full-market screener (delayed)
2026-07-21,14:41:31,2026-07-21 14:00:00,6503.T,5574,14,78036,OK,Yahoo Finance JP full-market screener (delayed)
2026-07-21,14:41:35,2026-07-21 14:00:00,6504.T,12640,6,75840,OK,Yahoo Finance JP full-market screener (delayed)
2026-07-21,14:41:34,2026-07-21 14:00:00,6762.T,3062,23,70426,OK,Yahoo Finance JP full-market screener (delayed)
2026-07-21,14:41:33,2026-07-21 14:00:00,6861.T,72320,2,144640,OK,Yahoo Finance JP full-market screener (delayed)
2026-07-21,14:41:27,2026-07-21 14:00:00,7012.T,2669.5,25,66737.5,OK,Yahoo Finance JP full-market screener (delayed)
2026-07-21,14:41:29,2026-07-21 14:00:00,7203.T,2938,23,67574,OK,Yahoo Finance JP full-market screener (delayed)
2026-07-21,14:41:29,2026-07-21 14:00:00,7269.T,2049.5,20,40990,OK,Yahoo Finance JP full-market screener (delayed)
2026-07-21,14:41:29,2026-07-21 14:00:00,7532.T,880.1,70,61607,OK,Yahoo Finance JP full-market screener (delayed)
2026-07-21,14:41:23,2026-07-21 14:00:00,7832.T,4178,16,66848,OK,Yahoo Finance JP full-market screener (delayed)
2026-07-21,14:41:33,2026-07-21 14:00:00,8035.T,65980,1,65980,OK,Yahoo Finance JP full-market screener (delayed)
2026-07-21,14:41:34,2026-07-21 14:00:00,8306.T,3556,18,64008,OK,Yahoo Finance JP full-market screener (delayed)
2026-07-21,14:41:35,2026-07-21 14:00:00,8316.T,6951,13,90363,OK,Yahoo Finance JP full-market screener (delayed)
2026-07-21,14:41:34,2026-07-21 14:00:00,8411.T,8258,10,82580,OK,Yahoo Finance JP full-market screener (delayed)
2026-07-21,14:41:29,2026-07-21 14:00:00,8591.T,6469,13,84097,OK,Yahoo Finance JP full-market screener (delayed)
2026-07-21,14:41:29,2026-07-21 14:00:00,8630.T,6898,12,82776,OK,Yahoo Finance JP full-market screener (delayed)
2026-07-21,14:41:35,2026-07-21 14:00:00,8750.T,1860,10,18600,OK,Yahoo Finance JP full-market screener (delayed)
2026-07-21,14:41:29,2026-07-21 14:00:00,8766.T,7817,12,93804,OK,Yahoo Finance JP full-market screener (delayed)
2026-07-21,14:41:24,2026-07-21 14:00:00,8795.T,4958,14,69412,OK,Yahoo Finance JP full-market screener (delayed)
2026-07-21,14:41:34,2026-07-21 14:00:00,9432.T,151.9,500,75950,OK,Yahoo Finance JP full-market screener (delayed)
2026-07-21,14:41:29,2026-07-21 14:00:00,9433.T,2875.5,23,66136.5,OK,Yahoo Finance JP full-market screener (delayed)
2026-07-21,14:41:06,2026-07-21 14:00:00,9697.T,3401,7,23807,OK,Yahoo Finance JP full-market screener (delayed)
2026-07-21,14:41:31,2026-07-21 14:00:00,9983.T,80120,2,160240,OK,Yahoo Finance JP full-market screener (delayed)
2026-07-21,15:30:00,2026-07-21 15:00:00,1801.T,13645,3,40935,OK,Yahoo Finance JP full-market screener (delayed)
2026-07-21,15:30:00,2026-07-21 15:00:00,1812.T,5604,14,78456,OK,Yahoo Finance JP full-market screener (delayed)
2026-07-21,15:30:00,2026-07-21 15:00:00,5333.T,6109,5,30545,OK,Yahoo Finance JP full-market screener (delayed)
2026-07-21,15:30:00,2026-07-21 15:00:00,5803.T,4672,8,37376,OK,Yahoo Finance JP full-market screener (delayed)
2026-07-21,15:30:00,2026-07-21 15:00:00,6146.T,66840,1,66840,OK,Yahoo Finance JP full-market screener (delayed)
2026-07-21,15:30:00,2026-07-21 15:00:00,6383.T,6366,6,38196,OK,Yahoo Finance JP full-market screener (delayed)
2026-07-21,15:30:00,2026-07-21 15:00:00,6501.T,4792,15,71880,OK,Yahoo Finance JP full-market screener (delayed)
2026-07-21,15:30:00,2026-07-21 15:00:00,6503.T,5591,14,78274,OK,Yahoo Finance JP full-market screener (delayed)
2026-07-21,15:30:00,2026-07-21 15:00:00,6504.T,12575,6,75450,OK,Yahoo Finance JP full-market screener (delayed)
2026-07-21,15:30:00,2026-07-21 15:00:00,6762.T,3073,23,70679,OK,Yahoo Finance JP full-market screener (delayed)
2026-07-21,15:30:00,2026-07-21 15:00:00,6861.T,71960,2,143920,OK,Yahoo Finance JP full-market screener (delayed)
2026-07-21,15:30:00,2026-07-21 15:00:00,7012.T,2676,25,66900,OK,Yahoo Finance JP full-market screener (delayed)
2026-07-21,15:30:00,2026-07-21 15:00:00,7203.T,2944.5,23,67723.5,OK,Yahoo Finance JP full-market screener (delayed)
2026-07-21,15:30:00,2026-07-21 15:00:00,7269.T,2051,20,41020,OK,Yahoo Finance JP full-market screener (delayed)
2026-07-21,15:30:00,2026-07-21 15:00:00,7532.T,880.9,70,61663,OK,Yahoo Finance JP full-market screener (delayed)
2026-07-21,15:30:00,2026-07-21 15:00:00,7832.T,4187,16,66992,OK,Yahoo Finance JP full-market screener (delayed)
2026-07-21,15:30:00,2026-07-21 15:00:00,8035.T,66570,1,66570,OK,Yahoo Finance JP full-market screener (delayed)
2026-07-21,15:30:00,2026-07-21 15:00:00,8306.T,3580,18,64440,OK,Yahoo Finance JP full-market screener (delayed)
2026-07-21,15:30:00,2026-07-21 15:00:00,8316.T,6951,13,90363,OK,Yahoo Finance JP full-market screener (delayed)
2026-07-21,15:30:00,2026-07-21 15:00:00,8411.T,8302,10,83020,OK,Yahoo Finance JP full-market screener (delayed)
2026-07-21,15:30:00,2026-07-21 15:00:00,8591.T,6502,13,84526,OK,Yahoo Finance JP full-market screener (delayed)
2026-07-21,15:30:00,2026-07-21 15:00:00,8630.T,6946,12,83352,OK,Yahoo Finance JP full-market screener (delayed)
2026-07-21,15:30:00,2026-07-21 15:00:00,8750.T,1877.5,10,18775,OK,Yahoo Finance JP full-market screener (delayed)
2026-07-21,15:30:00,2026-07-21 15:00:00,8766.T,7874,12,94488,OK,Yahoo Finance JP full-market screener (delayed)
2026-07-21,15:30:00,2026-07-21 15:00:00,8795.T,4996,14,69944,OK,Yahoo Finance JP full-market screener (delayed)
2026-07-21,15:30:00,2026-07-21 15:00:00,9432.T,151.7,500,75850,OK,Yahoo Finance JP full-market screener (delayed)
2026-07-21,15:30:00,2026-07-21 15:00:00,9433.T,2881.5,23,66274.5,OK,Yahoo Finance JP full-market screener (delayed)
2026-07-21,15:30:00,2026-07-21 15:00:00,9697.T,3410,7,23870,OK,Yahoo Finance JP full-market screener (delayed)
2026-07-21,15:30:00,2026-07-21 15:00:00,9983.T,80840,2,161680,OK,Yahoo Finance JP full-market screener (delayed)
2026-07-22,10:58:22,2026-07-22 11:00:00,1801.T,13790,3,41370,OK,Yahoo Finance JP full-market screener (delayed)
2026-07-22,10:58:22,2026-07-22 11:00:00,1812.T,5656,14,79184,OK,Yahoo Finance JP full-market screener (delayed)
2026-07-22,10:58:22,2026-07-22 11:00:00,5333.T,6363,5,31815,OK,Yahoo Finance JP full-market screener (delayed)
2026-07-22,10:58:36,2026-07-22 11:00:00,5803.T,4982,8,39856,OK,Yahoo Finance JP full-market screener (delayed)
2026-07-22,10:58:27,2026-07-22 11:00:00,6146.T,70900,1,70900,OK,Yahoo Finance JP full-market screener (delayed)
2026-07-22,10:58:26,2026-07-22 11:00:00,6383.T,6456,6,38736,OK,Yahoo Finance JP full-market screener (delayed)
2026-07-22,10:58:34,2026-07-22 11:00:00,6501.T,4818,15,72270,OK,Yahoo Finance JP full-market screener (delayed)
2026-07-22,10:58:35,2026-07-22 11:00:00,6503.T,5737,14,80318,OK,Yahoo Finance JP full-market screener (delayed)
2026-07-22,10:58:33,2026-07-22 11:00:00,6504.T,13225,6,79350,OK,Yahoo Finance JP full-market screener (delayed)
2026-07-22,10:58:34,2026-07-22 11:00:00,6762.T,3177,23,73071,OK,Yahoo Finance JP full-market screener (delayed)
2026-07-22,10:58:31,2026-07-22 11:00:00,6861.T,73610,2,147220,OK,Yahoo Finance JP full-market screener (delayed)
2026-07-22,10:58:34,2026-07-22 11:00:00,7012.T,2724,25,68100,OK,Yahoo Finance JP full-market screener (delayed)
2026-07-22,10:58:36,2026-07-22 11:00:00,7203.T,2939,23,67597,OK,Yahoo Finance JP full-market screener (delayed)
2026-07-22,10:58:31,2026-07-22 11:00:00,7269.T,2061,20,41220,OK,Yahoo Finance JP full-market screener (delayed)
2026-07-22,10:58:27,2026-07-22 11:00:00,7532.T,854.3,70,59801,OK,Yahoo Finance JP full-market screener (delayed)
2026-07-22,10:58:31,2026-07-22 11:00:00,7832.T,4078,16,65248,OK,Yahoo Finance JP full-market screener (delayed)
2026-07-22,10:58:31,2026-07-22 11:00:00,8035.T,68900,1,68900,OK,Yahoo Finance JP full-market screener (delayed)
2026-07-22,10:58:34,2026-07-22 11:00:00,8306.T,3663,18,65934,OK,Yahoo Finance JP full-market screener (delayed)
2026-07-22,10:58:33,2026-07-22 11:00:00,8316.T,7092,13,92196,OK,Yahoo Finance JP full-market screener (delayed)
2026-07-22,10:58:32,2026-07-22 11:00:00,8411.T,8594,10,85940,OK,Yahoo Finance JP full-market screener (delayed)
2026-07-22,10:58:22,2026-07-22 11:00:00,8591.T,6613,13,85969,OK,Yahoo Finance JP full-market screener (delayed)
2026-07-22,10:58:34,2026-07-22 11:00:00,8630.T,6835,12,82020,OK,Yahoo Finance JP full-market screener (delayed)
2026-07-22,10:58:15,2026-07-22 11:00:00,8750.T,1884,10,18840,OK,Yahoo Finance JP full-market screener (delayed)
2026-07-22,10:58:34,2026-07-22 11:00:00,8766.T,7910,12,94920,OK,Yahoo Finance JP full-market screener (delayed)
2026-07-22,10:57:46,2026-07-22 11:00:00,8795.T,5053,14,70742,OK,Yahoo Finance JP full-market screener (delayed)
2026-07-22,10:58:34,2026-07-22 11:00:00,9432.T,150.1,500,75050,OK,Yahoo Finance JP full-market screener (delayed)
2026-07-22,10:58:31,2026-07-22 11:00:00,9433.T,2843.5,23,65400.5,OK,Yahoo Finance JP full-market screener (delayed)
2026-07-22,10:58:29,2026-07-22 11:00:00,9697.T,3343,7,23401,OK,Yahoo Finance JP full-market screener (delayed)
2026-07-22,10:58:31,2026-07-22 11:00:00,9983.T,78370,2,156740,OK,Yahoo Finance JP full-market screener (delayed)
2026-07-22,11:30:00,2026-07-22 12:00:00,1801.T,13760,3,41280,OK,Yahoo Finance JP full-market screener (delayed)
2026-07-22,11:30:00,2026-07-22 12:00:00,1812.T,5631,14,78834,OK,Yahoo Finance JP full-market screener (delayed)
2026-07-22,11:30:00,2026-07-22 12:00:00,5333.T,6370,5,31850,OK,Yahoo Finance JP full-market screener (delayed)
2026-07-22,11:30:00,2026-07-22 12:00:00,5803.T,5022,8,40176,OK,Yahoo Finance JP full-market screener (delayed)
2026-07-22,11:30:00,2026-07-22 12:00:00,6146.T,70810,1,70810,OK,Yahoo Finance JP full-market screener (delayed)
2026-07-22,11:30:00,2026-07-22 12:00:00,6383.T,6474,6,38844,OK,Yahoo Finance JP full-market screener (delayed)
2026-07-22,11:30:00,2026-07-22 12:00:00,6501.T,4818,15,72270,OK,Yahoo Finance JP full-market screener (delayed)
2026-07-22,11:30:00,2026-07-22 12:00:00,6503.T,5743,14,80402,OK,Yahoo Finance JP full-market screener (delayed)
2026-07-22,11:30:00,2026-07-22 12:00:00,6504.T,13245,6,79470,OK,Yahoo Finance JP full-market screener (delayed)
2026-07-22,11:30:00,2026-07-22 12:00:00,6762.T,3172,23,72956,OK,Yahoo Finance JP full-market screener (delayed)
2026-07-22,11:30:00,2026-07-22 12:00:00,6861.T,73560,2,147120,OK,Yahoo Finance JP full-market screener (delayed)
2026-07-22,11:30:00,2026-07-22 12:00:00,7012.T,2733,25,68325,OK,Yahoo Finance JP full-market screener (delayed)
2026-07-22,11:30:00,2026-07-22 12:00:00,7203.T,2924,23,67252,OK,Yahoo Finance JP full-market screener (delayed)
2026-07-22,11:30:00,2026-07-22 12:00:00,7269.T,2054,20,41080,OK,Yahoo Finance JP full-market screener (delayed)
2026-07-22,11:30:00,2026-07-22 12:00:00,7532.T,853.5,70,59745,OK,Yahoo Finance JP full-market screener (delayed)
2026-07-22,11:30:00,2026-07-22 12:00:00,7832.T,4060,16,64960,OK,Yahoo Finance JP full-market screener (delayed)
2026-07-22,11:30:00,2026-07-22 12:00:00,8035.T,69280,1,69280,OK,Yahoo Finance JP full-market screener (delayed)
2026-07-22,11:30:00,2026-07-22 12:00:00,8306.T,3675,18,66150,OK,Yahoo Finance JP full-market screener (delayed)
2026-07-22,11:30:00,2026-07-22 12:00:00,8316.T,7116,13,92508,OK,Yahoo Finance JP full-market screener (delayed)
2026-07-22,11:30:00,2026-07-22 12:00:00,8411.T,8613,10,86130,OK,Yahoo Finance JP full-market screener (delayed)
2026-07-22,11:30:00,2026-07-22 12:00:00,8591.T,6615,13,85995,OK,Yahoo Finance JP full-market screener (delayed)
2026-07-22,11:30:00,2026-07-22 12:00:00,8630.T,6834,12,82008,OK,Yahoo Finance JP full-market screener (delayed)
2026-07-22,11:30:00,2026-07-22 12:00:00,8750.T,1886,10,18860,OK,Yahoo Finance JP full-market screener (delayed)
2026-07-22,11:30:00,2026-07-22 12:00:00,8766.T,7905,12,94860,OK,Yahoo Finance JP full-market screener (delayed)
2026-07-22,11:30:00,2026-07-22 12:00:00,8795.T,5061,14,70854,OK,Yahoo Finance JP full-market screener (delayed)
2026-07-22,11:30:00,2026-07-22 12:00:00,9432.T,149.9,500,74950,OK,Yahoo Finance JP full-market screener (delayed)
2026-07-22,11:30:00,2026-07-22 12:00:00,9433.T,2821,23,64883,OK,Yahoo Finance JP full-market screener (delayed)
2026-07-22,11:30:00,2026-07-22 12:00:00,9697.T,3343,7,23401,OK,Yahoo Finance JP full-market screener (delayed)
2026-07-22,11:30:00,2026-07-22 12:00:00,9983.T,78110,2,156220,OK,Yahoo Finance JP full-market screener (delayed)
2026-07-22,12:58:50,2026-07-22 13:00:00,1801.T,13745,3,41235,OK,Yahoo Finance JP full-market screener (delayed)
2026-07-22,12:58:43,2026-07-22 13:00:00,1812.T,5624,14,78736,OK,Yahoo Finance JP full-market screener (delayed)
2026-07-22,12:58:41,2026-07-22 13:00:00,5333.T,6306,5,31530,OK,Yahoo Finance JP full-market screener (delayed)
2026-07-22,12:58:54,2026-07-22 13:00:00,5803.T,4882,8,39056,OK,Yahoo Finance JP full-market screener (delayed)
2026-07-22,12:58:51,2026-07-22 13:00:00,6146.T,69740,1,69740,OK,Yahoo Finance JP full-market screener (delayed)
2026-07-22,12:58:55,2026-07-22 13:00:00,6383.T,6446,6,38676,OK,Yahoo Finance JP full-market screener (delayed)
2026-07-22,12:58:52,2026-07-22 13:00:00,6501.T,4837,15,72555,OK,Yahoo Finance JP full-market screener (delayed)
2026-07-22,12:58:52,2026-07-22 13:00:00,6503.T,5699,14,79786,OK,Yahoo Finance JP full-market screener (delayed)
2026-07-22,12:58:43,2026-07-22 13:00:00,6504.T,13080,6,78480,OK,Yahoo Finance JP full-market screener (delayed)
2026-07-22,12:58:53,2026-07-22 13:00:00,6762.T,3137,23,72151,OK,Yahoo Finance JP full-market screener (delayed)
2026-07-22,12:58:07,2026-07-22 13:00:00,6861.T,73050,2,146100,OK,Yahoo Finance JP full-market screener (delayed)
2026-07-22,12:58:54,2026-07-22 13:00:00,7012.T,2747,25,68675,OK,Yahoo Finance JP full-market screener (delayed)
2026-07-22,12:58:53,2026-07-22 13:00:00,7203.T,2933,23,67459,OK,Yahoo Finance JP full-market screener (delayed)
2026-07-22,12:58:51,2026-07-22 13:00:00,7269.T,2053,20,41060,OK,Yahoo Finance JP full-market screener (delayed)
2026-07-22,12:58:53,2026-07-22 13:00:00,7532.T,860.5,70,60235,OK,Yahoo Finance JP full-market screener (delayed)
2026-07-22,12:58:51,2026-07-22 13:00:00,7832.T,4070,16,65120,OK,Yahoo Finance JP full-market screener (delayed)
2026-07-22,12:58:54,2026-07-22 13:00:00,8035.T,67910,1,67910,OK,Yahoo Finance JP full-market screener (delayed)
2026-07-22,12:58:53,2026-07-22 13:00:00,8306.T,3675,18,66150,OK,Yahoo Finance JP full-market screener (delayed)
2026-07-22,12:58:54,2026-07-22 13:00:00,8316.T,7109,13,92417,OK,Yahoo Finance JP full-market screener (delayed)
2026-07-22,12:58:54,2026-07-22 13:00:00,8411.T,8583,10,85830,OK,Yahoo Finance JP full-market screener (delayed)
2026-07-22,12:58:50,2026-07-22 13:00:00,8591.T,6597,13,85761,OK,Yahoo Finance JP full-market screener (delayed)
2026-07-22,12:58:49,2026-07-22 13:00:00,8630.T,6858,12,82296,OK,Yahoo Finance JP full-market screener (delayed)
2026-07-22,12:58:50,2026-07-22 13:00:00,8750.T,1888.5,10,18885,OK,Yahoo Finance JP full-market screener (delayed)
2026-07-22,12:58:52,2026-07-22 13:00:00,8766.T,7959,12,95508,OK,Yahoo Finance JP full-market screener (delayed)
2026-07-22,12:58:51,2026-07-22 13:00:00,8795.T,5063,14,70882,OK,Yahoo Finance JP full-market screener (delayed)
2026-07-22,12:58:51,2026-07-22 13:00:00,9432.T,150.6,500,75300,OK,Yahoo Finance JP full-market screener (delayed)
2026-07-22,12:58:44,2026-07-22 13:00:00,9433.T,2835.5,23,65216.5,OK,Yahoo Finance JP full-market screener (delayed)
2026-07-22,12:58:53,2026-07-22 13:00:00,9697.T,3349,7,23443,OK,Yahoo Finance JP full-market screener (delayed)
2026-07-22,12:58:48,2026-07-22 13:00:00,9983.T,78090,2,156180,OK,Yahoo Finance JP full-market screener (delayed)
2026-07-22,13:59:05,2026-07-22 14:00:00,1801.T,13775,3,41325,OK,Yahoo Finance JP full-market screener (delayed)
2026-07-22,13:59:24,2026-07-22 14:00:00,1812.T,5642,14,78988,OK,Yahoo Finance JP full-market screener (delayed)
2026-07-22,13:59:29,2026-07-22 14:00:00,5333.T,6294,5,31470,OK,Yahoo Finance JP full-market screener (delayed)
2026-07-22,13:59:31,2026-07-22 14:00:00,5803.T,4859,8,38872,OK,Yahoo Finance JP full-market screener (delayed)
2026-07-22,13:59:18,2026-07-22 14:00:00,6146.T,69520,1,69520,OK,Yahoo Finance JP full-market screener (delayed)
2026-07-22,13:59:16,2026-07-22 14:00:00,6383.T,6426,6,38556,OK,Yahoo Finance JP full-market screener (delayed)
2026-07-22,13:59:31,2026-07-22 14:00:00,6501.T,4849,15,72735,OK,Yahoo Finance JP full-market screener (delayed)
2026-07-22,13:59:24,2026-07-22 14:00:00,6503.T,5695,14,79730,OK,Yahoo Finance JP full-market screener (delayed)
2026-07-22,13:59:11,2026-07-22 14:00:00,6504.T,13055,6,78330,OK,Yahoo Finance JP full-market screener (delayed)
2026-07-22,13:59:31,2026-07-22 14:00:00,6762.T,3123,23,71829,OK,Yahoo Finance JP full-market screener (delayed)
2026-07-22,13:58:47,2026-07-22 14:00:00,6861.T,73000,2,146000,OK,Yahoo Finance JP full-market screener (delayed)
2026-07-22,13:59:28,2026-07-22 14:00:00,7012.T,2765.5,25,69137.5,OK,Yahoo Finance JP full-market screener (delayed)
2026-07-22,13:59:31,2026-07-22 14:00:00,7203.T,2933.5,23,67470.5,OK,Yahoo Finance JP full-market screener (delayed)
2026-07-22,13:59:29,2026-07-22 14:00:00,7269.T,2052,20,41040,OK,Yahoo Finance JP full-market screener (delayed)
2026-07-22,13:59:28,2026-07-22 14:00:00,7532.T,863.8,70,60466,OK,Yahoo Finance JP full-market screener (delayed)
2026-07-22,13:59:30,2026-07-22 14:00:00,7832.T,4085,16,65360,OK,Yahoo Finance JP full-market screener (delayed)
2026-07-22,13:59:30,2026-07-22 14:00:00,8035.T,67410,1,67410,OK,Yahoo Finance JP full-market screener (delayed)
2026-07-22,13:59:27,2026-07-22 14:00:00,8306.T,3669,18,66042,OK,Yahoo Finance JP full-market screener (delayed)
2026-07-22,13:59:31,2026-07-22 14:00:00,8316.T,7107,13,92391,OK,Yahoo Finance JP full-market screener (delayed)
2026-07-22,13:59:30,2026-07-22 14:00:00,8411.T,8568,10,85680,OK,Yahoo Finance JP full-market screener (delayed)
2026-07-22,13:59:30,2026-07-22 14:00:00,8591.T,6597,13,85761,OK,Yahoo Finance JP full-market screener (delayed)
2026-07-22,13:59:24,2026-07-22 14:00:00,8630.T,6894,12,82728,OK,Yahoo Finance JP full-market screener (delayed)
2026-07-22,13:59:24,2026-07-22 14:00:00,8750.T,1898,10,18980,OK,Yahoo Finance JP full-market screener (delayed)
2026-07-22,13:59:24,2026-07-22 14:00:00,8766.T,7953,12,95436,OK,Yahoo Finance JP full-market screener (delayed)
2026-07-22,13:59:11,2026-07-22 14:00:00,8795.T,5077,14,71078,OK,Yahoo Finance JP full-market screener (delayed)
2026-07-22,13:59:30,2026-07-22 14:00:00,9432.T,150.8,500,75400,OK,Yahoo Finance JP full-market screener (delayed)
2026-07-22,13:59:27,2026-07-22 14:00:00,9433.T,2844,23,65412,OK,Yahoo Finance JP full-market screener (delayed)
2026-07-22,13:59:26,2026-07-22 14:00:00,9697.T,3375,7,23625,OK,Yahoo Finance JP full-market screener (delayed)
2026-07-22,13:59:14,2026-07-22 14:00:00,9983.T,78340,2,156680,OK,Yahoo Finance JP full-market screener (delayed)
2026-07-22,15:03:22,2026-07-22 15:00:00,1801.T,13715,3,41145,OK,Yahoo Finance JP full-market screener (delayed)
2026-07-22,15:03:18,2026-07-22 15:00:00,1812.T,5617,14,78638,OK,Yahoo Finance JP full-market screener (delayed)
2026-07-22,15:03:17,2026-07-22 15:00:00,5333.T,6231,5,31155,OK,Yahoo Finance JP full-market screener (delayed)
2026-07-22,15:03:25,2026-07-22 15:00:00,5803.T,4765,8,38120,OK,Yahoo Finance JP full-market screener (delayed)
2026-07-22,15:03:25,2026-07-22 15:00:00,6146.T,67940,1,67940,OK,Yahoo Finance JP full-market screener (delayed)
2026-07-22,15:03:21,2026-07-22 15:00:00,6383.T,6395,6,38370,OK,Yahoo Finance JP full-market screener (delayed)
2026-07-22,15:03:22,2026-07-22 15:00:00,6501.T,4834,15,72510,OK,Yahoo Finance JP full-market screener (delayed)
2026-07-22,15:03:22,2026-07-22 15:00:00,6503.T,5670,14,79380,OK,Yahoo Finance JP full-market screener (delayed)
2026-07-22,15:03:13,2026-07-22 15:00:00,6504.T,12930,6,77580,OK,Yahoo Finance JP full-market screener (delayed)
2026-07-22,15:03:20,2026-07-22 15:00:00,6762.T,3109,23,71507,OK,Yahoo Finance JP full-market screener (delayed)
2026-07-22,15:03:23,2026-07-22 15:00:00,6861.T,72220,2,144440,OK,Yahoo Finance JP full-market screener (delayed)
2026-07-22,15:03:23,2026-07-22 15:00:00,7012.T,2740,25,68500,OK,Yahoo Finance JP full-market screener (delayed)
2026-07-22,15:03:25,2026-07-22 15:00:00,7203.T,2944,23,67712,OK,Yahoo Finance JP full-market screener (delayed)
2026-07-22,15:03:14,2026-07-22 15:00:00,7269.T,2058.5,20,41170,OK,Yahoo Finance JP full-market screener (delayed)
2026-07-22,15:03:21,2026-07-22 15:00:00,7532.T,865.7,70,60599,OK,Yahoo Finance JP full-market screener (delayed)
2026-07-22,15:03:22,2026-07-22 15:00:00,7832.T,4106,16,65696,OK,Yahoo Finance JP full-market screener (delayed)
2026-07-22,15:03:25,2026-07-22 15:00:00,8035.T,65700,1,65700,OK,Yahoo Finance JP full-market screener (delayed)
2026-07-22,15:03:25,2026-07-22 15:00:00,8306.T,3666,18,65988,OK,Yahoo Finance JP full-market screener (delayed)
2026-07-22,15:03:24,2026-07-22 15:00:00,8316.T,7081,13,92053,OK,Yahoo Finance JP full-market screener (delayed)
2026-07-22,15:03:24,2026-07-22 15:00:00,8411.T,8533,10,85330,OK,Yahoo Finance JP full-market screener (delayed)
2026-07-22,15:03:17,2026-07-22 15:00:00,8591.T,6555,13,85215,OK,Yahoo Finance JP full-market screener (delayed)
2026-07-22,15:03:21,2026-07-22 15:00:00,8630.T,6879,12,82548,OK,Yahoo Finance JP full-market screener (delayed)
2026-07-22,15:03:24,2026-07-22 15:00:00,8750.T,1893.5,10,18935,OK,Yahoo Finance JP full-market screener (delayed)
2026-07-22,15:03:24,2026-07-22 15:00:00,8766.T,7940,12,95280,OK,Yahoo Finance JP full-market screener (delayed)
2026-07-22,15:03:23,2026-07-22 15:00:00,8795.T,5039,14,70546,OK,Yahoo Finance JP full-market screener (delayed)
2026-07-22,15:03:24,2026-07-22 15:00:00,9432.T,151.8,500,75900,OK,Yahoo Finance JP full-market screener (delayed)
2026-07-22,15:03:25,2026-07-22 15:00:00,9433.T,2861.5,23,65814.5,OK,Yahoo Finance JP full-market screener (delayed)
2026-07-22,15:03:10,2026-07-22 15:00:00,9697.T,3381,7,23667,OK,Yahoo Finance JP full-market screener (delayed)
2026-07-22,15:03:21,2026-07-22 15:00:00,9983.T,78260,2,156520,OK,Yahoo Finance JP full-market screener (delayed)
2026-07-22,15:30:00,2026-07-22 16:00:00,1801.T,13630,3,40890,OK,Yahoo Finance JP full-market screener (delayed)
2026-07-22,15:30:00,2026-07-22 16:00:00,1812.T,5598,14,78372,OK,Yahoo Finance JP full-market screener (delayed)
2026-07-22,15:30:00,2026-07-22 16:00:00,5333.T,6219,5,31095,OK,Yahoo Finance JP full-market screener (delayed)
2026-07-22,15:30:00,2026-07-22 16:00:00,5803.T,4751,8,38008,OK,Yahoo Finance JP full-market screener (delayed)
2026-07-22,15:30:00,2026-07-22 16:00:00,6146.T,68590,1,68590,OK,Yahoo Finance JP full-market screener (delayed)
2026-07-22,15:30:00,2026-07-22 16:00:00,6383.T,6379,6,38274,OK,Yahoo Finance JP full-market screener (delayed)
2026-07-22,15:30:00,2026-07-22 16:00:00,6501.T,4807,15,72105,OK,Yahoo Finance JP full-market screener (delayed)
2026-07-22,15:30:00,2026-07-22 16:00:00,6503.T,5629,14,78806,OK,Yahoo Finance JP full-market screener (delayed)
2026-07-22,15:30:00,2026-07-22 16:00:00,6504.T,12935,6,77610,OK,Yahoo Finance JP full-market screener (delayed)
2026-07-22,15:30:00,2026-07-22 16:00:00,6762.T,3107,23,71461,OK,Yahoo Finance JP full-market screener (delayed)
2026-07-22,15:30:00,2026-07-22 16:00:00,6861.T,72110,2,144220,OK,Yahoo Finance JP full-market screener (delayed)
2026-07-22,15:30:00,2026-07-22 16:00:00,7012.T,2736.5,25,68412.5,OK,Yahoo Finance JP full-market screener (delayed)
2026-07-22,15:30:00,2026-07-22 16:00:00,7203.T,2939,23,67597,OK,Yahoo Finance JP full-market screener (delayed)
2026-07-22,15:30:00,2026-07-22 16:00:00,7269.T,2056,20,41120,OK,Yahoo Finance JP full-market screener (delayed)
2026-07-22,15:30:00,2026-07-22 16:00:00,7532.T,866.3,70,60641,OK,Yahoo Finance JP full-market screener (delayed)
2026-07-22,15:30:00,2026-07-22 16:00:00,7832.T,4095,16,65520,OK,Yahoo Finance JP full-market screener (delayed)
2026-07-22,15:30:00,2026-07-22 16:00:00,8035.T,65960,1,65960,OK,Yahoo Finance JP full-market screener (delayed)
2026-07-22,15:30:00,2026-07-22 16:00:00,8306.T,3668,18,66024,OK,Yahoo Finance JP full-market screener (delayed)
2026-07-22,15:30:00,2026-07-22 16:00:00,8316.T,7072,13,91936,OK,Yahoo Finance JP full-market screener (delayed)
2026-07-22,15:30:00,2026-07-22 16:00:00,8411.T,8529,10,85290,OK,Yahoo Finance JP full-market screener (delayed)
2026-07-22,15:30:00,2026-07-22 16:00:00,8591.T,6582,13,85566,OK,Yahoo Finance JP full-market screener (delayed)
2026-07-22,15:30:00,2026-07-22 16:00:00,8630.T,6906,12,82872,OK,Yahoo Finance JP full-market screener (delayed)
2026-07-22,15:30:00,2026-07-22 16:00:00,8750.T,1897,10,18970,OK,Yahoo Finance JP full-market screener (delayed)
2026-07-22,15:30:00,2026-07-22 16:00:00,8766.T,7971,12,95652,OK,Yahoo Finance JP full-market screener (delayed)
2026-07-22,15:30:00,2026-07-22 16:00:00,8795.T,5068,14,70952,OK,Yahoo Finance JP full-market screener (delayed)
2026-07-22,15:30:00,2026-07-22 16:00:00,9432.T,152,500,76000,OK,Yahoo Finance JP full-market screener (delayed)
2026-07-22,15:30:00,2026-07-22 16:00:00,9433.T,2875.5,23,66136.5,OK,Yahoo Finance JP full-market screener (delayed)
2026-07-22,15:30:00,2026-07-22 16:00:00,9697.T,3362,7,23534,OK,Yahoo Finance JP full-market screener (delayed)
2026-07-22,15:30:00,2026-07-22 16:00:00,9983.T,78580,2,157160,OK,Yahoo Finance JP full-market screener (delayed)
2026-07-23,09:15:06,2026-07-23 09:00:00,1801.T,13670,3,41010,OK,Yahoo Finance JP full-market screener (delayed)
2026-07-23,09:15:17,2026-07-23 09:00:00,1812.T,5617,14,78638,OK,Yahoo Finance JP full-market screener (delayed)
2026-07-23,09:15:18,2026-07-23 09:00:00,5333.T,6359,5,31795,OK,Yahoo Finance JP full-market screener (delayed)
2026-07-23,09:15:19,2026-07-23 09:00:00,5803.T,4698,8,37584,OK,Yahoo Finance JP full-market screener (delayed)
2026-07-23,09:15:17,2026-07-23 09:00:00,6146.T,70860,1,70860,OK,Yahoo Finance JP full-market screener (delayed)
2026-07-23,09:15:14,2026-07-23 09:00:00,6383.T,6375,6,38250,OK,Yahoo Finance JP full-market screener (delayed)
2026-07-23,09:15:18,2026-07-23 09:00:00,6501.T,4838,15,72570,OK,Yahoo Finance JP full-market screener (delayed)
2026-07-23,09:15:18,2026-07-23 09:00:00,6503.T,5725,14,80150,OK,Yahoo Finance JP full-market screener (delayed)
2026-07-23,09:15:18,2026-07-23 09:00:00,6504.T,13035,6,78210,OK,Yahoo Finance JP full-market screener (delayed)
2026-07-23,09:15:18,2026-07-23 09:00:00,6762.T,3140,23,72220,OK,Yahoo Finance JP full-market screener (delayed)
2026-07-23,09:15:16,2026-07-23 09:00:00,6861.T,72570,2,145140,OK,Yahoo Finance JP full-market screener (delayed)
2026-07-23,09:15:18,2026-07-23 09:00:00,7012.T,2781.5,25,69537.5,OK,Yahoo Finance JP full-market screener (delayed)
2026-07-23,09:15:18,2026-07-23 09:00:00,7203.T,2924,23,67252,OK,Yahoo Finance JP full-market screener (delayed)
2026-07-23,09:15:18,2026-07-23 09:00:00,7269.T,2048.5,20,40970,OK,Yahoo Finance JP full-market screener (delayed)
2026-07-23,09:15:16,2026-07-23 09:00:00,7532.T,852.5,70,59675,OK,Yahoo Finance JP full-market screener (delayed)
2026-07-23,09:15:14,2026-07-23 09:00:00,7832.T,4057,16,64912,OK,Yahoo Finance JP full-market screener (delayed)
2026-07-23,09:15:19,2026-07-23 09:00:00,8035.T,68240,1,68240,OK,Yahoo Finance JP full-market screener (delayed)
2026-07-23,09:15:18,2026-07-23 09:00:00,8306.T,3677,18,66186,OK,Yahoo Finance JP full-market screener (delayed)
2026-07-23,09:15:18,2026-07-23 09:00:00,8316.T,7112,13,92456,OK,Yahoo Finance JP full-market screener (delayed)
2026-07-23,09:15:18,2026-07-23 09:00:00,8411.T,8656,10,86560,OK,Yahoo Finance JP full-market screener (delayed)
2026-07-23,09:15:12,2026-07-23 09:00:00,8591.T,6599,13,85787,OK,Yahoo Finance JP full-market screener (delayed)
2026-07-23,09:15:18,2026-07-23 09:00:00,8630.T,6930,12,83160,OK,Yahoo Finance JP full-market screener (delayed)
2026-07-23,09:15:18,2026-07-23 09:00:00,8750.T,1886.5,10,18865,OK,Yahoo Finance JP full-market screener (delayed)
2026-07-23,09:15:18,2026-07-23 09:00:00,8766.T,8027,12,96324,OK,Yahoo Finance JP full-market screener (delayed)
2026-07-23,09:15:09,2026-07-23 09:00:00,8795.T,5066,14,70924,OK,Yahoo Finance JP full-market screener (delayed)
2026-07-23,09:15:17,2026-07-23 09:00:00,9432.T,150.7,500,75350,OK,Yahoo Finance JP full-market screener (delayed)
2026-07-23,09:15:17,2026-07-23 09:00:00,9433.T,2843,23,65389,OK,Yahoo Finance JP full-market screener (delayed)
2026-07-23,09:15:15,2026-07-23 09:00:00,9697.T,3287,7,23009,OK,Yahoo Finance JP full-market screener (delayed)
2026-07-23,09:15:18,2026-07-23 09:00:00,9983.T,77620,2,155240,OK,Yahoo Finance JP full-market screener (delayed)
2026-07-23,10:18:42,2026-07-23 10:00:00,1801.T,13780,3,41340,OK,Yahoo Finance JP full-market screener (delayed)
2026-07-23,10:18:24,2026-07-23 10:00:00,1812.T,5637,14,78918,OK,Yahoo Finance JP full-market screener (delayed)
2026-07-23,10:18:43,2026-07-23 10:00:00,5333.T,6261,5,31305,OK,Yahoo Finance JP full-market screener (delayed)
2026-07-23,10:18:45,2026-07-23 10:00:00,5803.T,4715,8,37720,OK,Yahoo Finance JP full-market screener (delayed)
2026-07-23,10:18:42,2026-07-23 10:00:00,6146.T,71450,1,71450,OK,Yahoo Finance JP full-market screener (delayed)
2026-07-23,10:18:36,2026-07-23 10:00:00,6383.T,6361,6,38166,OK,Yahoo Finance JP full-market screener (delayed)
2026-07-23,10:18:43,2026-07-23 10:00:00,6501.T,4845,15,72675,OK,Yahoo Finance JP full-market screener (delayed)
2026-07-23,10:18:43,2026-07-23 10:00:00,6503.T,5735,14,80290,OK,Yahoo Finance JP full-market screener (delayed)
2026-07-23,10:18:42,2026-07-23 10:00:00,6504.T,13050,6,78300,OK,Yahoo Finance JP full-market screener (delayed)
2026-07-23,10:18:43,2026-07-23 10:00:00,6762.T,3122,23,71806,OK,Yahoo Finance JP full-market screener (delayed)
2026-07-23,10:18:44,2026-07-23 10:00:00,6861.T,72970,2,145940,OK,Yahoo Finance JP full-market screener (delayed)
2026-07-23,10:18:46,2026-07-23 10:00:00,7012.T,2791,25,69775,OK,Yahoo Finance JP full-market screener (delayed)
2026-07-23,10:18:44,2026-07-23 10:00:00,7203.T,2932.5,23,67447.5,OK,Yahoo Finance JP full-market screener (delayed)
2026-07-23,10:18:42,2026-07-23 10:00:00,7269.T,2051,20,41020,OK,Yahoo Finance JP full-market screener (delayed)
2026-07-23,10:18:42,2026-07-23 10:00:00,7532.T,855.9,70,59913,OK,Yahoo Finance JP full-market screener (delayed)
2026-07-23,10:18:42,2026-07-23 10:00:00,7832.T,4088,16,65408,OK,Yahoo Finance JP full-market screener (delayed)
2026-07-23,10:18:42,2026-07-23 10:00:00,8035.T,67930,1,67930,OK,Yahoo Finance JP full-market screener (delayed)
2026-07-23,10:18:45,2026-07-23 10:00:00,8306.T,3719,18,66942,OK,Yahoo Finance JP full-market screener (delayed)
2026-07-23,10:18:45,2026-07-23 10:00:00,8316.T,7184,13,93392,OK,Yahoo Finance JP full-market screener (delayed)
2026-07-23,10:18:46,2026-07-23 10:00:00,8411.T,8751,10,87510,OK,Yahoo Finance JP full-market screener (delayed)
2026-07-23,10:18:43,2026-07-23 10:00:00,8591.T,6637,13,86281,OK,Yahoo Finance JP full-market screener (delayed)
2026-07-23,10:18:44,2026-07-23 10:00:00,8630.T,6973,12,83676,OK,Yahoo Finance JP full-market screener (delayed)
2026-07-23,10:18:46,2026-07-23 10:00:00,8750.T,1901,10,19010,OK,Yahoo Finance JP full-market screener (delayed)
2026-07-23,10:18:44,2026-07-23 10:00:00,8766.T,8018,12,96216,OK,Yahoo Finance JP full-market screener (delayed)
2026-07-23,10:18:45,2026-07-23 10:00:00,8795.T,5090,14,71260,OK,Yahoo Finance JP full-market screener (delayed)
2026-07-23,10:18:44,2026-07-23 10:00:00,9432.T,150.6,500,75300,OK,Yahoo Finance JP full-market screener (delayed)
2026-07-23,10:18:46,2026-07-23 10:00:00,9433.T,2855.5,23,65676.5,OK,Yahoo Finance JP full-market screener (delayed)
2026-07-23,10:18:46,2026-07-23 10:00:00,9697.T,3317,7,23219,OK,Yahoo Finance JP full-market screener (delayed)
2026-07-23,10:18:42,2026-07-23 10:00:00,9983.T,77560,2,155120,OK,Yahoo Finance JP full-market screener (delayed)
2026-07-23,11:16:31,2026-07-23 11:00:00,1801.T,13825,3,41475,OK,Yahoo Finance JP full-market screener (delayed)
2026-07-23,11:15:45,2026-07-23 11:00:00,1812.T,5649,14,79086,OK,Yahoo Finance JP full-market screener (delayed)
2026-07-23,11:16:34,2026-07-23 11:00:00,5333.T,6245,5,31225,OK,Yahoo Finance JP full-market screener (delayed)
2026-07-23,11:16:34,2026-07-23 11:00:00,5803.T,4691,8,37528,OK,Yahoo Finance JP full-market screener (delayed)
2026-07-23,11:16:31,2026-07-23 11:00:00,6146.T,70400,1,70400,OK,Yahoo Finance JP full-market screener (delayed)
2026-07-23,11:16:29,2026-07-23 11:00:00,6383.T,6367,6,38202,OK,Yahoo Finance JP full-market screener (delayed)
2026-07-23,11:16:29,2026-07-23 11:00:00,6501.T,4842,15,72630,OK,Yahoo Finance JP full-market screener (delayed)
2026-07-23,11:16:35,2026-07-23 11:00:00,6503.T,5725,14,80150,OK,Yahoo Finance JP full-market screener (delayed)
2026-07-23,11:16:34,2026-07-23 11:00:00,6504.T,13135,6,78810,OK,Yahoo Finance JP full-market screener (delayed)
2026-07-23,11:16:36,2026-07-23 11:00:00,6762.T,3131,23,72013,OK,Yahoo Finance JP full-market screener (delayed)
2026-07-23,11:16:32,2026-07-23 11:00:00,6861.T,72750,2,145500,OK,Yahoo Finance JP full-market screener (delayed)
2026-07-23,11:16:35,2026-07-23 11:00:00,7012.T,2801.5,25,70037.5,OK,Yahoo Finance JP full-market screener (delayed)
2026-07-23,11:16:34,2026-07-23 11:00:00,7203.T,2935,23,67505,OK,Yahoo Finance JP full-market screener (delayed)
2026-07-23,11:16:35,2026-07-23 11:00:00,7269.T,2050.5,20,41010,OK,Yahoo Finance JP full-market screener (delayed)
2026-07-23,11:16:33,2026-07-23 11:00:00,7532.T,853.8,70,59766,OK,Yahoo Finance JP full-market screener (delayed)
2026-07-23,11:16:30,2026-07-23 11:00:00,7832.T,4074,16,65184,OK,Yahoo Finance JP full-market screener (delayed)
2026-07-23,11:16:35,2026-07-23 11:00:00,8035.T,66750,1,66750,OK,Yahoo Finance JP full-market screener (delayed)
2026-07-23,11:16:35,2026-07-23 11:00:00,8306.T,3729,18,67122,OK,Yahoo Finance JP full-market screener (delayed)
2026-07-23,11:16:37,2026-07-23 11:00:00,8316.T,7189,13,93457,OK,Yahoo Finance JP full-market screener (delayed)
2026-07-23,11:16:37,2026-07-23 11:00:00,8411.T,8767,10,87670,OK,Yahoo Finance JP full-market screener (delayed)
2026-07-23,11:16:34,2026-07-23 11:00:00,8591.T,6626,13,86138,OK,Yahoo Finance JP full-market screener (delayed)
2026-07-23,11:16:37,2026-07-23 11:00:00,8630.T,6976,12,83712,OK,Yahoo Finance JP full-market screener (delayed)
2026-07-23,11:16:37,2026-07-23 11:00:00,8750.T,1900,10,19000,OK,Yahoo Finance JP full-market screener (delayed)
2026-07-23,11:16:34,2026-07-23 11:00:00,8766.T,8000,12,96000,OK,Yahoo Finance JP full-market screener (delayed)
2026-07-23,11:16:18,2026-07-23 11:00:00,8795.T,5069,14,70966,OK,Yahoo Finance JP full-market screener (delayed)
2026-07-23,11:16:31,2026-07-23 11:00:00,9432.T,150.4,500,75200,OK,Yahoo Finance JP full-market screener (delayed)
2026-07-23,11:16:36,2026-07-23 11:00:00,9433.T,2864,23,65872,OK,Yahoo Finance JP full-market screener (delayed)
2026-07-23,11:16:35,2026-07-23 11:00:00,9697.T,3302,7,23114,OK,Yahoo Finance JP full-market screener (delayed)
2026-07-23,11:16:32,2026-07-23 11:00:00,9983.T,77320,2,154640,OK,Yahoo Finance JP full-market screener (delayed)
2026-07-29,15:30:00,2026-07-29 16:00:00,1801.T,13035,3,39105,OK,Yahoo Finance JP full-market screener (delayed)
2026-07-29,15:30:00,2026-07-29 16:00:00,1812.T,5397,14,75558,OK,Yahoo Finance JP full-market screener (delayed)
2026-07-29,15:30:00,2026-07-29 16:00:00,5333.T,5180,5,25900,OK,Yahoo Finance JP full-market screener (delayed)
2026-07-29,15:30:00,2026-07-29 16:00:00,5803.T,3760,8,30080,OK,Yahoo Finance JP full-market screener (delayed)
2026-07-29,15:30:00,2026-07-29 16:00:00,6146.T,51320,1,51320,OK,Yahoo Finance JP full-market screener (delayed)
2026-07-29,15:30:00,2026-07-29 16:00:00,6383.T,5753,6,34518,OK,Yahoo Finance JP full-market screener (delayed)
2026-07-29,15:30:00,2026-07-29 16:00:00,6501.T,4957,15,74355,OK,Yahoo Finance JP full-market screener (delayed)
2026-07-29,15:30:00,2026-07-29 16:00:00,6503.T,5172,14,72408,OK,Yahoo Finance JP full-market screener (delayed)
2026-07-29,15:30:00,2026-07-29 16:00:00,6504.T,12045,6,72270,OK,Yahoo Finance JP full-market screener (delayed)
2026-07-29,15:30:00,2026-07-29 16:00:00,6762.T,2746,23,63158,OK,Yahoo Finance JP full-market screener (delayed)
2026-07-29,15:30:00,2026-07-29 16:00:00,6861.T,77590,2,155180,OK,Yahoo Finance JP full-market screener (delayed)
2026-07-29,15:30:00,2026-07-29 16:00:00,7012.T,2674.5,25,66862.5,OK,Yahoo Finance JP full-market screener (delayed)
2026-07-29,15:30:00,2026-07-29 16:00:00,7203.T,3224,23,74152,OK,Yahoo Finance JP full-market screener (delayed)
2026-07-29,15:30:00,2026-07-29 16:00:00,7269.T,2145.5,20,42910,OK,Yahoo Finance JP full-market screener (delayed)
2026-07-29,15:30:00,2026-07-29 16:00:00,7532.T,964.6,70,67522,OK,Yahoo Finance JP full-market screener (delayed)
2026-07-29,15:30:00,2026-07-29 16:00:00,7832.T,4747,16,75952,OK,Yahoo Finance JP full-market screener (delayed)
2026-07-29,15:30:00,2026-07-29 16:00:00,8035.T,50000,1,50000,OK,Yahoo Finance JP full-market screener (delayed)
2026-07-29,15:30:00,2026-07-29 16:00:00,8306.T,3647,18,65646,OK,Yahoo Finance JP full-market screener (delayed)
2026-07-29,15:30:00,2026-07-29 16:00:00,8316.T,6876,13,89388,OK,Yahoo Finance JP full-market screener (delayed)
2026-07-29,15:30:00,2026-07-29 16:00:00,8411.T,8112,10,81120,OK,Yahoo Finance JP full-market screener (delayed)
2026-07-29,15:30:00,2026-07-29 16:00:00,8591.T,6496,13,84448,OK,Yahoo Finance JP full-market screener (delayed)
2026-07-29,15:30:00,2026-07-29 16:00:00,8630.T,7361,12,88332,OK,Yahoo Finance JP full-market screener (delayed)
2026-07-29,15:30:00,2026-07-29 16:00:00,8750.T,1936,10,19360,OK,Yahoo Finance JP full-market screener (delayed)
2026-07-29,15:30:00,2026-07-29 16:00:00,8766.T,8393,12,100716,OK,Yahoo Finance JP full-market screener (delayed)
2026-07-29,15:30:00,2026-07-29 16:00:00,8795.T,5080,14,71120,OK,Yahoo Finance JP full-market screener (delayed)
2026-07-29,15:30:00,2026-07-29 16:00:00,9432.T,160.3,500,80150,OK,Yahoo Finance JP full-market screener (delayed)
2026-07-29,15:30:00,2026-07-29 16:00:00,9433.T,3108,23,71484,OK,Yahoo Finance JP full-market screener (delayed)
2026-07-29,15:30:00,2026-07-29 16:00:00,9697.T,4229,7,29603,OK,Yahoo Finance JP full-market screener (delayed)
2026-07-29,15:30:00,2026-07-29 16:00:00,9983.T,80400,2,160800,OK,Yahoo Finance JP full-market screener (delayed)
2026-07-29,15:30:00,2026-07-29 17:00:00,1801.T,13035,3,39105,OK,Yahoo Finance JP full-market screener (delayed)
2026-07-29,15:30:00,2026-07-29 17:00:00,1812.T,5397,14,75558,OK,Yahoo Finance JP full-market screener (delayed)
2026-07-29,15:30:00,2026-07-29 17:00:00,5333.T,5180,5,25900,OK,Yahoo Finance JP full-market screener (delayed)
2026-07-29,15:30:00,2026-07-29 17:00:00,5803.T,3760,8,30080,OK,Yahoo Finance JP full-market screener (delayed)
2026-07-29,15:30:00,2026-07-29 17:00:00,6146.T,51320,1,51320,OK,Yahoo Finance JP full-market screener (delayed)
2026-07-29,15:30:00,2026-07-29 17:00:00,6383.T,5753,6,34518,OK,Yahoo Finance JP full-market screener (delayed)
2026-07-29,15:30:00,2026-07-29 17:00:00,6501.T,4957,15,74355,OK,Yahoo Finance JP full-market screener (delayed)
2026-07-29,15:30:00,2026-07-29 17:00:00,6503.T,5172,14,72408,OK,Yahoo Finance JP full-market screener (delayed)
2026-07-29,15:30:00,2026-07-29 17:00:00,6504.T,12045,6,72270,OK,Yahoo Finance JP full-market screener (delayed)
2026-07-29,15:30:00,2026-07-29 17:00:00,6762.T,2746,23,63158,OK,Yahoo Finance JP full-market screener (delayed)
2026-07-29,15:30:00,2026-07-29 17:00:00,6861.T,77590,2,155180,OK,Yahoo Finance JP full-market screener (delayed)
2026-07-29,15:30:00,2026-07-29 17:00:00,7012.T,2674.5,25,66862.5,OK,Yahoo Finance JP full-market screener (delayed)
2026-07-29,15:30:00,2026-07-29 17:00:00,7203.T,3224,23,74152,OK,Yahoo Finance JP full-market screener (delayed)
2026-07-29,15:30:00,2026-07-29 17:00:00,7269.T,2145.5,20,42910,OK,Yahoo Finance JP full-market screener (delayed)
2026-07-29,15:30:00,2026-07-29 17:00:00,7532.T,964.6,70,67522,OK,Yahoo Finance JP full-market screener (delayed)
2026-07-29,15:30:00,2026-07-29 17:00:00,7832.T,4747,16,75952,OK,Yahoo Finance JP full-market screener (delayed)
2026-07-29,15:30:00,2026-07-29 17:00:00,8035.T,50000,1,50000,OK,Yahoo Finance JP full-market screener (delayed)
2026-07-29,15:30:00,2026-07-29 17:00:00,8306.T,3647,18,65646,OK,Yahoo Finance JP full-market screener (delayed)
2026-07-29,15:30:00,2026-07-29 17:00:00,8316.T,6876,13,89388,OK,Yahoo Finance JP full-market screener (delayed)
2026-07-29,15:30:00,2026-07-29 17:00:00,8411.T,8112,10,81120,OK,Yahoo Finance JP full-market screener (delayed)
2026-07-29,15:30:00,2026-07-29 17:00:00,8591.T,6496,13,84448,OK,Yahoo Finance JP full-market screener (delayed)
2026-07-29,15:30:00,2026-07-29 17:00:00,8630.T,7361,12,88332,OK,Yahoo Finance JP full-market screener (delayed)
2026-07-29,15:30:00,2026-07-29 17:00:00,8750.T,1936,10,19360,OK,Yahoo Finance JP full-market screener (delayed)
2026-07-29,15:30:00,2026-07-29 17:00:00,8766.T,8393,12,100716,OK,Yahoo Finance JP full-market screener (delayed)
2026-07-29,15:30:00,2026-07-29 17:00:00,8795.T,5080,14,71120,OK,Yahoo Finance JP full-market screener (delayed)
2026-07-29,15:30:00,2026-07-29 17:00:00,9432.T,160.3,500,80150,OK,Yahoo Finance JP full-market screener (delayed)
2026-07-29,15:30:00,2026-07-29 17:00:00,9433.T,3108,23,71484,OK,Yahoo Finance JP full-market screener (delayed)
2026-07-29,15:30:00,2026-07-29 17:00:00,9697.T,4229,7,29603,OK,Yahoo Finance JP full-market screener (delayed)
2026-07-29,15:30:00,2026-07-29 17:00:00,9983.T,80400,2,160800,OK,Yahoo Finance JP full-market screener (delayed)
2026-07-30,09:04:41,2026-07-30 09:00:00,1801.T,13035,3,39105,OK,Yahoo Finance JP full-market screener (delayed)
2026-07-30,09:05:05,2026-07-30 09:00:00,1812.T,5332,14,74648,OK,Yahoo Finance JP full-market screener (delayed)
2026-07-30,09:05:05,2026-07-30 09:00:00,5333.T,5119,5,25595,OK,Yahoo Finance JP full-market screener (delayed)
2026-07-30,09:05:06,2026-07-30 09:00:00,5803.T,3709,8,29672,OK,Yahoo Finance JP full-market screener (delayed)
2026-07-30,09:05:06,2026-07-30 09:00:00,6146.T,49550,1,49550,OK,Yahoo Finance JP full-market screener (delayed)
2026-07-30,09:05:02,2026-07-30 09:00:00,6383.T,5628,6,33768,OK,Yahoo Finance JP full-market screener (delayed)
2026-07-29,15:30:00,2026-07-30 09:00:00,6501.T,4957,15,74355,OK,Yahoo Finance JP full-market screener (delayed)
2026-07-30,09:05:05,2026-07-30 09:00:00,6503.T,5122,14,71708,OK,Yahoo Finance JP full-market screener (delayed)
2026-07-30,09:04:47,2026-07-30 09:00:00,6504.T,12045,6,72270,OK,Yahoo Finance JP full-market screener (delayed)
2026-07-30,09:05:06,2026-07-30 09:00:00,6762.T,2730,23,62790,OK,Yahoo Finance JP full-market screener (delayed)
2026-07-30,09:05:04,2026-07-30 09:00:00,6861.T,78390,2,156780,OK,Yahoo Finance JP full-market screener (delayed)
2026-07-30,09:05:05,2026-07-30 09:00:00,7012.T,2630,25,65750,OK,Yahoo Finance JP full-market screener (delayed)
2026-07-30,09:05:05,2026-07-30 09:00:00,7203.T,3160,23,72680,OK,Yahoo Finance JP full-market screener (delayed)
2026-07-30,09:05:06,2026-07-30 09:00:00,7269.T,2142,20,42840,OK,Yahoo Finance JP full-market screener (delayed)
2026-07-30,09:05:05,2026-07-30 09:00:00,7532.T,958.9,70,67123,OK,Yahoo Finance JP full-market screener (delayed)
2026-07-30,09:05:05,2026-07-30 09:00:00,7832.T,4842,16,77472,OK,Yahoo Finance JP full-market screener (delayed)
2026-07-30,09:05:05,2026-07-30 09:00:00,8035.T,49690,1,49690,OK,Yahoo Finance JP full-market screener (delayed)
2026-07-30,09:05:06,2026-07-30 09:00:00,8306.T,3549,18,63882,OK,Yahoo Finance JP full-market screener (delayed)
2026-07-30,09:05:05,2026-07-30 09:00:00,8316.T,6719,13,87347,OK,Yahoo Finance JP full-market screener (delayed)
2026-07-29,15:30:00,2026-07-30 09:00:00,8411.T,8112,10,81120,OK,Yahoo Finance JP full-market screener (delayed)
2026-07-30,09:05:05,2026-07-30 09:00:00,8591.T,6307,13,81991,OK,Yahoo Finance JP full-market screener (delayed)
2026-07-30,09:05:06,2026-07-30 09:00:00,8630.T,7275,12,87300,OK,Yahoo Finance JP full-market screener (delayed)
2026-07-30,09:05:05,2026-07-30 09:00:00,8750.T,1877,10,18770,OK,Yahoo Finance JP full-market screener (delayed)
2026-07-30,09:05:06,2026-07-30 09:00:00,8766.T,8145,12,97740,OK,Yahoo Finance JP full-market screener (delayed)
2026-07-30,09:05:04,2026-07-30 09:00:00,8795.T,4949,14,69286,OK,Yahoo Finance JP full-market screener (delayed)
2026-07-30,09:05:06,2026-07-30 09:00:00,9432.T,160.5,500,80250,OK,Yahoo Finance JP full-market screener (delayed)
2026-07-30,09:05:05,2026-07-30 09:00:00,9433.T,3117,23,71691,OK,Yahoo Finance JP full-market screener (delayed)
2026-07-30,09:05:04,2026-07-30 09:00:00,9697.T,4175,7,29225,OK,Yahoo Finance JP full-market screener (delayed)
2026-07-30,09:05:05,2026-07-30 09:00:00,9983.T,79600,2,159200,OK,Yahoo Finance JP full-market screener (delayed)
2026-07-30,10:05:04,2026-07-30 10:00:00,1801.T,13170,3,39510,OK,Yahoo Finance JP full-market screener (delayed)
2026-07-30,10:05:04,2026-07-30 10:00:00,1812.T,5444,14,76216,OK,Yahoo Finance JP full-market screener (delayed)
2026-07-30,10:05:04,2026-07-30 10:00:00,5333.T,5378,5,26890,OK,Yahoo Finance JP full-market screener (delayed)
2026-07-30,10:05:05,2026-07-30 10:00:00,5803.T,3892,8,31136,OK,Yahoo Finance JP full-market screener (delayed)
2026-07-30,10:05:04,2026-07-30 10:00:00,6146.T,52800,1,52800,OK,Yahoo Finance JP full-market screener (delayed)
2026-07-30,10:05:06,2026-07-30 10:00:00,6383.T,5762,6,34572,OK,Yahoo Finance JP full-market screener (delayed)
2026-07-30,10:05:04,2026-07-30 10:00:00,6501.T,5101,15,76515,OK,Yahoo Finance JP full-market screener (delayed)
2026-07-30,10:05:05,2026-07-30 10:00:00,6503.T,5268,14,73752,OK,Yahoo Finance JP full-market screener (delayed)
2026-07-30,10:05:03,2026-07-30 10:00:00,6504.T,12475,6,74850,OK,Yahoo Finance JP full-market screener (delayed)
2026-07-30,10:05:05,2026-07-30 10:00:00,6762.T,2892.5,23,66527.5,OK,Yahoo Finance JP full-market screener (delayed)
2026-07-30,10:04:57,2026-07-30 10:00:00,6861.T,78980,2,157960,OK,Yahoo Finance JP full-market screener (delayed)
2026-07-30,10:05:06,2026-07-30 10:00:00,7012.T,2706,25,67650,OK,Yahoo Finance JP full-market screener (delayed)
2026-07-30,10:05:05,2026-07-30 10:00:00,7203.T,3151,23,72473,OK,Yahoo Finance JP full-market screener (delayed)
2026-07-30,10:05:05,2026-07-30 10:00:00,7269.T,2144.5,20,42890,OK,Yahoo Finance JP full-market screener (delayed)
2026-07-30,10:05:03,2026-07-30 10:00:00,7532.T,936.6,70,65562,OK,Yahoo Finance JP full-market screener (delayed)
2026-07-30,10:05:04,2026-07-30 10:00:00,7832.T,4705,16,75280,OK,Yahoo Finance JP full-market screener (delayed)
2026-07-30,10:05:05,2026-07-30 10:00:00,8035.T,53240,1,53240,OK,Yahoo Finance JP full-market screener (delayed)
2026-07-30,10:05:04,2026-07-30 10:00:00,8306.T,3557,18,64026,OK,Yahoo Finance JP full-market screener (delayed)
2026-07-30,10:05:04,2026-07-30 10:00:00,8316.T,6766,13,87958,OK,Yahoo Finance JP full-market screener (delayed)
2026-07-30,10:05:04,2026-07-30 10:00:00,8411.T,7909,10,79090,OK,Yahoo Finance JP full-market screener (delayed)
2026-07-30,10:05:05,2026-07-30 10:00:00,8591.T,6365,13,82745,OK,Yahoo Finance JP full-market screener (delayed)
2026-07-30,10:05:01,2026-07-30 10:00:00,8630.T,7244,12,86928,OK,Yahoo Finance JP full-market screener (delayed)
2026-07-30,10:05:04,2026-07-30 10:00:00,8750.T,1898.5,10,18985,OK,Yahoo Finance JP full-market screener (delayed)
2026-07-30,10:05:04,2026-07-30 10:00:00,8766.T,8179,12,98148,OK,Yahoo Finance JP full-market screener (delayed)
2026-07-30,10:04:42,2026-07-30 10:00:00,8795.T,5012,14,70168,OK,Yahoo Finance JP full-market screener (delayed)
2026-07-30,10:05:04,2026-07-30 10:00:00,9432.T,158.5,500,79250,OK,Yahoo Finance JP full-market screener (delayed)
2026-07-30,10:05:04,2026-07-30 10:00:00,9433.T,3057,23,70311,OK,Yahoo Finance JP full-market screener (delayed)
2026-07-30,10:05:05,2026-07-30 10:00:00,9697.T,4020,7,28140,OK,Yahoo Finance JP full-market screener (delayed)
2026-07-30,10:05:05,2026-07-30 10:00:00,9983.T,79660,2,159320,OK,Yahoo Finance JP full-market screener (delayed)
2026-07-30,11:05:00,2026-07-30 11:00:00,1801.T,13420,3,40260,OK,Yahoo Finance JP full-market screener (delayed)
2026-07-30,11:05:00,2026-07-30 11:00:00,1812.T,5505,14,77070,OK,Yahoo Finance JP full-market screener (delayed)
2026-07-30,11:04:56,2026-07-30 11:00:00,5333.T,5403,5,27015,OK,Yahoo Finance JP full-market screener (delayed)
2026-07-30,11:05:05,2026-07-30 11:00:00,5803.T,3826,8,30608,OK,Yahoo Finance JP full-market screener (delayed)
2026-07-30,11:05:04,2026-07-30 11:00:00,6146.T,52710,1,52710,OK,Yahoo Finance JP full-market screener (delayed)
2026-07-30,11:05:03,2026-07-30 11:00:00,6383.T,5790,6,34740,OK,Yahoo Finance JP full-market screener (delayed)
2026-07-30,11:05:04,2026-07-30 11:00:00,6501.T,5142,15,77130,OK,Yahoo Finance JP full-market screener (delayed)
2026-07-30,11:05:05,2026-07-30 11:00:00,6503.T,5334,14,74676,OK,Yahoo Finance JP full-market screener (delayed)
2026-07-30,11:04:57,2026-07-30 11:00:00,6504.T,12500,6,75000,OK,Yahoo Finance JP full-market screener (delayed)
2026-07-30,11:05:06,2026-07-30 11:00:00,6762.T,2906,23,66838,OK,Yahoo Finance JP full-market screener (delayed)
2026-07-30,11:04:43,2026-07-30 11:00:00,6861.T,79820,2,159640,OK,Yahoo Finance JP full-market screener (delayed)
2026-07-30,11:05:05,2026-07-30 11:00:00,7012.T,2703.5,25,67587.5,OK,Yahoo Finance JP full-market screener (delayed)
2026-07-30,11:05:04,2026-07-30 11:00:00,7203.T,3175,23,73025,OK,Yahoo Finance JP full-market screener (delayed)
2026-07-30,11:05:04,2026-07-30 11:00:00,7269.T,2155,20,43100,OK,Yahoo Finance JP full-market screener (delayed)
2026-07-30,11:05:05,2026-07-30 11:00:00,7532.T,934.8,70,65436,OK,Yahoo Finance JP full-market screener (delayed)
2026-07-30,11:05:02,2026-07-30 11:00:00,7832.T,4703,16,75248,OK,Yahoo Finance JP full-market screener (delayed)
2026-07-30,11:05:03,2026-07-30 11:00:00,8035.T,53070,1,53070,OK,Yahoo Finance JP full-market screener (delayed)
2026-07-30,11:05:04,2026-07-30 11:00:00,8306.T,3544,18,63792,OK,Yahoo Finance JP full-market screener (delayed)
2026-07-30,11:05:03,2026-07-30 11:00:00,8316.T,6764,13,87932,OK,Yahoo Finance JP full-market screener (delayed)
2026-07-30,11:05:05,2026-07-30 11:00:00,8411.T,7908,10,79080,OK,Yahoo Finance JP full-market screener (delayed)
2026-07-30,11:05:05,2026-07-30 11:00:00,8591.T,6345,13,82485,OK,Yahoo Finance JP full-market screener (delayed)
2026-07-30,11:05:01,2026-07-30 11:00:00,8630.T,7248,12,86976,OK,Yahoo Finance JP full-market screener (delayed)
2026-07-30,11:05:04,2026-07-30 11:00:00,8750.T,1904.5,10,19045,OK,Yahoo Finance JP full-market screener (delayed)
2026-07-30,11:05:05,2026-07-30 11:00:00,8766.T,8187,12,98244,OK,Yahoo Finance JP full-market screener (delayed)
2026-07-30,11:05:01,2026-07-30 11:00:00,8795.T,5037,14,70518,OK,Yahoo Finance JP full-market screener (delayed)
2026-07-30,11:05:02,2026-07-30 11:00:00,9432.T,158.1,500,79050,OK,Yahoo Finance JP full-market screener (delayed)
2026-07-30,11:05:02,2026-07-30 11:00:00,9433.T,3039,23,69897,OK,Yahoo Finance JP full-market screener (delayed)
2026-07-30,11:05:05,2026-07-30 11:00:00,9697.T,4043,7,28301,OK,Yahoo Finance JP full-market screener (delayed)
2026-07-30,11:05:05,2026-07-30 11:00:00,9983.T,79440,2,158880,OK,Yahoo Finance JP full-market screener (delayed)
2026-07-30,11:30:00,2026-07-30 12:00:00,1801.T,13405,3,40215,OK,Yahoo Finance JP full-market screener (delayed)
2026-07-30,11:30:00,2026-07-30 12:00:00,1812.T,5490,14,76860,OK,Yahoo Finance JP full-market screener (delayed)
2026-07-30,11:30:00,2026-07-30 12:00:00,5333.T,5392,5,26960,OK,Yahoo Finance JP full-market screener (delayed)
2026-07-30,11:30:00,2026-07-30 12:00:00,5803.T,3779,8,30232,OK,Yahoo Finance JP full-market screener (delayed)
2026-07-30,11:30:00,2026-07-30 12:00:00,6146.T,51960,1,51960,OK,Yahoo Finance JP full-market screener (delayed)
2026-07-30,11:30:00,2026-07-30 12:00:00,6383.T,5772,6,34632,OK,Yahoo Finance JP full-market screener (delayed)
2026-07-30,11:30:00,2026-07-30 12:00:00,6501.T,5188,15,77820,OK,Yahoo Finance JP full-market screener (delayed)
2026-07-30,11:30:00,2026-07-30 12:00:00,6503.T,5329,14,74606,OK,Yahoo Finance JP full-market screener (delayed)
2026-07-30,11:30:00,2026-07-30 12:00:00,6504.T,12515,6,75090,OK,Yahoo Finance JP full-market screener (delayed)
2026-07-30,11:30:00,2026-07-30 12:00:00,6762.T,2896,23,66608,OK,Yahoo Finance JP full-market screener (delayed)
2026-07-30,11:30:00,2026-07-30 12:00:00,6861.T,79400,2,158800,OK,Yahoo Finance JP full-market screener (delayed)
2026-07-30,11:30:00,2026-07-30 12:00:00,7012.T,2696.5,25,67412.5,OK,Yahoo Finance JP full-market screener (delayed)
2026-07-30,11:30:00,2026-07-30 12:00:00,7203.T,3169,23,72887,OK,Yahoo Finance JP full-market screener (delayed)
2026-07-30,11:30:00,2026-07-30 12:00:00,7269.T,2156,20,43120,OK,Yahoo Finance JP full-market screener (delayed)
2026-07-30,11:30:00,2026-07-30 12:00:00,7532.T,930.1,70,65107,OK,Yahoo Finance JP full-market screener (delayed)
2026-07-30,11:30:00,2026-07-30 12:00:00,7832.T,4696,16,75136,OK,Yahoo Finance JP full-market screener (delayed)
2026-07-30,11:30:00,2026-07-30 12:00:00,8035.T,52660,1,52660,OK,Yahoo Finance JP full-market screener (delayed)
2026-07-30,11:30:00,2026-07-30 12:00:00,8306.T,3531,18,63558,OK,Yahoo Finance JP full-market screener (delayed)
2026-07-30,11:30:00,2026-07-30 12:00:00,8316.T,6728,13,87464,OK,Yahoo Finance JP full-market screener (delayed)
2026-07-30,11:30:00,2026-07-30 12:00:00,8411.T,7872,10,78720,OK,Yahoo Finance JP full-market screener (delayed)
2026-07-30,11:30:00,2026-07-30 12:00:00,8591.T,6327,13,82251,OK,Yahoo Finance JP full-market screener (delayed)
2026-07-30,11:30:00,2026-07-30 12:00:00,8630.T,7236,12,86832,OK,Yahoo Finance JP full-market screener (delayed)
2026-07-30,11:30:00,2026-07-30 12:00:00,8750.T,1902.5,10,19025,OK,Yahoo Finance JP full-market screener (delayed)
2026-07-30,11:30:00,2026-07-30 12:00:00,8766.T,8178,12,98136,OK,Yahoo Finance JP full-market screener (delayed)
2026-07-30,11:30:00,2026-07-30 12:00:00,8795.T,5024,14,70336,OK,Yahoo Finance JP full-market screener (delayed)
2026-07-30,11:30:00,2026-07-30 12:00:00,9432.T,158.1,500,79050,OK,Yahoo Finance JP full-market screener (delayed)
2026-07-30,11:30:00,2026-07-30 12:00:00,9433.T,3021,23,69483,OK,Yahoo Finance JP full-market screener (delayed)
2026-07-30,11:30:00,2026-07-30 12:00:00,9697.T,4063,7,28441,OK,Yahoo Finance JP full-market screener (delayed)
2026-07-30,11:30:00,2026-07-30 12:00:00,9983.T,78830,2,157660,OK,Yahoo Finance JP full-market screener (delayed)
2026-07-30,13:04:59,2026-07-30 13:00:00,1801.T,13095,3,39285,OK,Yahoo Finance JP full-market screener (delayed)
2026-07-30,13:05:06,2026-07-30 13:00:00,1812.T,5376,14,75264,OK,Yahoo Finance JP full-market screener (delayed)
2026-07-30,13:05:02,2026-07-30 13:00:00,5333.T,5320,5,26600,OK,Yahoo Finance JP full-market screener (delayed)
2026-07-30,13:05:06,2026-07-30 13:00:00,5803.T,3748,8,29984,OK,Yahoo Finance JP full-market screener (delayed)
2026-07-30,13:05:06,2026-07-30 13:00:00,6146.T,52000,1,52000,OK,Yahoo Finance JP full-market screener (delayed)
2026-07-30,13:04:56,2026-07-30 13:00:00,6383.T,5744,6,34464,OK,Yahoo Finance JP full-market screener (delayed)
2026-07-30,13:05:06,2026-07-30 13:00:00,6501.T,5172,15,77580,OK,Yahoo Finance JP full-market screener (delayed)
2026-07-30,13:05:05,2026-07-30 13:00:00,6503.T,5284,14,73976,OK,Yahoo Finance JP full-market screener (delayed)
2026-07-30,13:05:05,2026-07-30 13:00:00,6504.T,12525,6,75150,OK,Yahoo Finance JP full-market screener (delayed)
2026-07-30,13:05:05,2026-07-30 13:00:00,6762.T,2853.5,23,65630.5,OK,Yahoo Finance JP full-market screener (delayed)
2026-07-30,13:04:56,2026-07-30 13:00:00,6861.T,79380,2,158760,OK,Yahoo Finance JP full-market screener (delayed)
2026-07-30,13:05:05,2026-07-30 13:00:00,7012.T,2679.5,25,66987.5,OK,Yahoo Finance JP full-market screener (delayed)
2026-07-30,13:05:05,2026-07-30 13:00:00,7203.T,3178,23,73094,OK,Yahoo Finance JP full-market screener (delayed)
2026-07-30,13:05:05,2026-07-30 13:00:00,7269.T,2152,20,43040,OK,Yahoo Finance JP full-market screener (delayed)
2026-07-30,13:05:05,2026-07-30 13:00:00,7532.T,936.6,70,65562,OK,Yahoo Finance JP full-market screener (delayed)
2026-07-30,13:05:05,2026-07-30 13:00:00,7832.T,4701,16,75216,OK,Yahoo Finance JP full-market screener (delayed)
2026-07-30,13:05:06,2026-07-30 13:00:00,8035.T,52660,1,52660,OK,Yahoo Finance JP full-market screener (delayed)
2026-07-30,13:05:05,2026-07-30 13:00:00,8306.T,3537,18,63666,OK,Yahoo Finance JP full-market screener (delayed)
2026-07-30,13:05:05,2026-07-30 13:00:00,8316.T,6726,13,87438,OK,Yahoo Finance JP full-market screener (delayed)
2026-07-30,13:05:06,2026-07-30 13:00:00,8411.T,7860,10,78600,OK,Yahoo Finance JP full-market screener (delayed)
2026-07-30,13:05:06,2026-07-30 13:00:00,8591.T,6321,13,82173,OK,Yahoo Finance JP full-market screener (delayed)
2026-07-30,13:05:05,2026-07-30 13:00:00,8630.T,7229,12,86748,OK,Yahoo Finance JP full-market screener (delayed)
2026-07-30,13:05:06,2026-07-30 13:00:00,8750.T,1896,10,18960,OK,Yahoo Finance JP full-market screener (delayed)
2026-07-30,13:05:05,2026-07-30 13:00:00,8766.T,8201,12,98412,OK,Yahoo Finance JP full-market screener (delayed)
2026-07-30,13:04:48,2026-07-30 13:00:00,8795.T,5006,14,70084,OK,Yahoo Finance JP full-market screener (delayed)
2026-07-30,13:05:05,2026-07-30 13:00:00,9432.T,158.5,500,79250,OK,Yahoo Finance JP full-market screener (delayed)
2026-07-30,13:05:06,2026-07-30 13:00:00,9433.T,3041,23,69943,OK,Yahoo Finance JP full-market screener (delayed)
2026-07-30,13:04:47,2026-07-30 13:00:00,9697.T,4081,7,28567,OK,Yahoo Finance JP full-market screener (delayed)
2026-07-30,13:05:05,2026-07-30 13:00:00,9983.T,78840,2,157680,OK,Yahoo Finance JP full-market screener (delayed)
2026-07-30,14:04:56,2026-07-30 14:00:00,1801.T,13125,3,39375,OK,Yahoo Finance JP full-market screener (delayed)
2026-07-30,14:04:56,2026-07-30 14:00:00,1812.T,5410,14,75740,OK,Yahoo Finance JP full-market screener (delayed)
2026-07-30,14:05:05,2026-07-30 14:00:00,5333.T,5247,5,26235,OK,Yahoo Finance JP full-market screener (delayed)
2026-07-30,14:05:05,2026-07-30 14:00:00,5803.T,3716,8,29728,OK,Yahoo Finance JP full-market screener (delayed)
2026-07-30,14:04:56,2026-07-30 14:00:00,6146.T,51500,1,51500,OK,Yahoo Finance JP full-market screener (delayed)
2026-07-30,14:05:05,2026-07-30 14:00:00,6383.T,5664,6,33984,OK,Yahoo Finance JP full-market screener (delayed)
2026-07-30,14:05:05,2026-07-30 14:00:00,6501.T,5214,15,78210,OK,Yahoo Finance JP full-market screener (delayed)
2026-07-30,14:05:02,2026-07-30 14:00:00,6503.T,5253,14,73542,OK,Yahoo Finance JP full-market screener (delayed)
2026-07-30,14:04:55,2026-07-30 14:00:00,6504.T,12510,6,75060,OK,Yahoo Finance JP full-market screener (delayed)
2026-07-30,14:05:03,2026-07-30 14:00:00,6762.T,2793,23,64239,OK,Yahoo Finance JP full-market screener (delayed)
2026-07-30,14:04:57,2026-07-30 14:00:00,6861.T,78630,2,157260,OK,Yahoo Finance JP full-market screener (delayed)
2026-07-30,14:05:05,2026-07-30 14:00:00,7012.T,2656.5,25,66412.5,OK,Yahoo Finance JP full-market screener (delayed)
2026-07-30,14:04:59,2026-07-30 14:00:00,7203.T,3174,23,73002,OK,Yahoo Finance JP full-market screener (delayed)
2026-07-30,14:05:03,2026-07-30 14:00:00,7269.T,2150.5,20,43010,OK,Yahoo Finance JP full-market screener (delayed)
2026-07-30,14:05:05,2026-07-30 14:00:00,7532.T,938.6,70,65702,OK,Yahoo Finance JP full-market screener (delayed)
2026-07-30,14:05:05,2026-07-30 14:00:00,7832.T,4727,16,75632,OK,Yahoo Finance JP full-market screener (delayed)
2026-07-30,14:05:03,2026-07-30 14:00:00,8035.T,52380,1,52380,OK,Yahoo Finance JP full-market screener (delayed)
2026-07-30,14:05:05,2026-07-30 14:00:00,8306.T,3520,18,63360,OK,Yahoo Finance JP full-market screener (delayed)
2026-07-30,14:05:05,2026-07-30 14:00:00,8316.T,6675,13,86775,OK,Yahoo Finance JP full-market screener (delayed)
2026-07-30,14:05:05,2026-07-30 14:00:00,8411.T,7802,10,78020,OK,Yahoo Finance JP full-market screener (delayed)
2026-07-30,14:05:04,2026-07-30 14:00:00,8591.T,6310,13,82030,OK,Yahoo Finance JP full-market screener (delayed)
2026-07-30,14:05:05,2026-07-30 14:00:00,8630.T,7227,12,86724,OK,Yahoo Finance JP full-market screener (delayed)
2026-07-30,14:04:56,2026-07-30 14:00:00,8750.T,1892.5,10,18925,OK,Yahoo Finance JP full-market screener (delayed)
2026-07-30,14:04:58,2026-07-30 14:00:00,8766.T,8204,12,98448,OK,Yahoo Finance JP full-market screener (delayed)
2026-07-30,14:04:53,2026-07-30 14:00:00,8795.T,4999,14,69986,OK,Yahoo Finance JP full-market screener (delayed)
2026-07-30,14:05:04,2026-07-30 14:00:00,9432.T,158.9,500,79450,OK,Yahoo Finance JP full-market screener (delayed)
2026-07-30,14:04:57,2026-07-30 14:00:00,9433.T,3050,23,70150,OK,Yahoo Finance JP full-market screener (delayed)
2026-07-30,14:05:05,2026-07-30 14:00:00,9697.T,4107,7,28749,OK,Yahoo Finance JP full-market screener (delayed)
2026-07-30,14:05:05,2026-07-30 14:00:00,9983.T,78380,2,156760,OK,Yahoo Finance JP full-market screener (delayed)
2026-07-30,15:23:37,2026-07-30 15:00:00,1801.T,13025,3,39075,OK,Yahoo Finance JP full-market screener (delayed)
2026-07-30,15:23:46,2026-07-30 15:00:00,1812.T,5372,14,75208,OK,Yahoo Finance JP full-market screener (delayed)
2026-07-30,15:23:50,2026-07-30 15:00:00,5333.T,5251,5,26255,OK,Yahoo Finance JP full-market screener (delayed)
2026-07-30,15:23:50,2026-07-30 15:00:00,5803.T,3707,8,29656,OK,Yahoo Finance JP full-market screener (delayed)
2026-07-30,15:23:48,2026-07-30 15:00:00,6146.T,51940,1,51940,OK,Yahoo Finance JP full-market screener (delayed)
2026-07-30,15:23:50,2026-07-30 15:00:00,6383.T,5674,6,34044,OK,Yahoo Finance JP full-market screener (delayed)
2026-07-30,15:23:50,2026-07-30 15:00:00,6501.T,5245,15,78675,OK,Yahoo Finance JP full-market screener (delayed)
2026-07-30,15:23:50,2026-07-30 15:00:00,6503.T,5298,14,74172,OK,Yahoo Finance JP full-market screener (delayed)
2026-07-30,15:23:51,2026-07-30 15:00:00,6504.T,12590,6,75540,OK,Yahoo Finance JP full-market screener (delayed)
2026-07-30,15:23:49,2026-07-30 15:00:00,6762.T,2813.5,23,64710.5,OK,Yahoo Finance JP full-market screener (delayed)
2026-07-30,15:23:50,2026-07-30 15:00:00,6861.T,78650,2,157300,OK,Yahoo Finance JP full-market screener (delayed)
2026-07-30,15:23:46,2026-07-30 15:00:00,7012.T,2664,25,66600,OK,Yahoo Finance JP full-market screener (delayed)
2026-07-30,15:23:51,2026-07-30 15:00:00,7203.T,3135,23,72105,OK,Yahoo Finance JP full-market screener (delayed)
2026-07-30,15:23:50,2026-07-30 15:00:00,7269.T,2148,20,42960,OK,Yahoo Finance JP full-market screener (delayed)
2026-07-30,15:23:51,2026-07-30 15:00:00,7532.T,938.5,70,65695,OK,Yahoo Finance JP full-market screener (delayed)
2026-07-30,15:23:46,2026-07-30 15:00:00,7832.T,4746,16,75936,OK,Yahoo Finance JP full-market screener (delayed)
2026-07-30,15:23:51,2026-07-30 15:00:00,8035.T,52480,1,52480,OK,Yahoo Finance JP full-market screener (delayed)
2026-07-30,15:23:50,2026-07-30 15:00:00,8306.T,3522,18,63396,OK,Yahoo Finance JP full-market screener (delayed)
2026-07-30,15:23:51,2026-07-30 15:00:00,8316.T,6681,13,86853,OK,Yahoo Finance JP full-market screener (delayed)
2026-07-30,15:23:51,2026-07-30 15:00:00,8411.T,7795,10,77950,OK,Yahoo Finance JP full-market screener (delayed)
2026-07-30,15:23:50,2026-07-30 15:00:00,8591.T,6327,13,82251,OK,Yahoo Finance JP full-market screener (delayed)
2026-07-30,15:23:48,2026-07-30 15:00:00,8630.T,7213,12,86556,OK,Yahoo Finance JP full-market screener (delayed)
2026-07-30,15:23:51,2026-07-30 15:00:00,8750.T,1896.5,10,18965,OK,Yahoo Finance JP full-market screener (delayed)
2026-07-30,15:23:51,2026-07-30 15:00:00,8766.T,8207,12,98484,OK,Yahoo Finance JP full-market screener (delayed)
2026-07-30,15:23:47,2026-07-30 15:00:00,8795.T,5012,14,70168,OK,Yahoo Finance JP full-market screener (delayed)
2026-07-30,15:23:50,2026-07-30 15:00:00,9432.T,158.6,500,79300,OK,Yahoo Finance JP full-market screener (delayed)
2026-07-30,15:23:51,2026-07-30 15:00:00,9433.T,3047,23,70081,OK,Yahoo Finance JP full-market screener (delayed)
2026-07-30,15:23:49,2026-07-30 15:00:00,9697.T,4089,7,28623,OK,Yahoo Finance JP full-market screener (delayed)
2026-07-30,15:23:46,2026-07-30 15:00:00,9983.T,78470,2,156940,OK,Yahoo Finance JP full-market screener (delayed)
2026-07-30,15:30:00,2026-07-30 16:00:00,1801.T,13050,3,39150,OK,Yahoo Finance JP full-market screener (delayed)
2026-07-30,15:30:00,2026-07-30 16:00:00,1812.T,5382,14,75348,OK,Yahoo Finance JP full-market screener (delayed)
2026-07-30,15:30:00,2026-07-30 16:00:00,5333.T,5245,5,26225,OK,Yahoo Finance JP full-market screener (delayed)
2026-07-30,15:30:00,2026-07-30 16:00:00,5803.T,3720,8,29760,OK,Yahoo Finance JP full-market screener (delayed)
2026-07-30,15:30:00,2026-07-30 16:00:00,6146.T,51870,1,51870,OK,Yahoo Finance JP full-market screener (delayed)
2026-07-30,15:30:00,2026-07-30 16:00:00,6383.T,5670,6,34020,OK,Yahoo Finance JP full-market screener (delayed)
2026-07-30,15:30:00,2026-07-30 16:00:00,6501.T,5255,15,78825,OK,Yahoo Finance JP full-market screener (delayed)
2026-07-30,15:30:00,2026-07-30 16:00:00,6503.T,5318,14,74452,OK,Yahoo Finance JP full-market screener (delayed)
2026-07-30,15:30:00,2026-07-30 16:00:00,6504.T,12695,6,76170,OK,Yahoo Finance JP full-market screener (delayed)
2026-07-30,15:30:00,2026-07-30 16:00:00,6762.T,2811.5,23,64664.5,OK,Yahoo Finance JP full-market screener (delayed)
2026-07-30,15:30:00,2026-07-30 16:00:00,6861.T,78970,2,157940,OK,Yahoo Finance JP full-market screener (delayed)
2026-07-30,15:30:00,2026-07-30 16:00:00,7012.T,2683.5,25,67087.5,OK,Yahoo Finance JP full-market screener (delayed)
2026-07-30,15:30:00,2026-07-30 16:00:00,7203.T,3126,23,71898,OK,Yahoo Finance JP full-market screener (delayed)
2026-07-30,15:30:00,2026-07-30 16:00:00,7269.T,2153.5,20,43070,OK,Yahoo Finance JP full-market screener (delayed)
2026-07-30,15:30:00,2026-07-30 16:00:00,7532.T,941.4,70,65898,OK,Yahoo Finance JP full-market screener (delayed)
2026-07-30,15:30:00,2026-07-30 16:00:00,7832.T,4739,16,75824,OK,Yahoo Finance JP full-market screener (delayed)
2026-07-30,15:30:00,2026-07-30 16:00:00,8035.T,52240,1,52240,OK,Yahoo Finance JP full-market screener (delayed)
2026-07-30,15:30:00,2026-07-30 16:00:00,8306.T,3525,18,63450,OK,Yahoo Finance JP full-market screener (delayed)
2026-07-30,15:30:00,2026-07-30 16:00:00,8316.T,6666,13,86658,OK,Yahoo Finance JP full-market screener (delayed)
2026-07-30,15:30:00,2026-07-30 16:00:00,8411.T,7818,10,78180,OK,Yahoo Finance JP full-market screener (delayed)
2026-07-30,15:30:00,2026-07-30 16:00:00,8591.T,6315,13,82095,OK,Yahoo Finance JP full-market screener (delayed)
2026-07-30,15:30:00,2026-07-30 16:00:00,8630.T,7219,12,86628,OK,Yahoo Finance JP full-market screener (delayed)
2026-07-30,15:30:00,2026-07-30 16:00:00,8750.T,1898,10,18980,OK,Yahoo Finance JP full-market screener (delayed)
2026-07-30,15:30:00,2026-07-30 16:00:00,8766.T,8202,12,98424,OK,Yahoo Finance JP full-market screener (delayed)
2026-07-30,15:30:00,2026-07-30 16:00:00,8795.T,5020,14,70280,OK,Yahoo Finance JP full-market screener (delayed)
2026-07-30,15:30:00,2026-07-30 16:00:00,9432.T,159,500,79500,OK,Yahoo Finance JP full-market screener (delayed)
2026-07-30,15:30:00,2026-07-30 16:00:00,9433.T,3051,23,70173,OK,Yahoo Finance JP full-market screener (delayed)
2026-07-30,15:30:00,2026-07-30 16:00:00,9697.T,4107,7,28749,OK,Yahoo Finance JP full-market screener (delayed)
2026-07-30,15:30:00,2026-07-30 16:00:00,9983.T,78500,2,157000,OK,Yahoo Finance JP full-market screener (delayed)
2026-07-30,15:30:00,2026-07-30 17:00:00,1801.T,13050,3,39150,OK,Yahoo Finance JP full-market screener (delayed)
2026-07-30,15:30:00,2026-07-30 17:00:00,1812.T,5382,14,75348,OK,Yahoo Finance JP full-market screener (delayed)
2026-07-30,15:30:00,2026-07-30 17:00:00,5333.T,5245,5,26225,OK,Yahoo Finance JP full-market screener (delayed)
2026-07-30,15:30:00,2026-07-30 17:00:00,5803.T,3720,8,29760,OK,Yahoo Finance JP full-market screener (delayed)
2026-07-30,15:30:00,2026-07-30 17:00:00,6146.T,51870,1,51870,OK,Yahoo Finance JP full-market screener (delayed)
2026-07-30,15:30:00,2026-07-30 17:00:00,6383.T,5670,6,34020,OK,Yahoo Finance JP full-market screener (delayed)
2026-07-30,15:30:00,2026-07-30 17:00:00,6501.T,5255,15,78825,OK,Yahoo Finance JP full-market screener (delayed)
2026-07-30,15:30:00,2026-07-30 17:00:00,6503.T,5318,14,74452,OK,Yahoo Finance JP full-market screener (delayed)
2026-07-30,15:30:00,2026-07-30 17:00:00,6504.T,12695,6,76170,OK,Yahoo Finance JP full-market screener (delayed)
2026-07-30,15:30:00,2026-07-30 17:00:00,6762.T,2811.5,23,64664.5,OK,Yahoo Finance JP full-market screener (delayed)
2026-07-30,15:30:00,2026-07-30 17:00:00,6861.T,78970,2,157940,OK,Yahoo Finance JP full-market screener (delayed)
2026-07-30,15:30:00,2026-07-30 17:00:00,7012.T,2683.5,25,67087.5,OK,Yahoo Finance JP full-market screener (delayed)
2026-07-30,15:30:00,2026-07-30 17:00:00,7203.T,3126,23,71898,OK,Yahoo Finance JP full-market screener (delayed)
2026-07-30,15:30:00,2026-07-30 17:00:00,7269.T,2153.5,20,43070,OK,Yahoo Finance JP full-market screener (delayed)
2026-07-30,15:30:00,2026-07-30 17:00:00,7532.T,941.4,70,65898,OK,Yahoo Finance JP full-market screener (delayed)
2026-07-30,15:30:00,2026-07-30 17:00:00,7832.T,4739,16,75824,OK,Yahoo Finance JP full-market screener (delayed)
2026-07-30,15:30:00,2026-07-30 17:00:00,8035.T,52240,1,52240,OK,Yahoo Finance JP full-market screener (delayed)
2026-07-30,15:30:00,2026-07-30 17:00:00,8306.T,3525,18,63450,OK,Yahoo Finance JP full-market screener (delayed)
2026-07-30,15:30:00,2026-07-30 17:00:00,8316.T,6666,13,86658,OK,Yahoo Finance JP full-market screener (delayed)
2026-07-30,15:30:00,2026-07-30 17:00:00,8411.T,7818,10,78180,OK,Yahoo Finance JP full-market screener (delayed)
2026-07-30,15:30:00,2026-07-30 17:00:00,8591.T,6315,13,82095,OK,Yahoo Finance JP full-market screener (delayed)
2026-07-30,15:30:00,2026-07-30 17:00:00,8630.T,7219,12,86628,OK,Yahoo Finance JP full-market screener (delayed)
2026-07-30,15:30:00,2026-07-30 17:00:00,8750.T,1898,10,18980,OK,Yahoo Finance JP full-market screener (delayed)
2026-07-30,15:30:00,2026-07-30 17:00:00,8766.T,8202,12,98424,OK,Yahoo Finance JP full-market screener (delayed)
2026-07-30,15:30:00,2026-07-30 17:00:00,8795.T,5020,14,70280,OK,Yahoo Finance JP full-market screener (delayed)
2026-07-30,15:30:00,2026-07-30 17:00:00,9432.T,159,500,79500,OK,Yahoo Finance JP full-market screener (delayed)
2026-07-30,15:30:00,2026-07-30 17:00:00,9433.T,3051,23,70173,OK,Yahoo Finance JP full-market screener (delayed)
2026-07-30,15:30:00,2026-07-30 17:00:00,9697.T,4107,7,28749,OK,Yahoo Finance JP full-market screener (delayed)
2026-07-30,15:30:00,2026-07-30 17:00:00,9983.T,78500,2,157000,OK,Yahoo Finance JP full-market screener (delayed)
2026-07-31,09:05:01,2026-07-31 09:00:00,1801.T,13030,3,39090,OK,Yahoo Finance JP full-market screener (delayed)
2026-07-31,09:05:02,2026-07-31 09:00:00,1812.T,5397,14,75558,OK,Yahoo Finance JP full-market screener (delayed)
2026-07-30,15:30:00,2026-07-31 09:00:00,5333.T,5245,5,26225,OK,Yahoo Finance JP full-market screener (delayed)
2026-07-30,15:30:00,2026-07-31 09:00:00,5803.T,3720,8,29760,OK,Yahoo Finance JP full-market screener (delayed)
2026-07-30,15:30:00,2026-07-31 09:00:00,6146.T,51870,1,51870,OK,Yahoo Finance JP full-market screener (delayed)
2026-07-30,15:30:00,2026-07-31 09:00:00,6383.T,5670,6,34020,OK,Yahoo Finance JP full-market screener (delayed)
2026-07-31,09:05:03,2026-07-31 09:00:00,6501.T,5272,15,79080,OK,Yahoo Finance JP full-market screener (delayed)
2026-07-30,15:30:00,2026-07-31 09:00:00,6503.T,5318,14,74452,OK,Yahoo Finance JP full-market screener (delayed)
2026-07-30,15:30:00,2026-07-31 09:00:00,6504.T,12695,6,76170,OK,Yahoo Finance JP full-market screener (delayed)
2026-07-30,15:30:00,2026-07-31 09:00:00,6762.T,2811.5,23,64664.5,OK,Yahoo Finance JP full-market screener (delayed)
2026-07-31,09:04:57,2026-07-31 09:00:00,6861.T,78970,2,157940,OK,Yahoo Finance JP full-market screener (delayed)
2026-07-31,09:05:04,2026-07-31 09:00:00,7012.T,2750,25,68750,OK,Yahoo Finance JP full-market screener (delayed)
2026-07-31,09:05:04,2026-07-31 09:00:00,7203.T,3045,23,70035,OK,Yahoo Finance JP full-market screener (delayed)
2026-07-31,09:05:03,2026-07-31 09:00:00,7269.T,2113,20,42260,OK,Yahoo Finance JP full-market screener (delayed)
2026-07-30,15:30:00,2026-07-31 09:00:00,7532.T,941.4,70,65898,OK,Yahoo Finance JP full-market screener (delayed)
2026-07-30,15:30:00,2026-07-31 09:00:00,7832.T,4739,16,75824,OK,Yahoo Finance JP full-market screener (delayed)
2026-07-30,15:30:00,2026-07-31 09:00:00,8035.T,52240,1,52240,OK,Yahoo Finance JP full-market screener (delayed)
2026-07-31,09:05:04,2026-07-31 09:00:00,8306.T,3592,18,64656,OK,Yahoo Finance JP full-market screener (delayed)
2026-07-31,09:05:03,2026-07-31 09:00:00,8316.T,6800,13,88400,OK,Yahoo Finance JP full-market screener (delayed)
2026-07-30,15:30:00,2026-07-31 09:00:00,8411.T,7818,10,78180,OK,Yahoo Finance JP full-market screener (delayed)
2026-07-31,09:05:04,2026-07-31 09:00:00,8591.T,6385,13,83005,OK,Yahoo Finance JP full-market screener (delayed)
2026-07-31,09:05:03,2026-07-31 09:00:00,8630.T,7160,12,85920,OK,Yahoo Finance JP full-market screener (delayed)
2026-07-31,09:05:02,2026-07-31 09:00:00,8750.T,1916,10,19160,OK,Yahoo Finance JP full-market screener (delayed)
2026-07-31,09:05:02,2026-07-31 09:00:00,8766.T,8124,12,97488,OK,Yahoo Finance JP full-market screener (delayed)
2026-07-31,09:04:45,2026-07-31 09:00:00,8795.T,5020,14,70280,OK,Yahoo Finance JP full-market screener (delayed)
2026-07-31,09:05:03,2026-07-31 09:00:00,9432.T,154.7,500,77350,OK,Yahoo Finance JP full-market screener (delayed)
2026-07-31,09:05:01,2026-07-31 09:00:00,9433.T,2969,23,68287,OK,Yahoo Finance JP full-market screener (delayed)
2026-07-30,15:30:00,2026-07-31 09:00:00,9697.T,4107,7,28749,OK,Yahoo Finance JP full-market screener (delayed)
2026-07-31,09:05:03,2026-07-31 09:00:00,9983.T,77280,2,154560,OK,Yahoo Finance JP full-market screener (delayed)
2026-07-31,10:04:57,2026-07-31 10:00:00,1801.T,13325,3,39975,OK,Yahoo Finance JP full-market screener (delayed)
2026-07-31,10:05:04,2026-07-31 10:00:00,1812.T,5480,14,76720,OK,Yahoo Finance JP full-market screener (delayed)
2026-07-31,10:05:02,2026-07-31 10:00:00,5333.T,5722,5,28610,OK,Yahoo Finance JP full-market screener (delayed)
2026-07-31,10:05:04,2026-07-31 10:00:00,5803.T,4299,8,34392,OK,Yahoo Finance JP full-market screener (delayed)
2026-07-31,10:05:04,2026-07-31 10:00:00,6146.T,60290,1,60290,OK,Yahoo Finance JP full-market screener (delayed)
2026-07-31,10:05:04,2026-07-31 10:00:00,6383.T,6020,6,36120,OK,Yahoo Finance JP full-market screener (delayed)
2026-07-31,10:05:02,2026-07-31 10:00:00,6501.T,5322,15,79830,OK,Yahoo Finance JP full-market screener (delayed)
2026-07-31,10:05:04,2026-07-31 10:00:00,6503.T,5742,14,80388,OK,Yahoo Finance JP full-market screener (delayed)
2026-07-31,10:05:04,2026-07-31 10:00:00,6504.T,14585,6,87510,OK,Yahoo Finance JP full-market screener (delayed)
2026-07-31,10:05:04,2026-07-31 10:00:00,6762.T,3063,23,70449,OK,Yahoo Finance JP full-market screener (delayed)
2026-07-31,10:05:00,2026-07-31 10:00:00,6861.T,82280,2,164560,OK,Yahoo Finance JP full-market screener (delayed)
2026-07-31,10:05:04,2026-07-31 10:00:00,7012.T,2816,25,70400,OK,Yahoo Finance JP full-market screener (delayed)
2026-07-31,10:05:03,2026-07-31 10:00:00,7203.T,3106,23,71438,OK,Yahoo Finance JP full-market screener (delayed)
2026-07-31,10:05:03,2026-07-31 10:00:00,7269.T,2129,20,42580,OK,Yahoo Finance JP full-market screener (delayed)
2026-07-31,10:05:01,2026-07-31 10:00:00,7532.T,918.9,70,64323,OK,Yahoo Finance JP full-market screener (delayed)
2026-07-31,10:05:02,2026-07-31 10:00:00,7832.T,4581,16,73296,OK,Yahoo Finance JP full-market screener (delayed)
2026-07-31,10:05:04,2026-07-31 10:00:00,8035.T,57460,1,57460,OK,Yahoo Finance JP full-market screener (delayed)
2026-07-31,10:05:04,2026-07-31 10:00:00,8306.T,3598,18,64764,OK,Yahoo Finance JP full-market screener (delayed)
2026-07-31,10:05:05,2026-07-31 10:00:00,8316.T,6863,13,89219,OK,Yahoo Finance JP full-market screener (delayed)
2026-07-31,10:05:05,2026-07-31 10:00:00,8411.T,8221,10,82210,OK,Yahoo Finance JP full-market screener (delayed)
2026-07-31,10:05:04,2026-07-31 10:00:00,8591.T,6454,13,83902,OK,Yahoo Finance JP full-market screener (delayed)
2026-07-31,10:04:55,2026-07-31 10:00:00,8630.T,7182,12,86184,OK,Yahoo Finance JP full-market screener (delayed)
2026-07-31,10:05:04,2026-07-31 10:00:00,8750.T,1930,10,19300,OK,Yahoo Finance JP full-market screener (delayed)
2026-07-31,10:05:04,2026-07-31 10:00:00,8766.T,8198,12,98376,OK,Yahoo Finance JP full-market screener (delayed)
2026-07-31,10:04:46,2026-07-31 10:00:00,8795.T,5146,14,72044,OK,Yahoo Finance JP full-market screener (delayed)
2026-07-31,10:05:03,2026-07-31 10:00:00,9432.T,153.9,500,76950,OK,Yahoo Finance JP full-market screener (delayed)
2026-07-31,10:05:04,2026-07-31 10:00:00,9433.T,2938,23,67574,OK,Yahoo Finance JP full-market screener (delayed)
2026-07-31,10:04:53,2026-07-31 10:00:00,9697.T,4011,7,28077,OK,Yahoo Finance JP full-market screener (delayed)
2026-07-31,10:05:03,2026-07-31 10:00:00,9983.T,78640,2,157280,OK,Yahoo Finance JP full-market screener (delayed)
2026-07-31,11:05:07,2026-07-31 11:00:00,1801.T,13260,3,39780,OK,Yahoo Finance JP full-market screener (delayed)
2026-07-31,11:05:07,2026-07-31 11:00:00,1812.T,5455,14,76370,OK,Yahoo Finance JP full-market screener (delayed)
2026-07-31,11:05:03,2026-07-31 11:00:00,5333.T,5703,5,28515,OK,Yahoo Finance JP full-market screener (delayed)
2026-07-31,11:05:07,2026-07-31 11:00:00,5803.T,4237,8,33896,OK,Yahoo Finance JP full-market screener (delayed)
2026-07-31,11:05:08,2026-07-31 11:00:00,6146.T,58610,1,58610,OK,Yahoo Finance JP full-market screener (delayed)
2026-07-31,11:04:44,2026-07-31 11:00:00,6383.T,6023,6,36138,OK,Yahoo Finance JP full-market screener (delayed)
2026-07-31,11:05:06,2026-07-31 11:00:00,6501.T,5313,15,79695,OK,Yahoo Finance JP full-market screener (delayed)
2026-07-31,11:05:08,2026-07-31 11:00:00,6503.T,5711,14,79954,OK,Yahoo Finance JP full-market screener (delayed)
2026-07-31,11:05:08,2026-07-31 11:00:00,6504.T,14435,6,86610,OK,Yahoo Finance JP full-market screener (delayed)
2026-07-31,11:05:08,2026-07-31 11:00:00,6762.T,3061,23,70403,OK,Yahoo Finance JP full-market screener (delayed)
2026-07-31,11:05:05,2026-07-31 11:00:00,6861.T,82690,2,165380,OK,Yahoo Finance JP full-market screener (delayed)
2026-07-31,11:05:06,2026-07-31 11:00:00,7012.T,2800,25,70000,OK,Yahoo Finance JP full-market screener (delayed)
2026-07-31,11:05:08,2026-07-31 11:00:00,7203.T,3085,23,70955,OK,Yahoo Finance JP full-market screener (delayed)
2026-07-31,11:05:02,2026-07-31 11:00:00,7269.T,2127.5,20,42550,OK,Yahoo Finance JP full-market screener (delayed)
2026-07-31,11:05:07,2026-07-31 11:00:00,7532.T,916.2,70,64134,OK,Yahoo Finance JP full-market screener (delayed)
2026-07-31,11:04:56,2026-07-31 11:00:00,7832.T,4604,16,73664,OK,Yahoo Finance JP full-market screener (delayed)
2026-07-31,11:05:08,2026-07-31 11:00:00,8035.T,56310,1,56310,OK,Yahoo Finance JP full-market screener (delayed)
2026-07-31,11:05:07,2026-07-31 11:00:00,8306.T,3601,18,64818,OK,Yahoo Finance JP full-market screener (delayed)
2026-07-31,11:05:07,2026-07-31 11:00:00,8316.T,6895,13,89635,OK,Yahoo Finance JP full-market screener (delayed)
2026-07-31,11:05:07,2026-07-31 11:00:00,8411.T,8214,10,82140,OK,Yahoo Finance JP full-market screener (delayed)
2026-07-31,11:05:07,2026-07-31 11:00:00,8591.T,6487,13,84331,OK,Yahoo Finance JP full-market screener (delayed)
2026-07-31,11:05:06,2026-07-31 11:00:00,8630.T,7209,12,86508,OK,Yahoo Finance JP full-market screener (delayed)
2026-07-31,11:05:06,2026-07-31 11:00:00,8750.T,1932.5,10,19325,OK,Yahoo Finance JP full-market screener (delayed)
2026-07-31,11:05:06,2026-07-31 11:00:00,8766.T,8217,12,98604,OK,Yahoo Finance JP full-market screener (delayed)
2026-07-31,11:05:04,2026-07-31 11:00:00,8795.T,5149,14,72086,OK,Yahoo Finance JP full-market screener (delayed)
2026-07-31,11:05:06,2026-07-31 11:00:00,9432.T,153.2,500,76600,OK,Yahoo Finance JP full-market screener (delayed)
2026-07-31,11:05:07,2026-07-31 11:00:00,9433.T,2918.5,23,67125.5,OK,Yahoo Finance JP full-market screener (delayed)
2026-07-31,11:05:06,2026-07-31 11:00:00,9697.T,4058,7,28406,OK,Yahoo Finance JP full-market screener (delayed)
2026-07-31,11:05:06,2026-07-31 11:00:00,9983.T,78640,2,157280,OK,Yahoo Finance JP full-market screener (delayed)
2026-07-31,11:30:00,2026-07-31 12:00:00,1801.T,13075,3,39225,OK,Yahoo Finance JP full-market screener (delayed)
2026-07-31,11:30:00,2026-07-31 12:00:00,1812.T,5398,14,75572,OK,Yahoo Finance JP full-market screener (delayed)
2026-07-31,11:30:00,2026-07-31 12:00:00,5333.T,5618,5,28090,OK,Yahoo Finance JP full-market screener (delayed)
2026-07-31,11:30:00,2026-07-31 12:00:00,5803.T,4199,8,33592,OK,Yahoo Finance JP full-market screener (delayed)
2026-07-31,11:30:00,2026-07-31 12:00:00,6146.T,58560,1,58560,OK,Yahoo Finance JP full-market screener (delayed)
2026-07-31,11:30:00,2026-07-31 12:00:00,6383.T,5967,6,35802,OK,Yahoo Finance JP full-market screener (delayed)
2026-07-31,11:30:00,2026-07-31 12:00:00,6501.T,5281,15,79215,OK,Yahoo Finance JP full-market screener (delayed)
2026-07-31,11:30:00,2026-07-31 12:00:00,6503.T,5663,14,79282,OK,Yahoo Finance JP full-market screener (delayed)
2026-07-31,11:30:00,2026-07-31 12:00:00,6504.T,14230,6,85380,OK,Yahoo Finance JP full-market screener (delayed)
2026-07-31,11:30:00,2026-07-31 12:00:00,6762.T,3019,23,69437,OK,Yahoo Finance JP full-market screener (delayed)
2026-07-31,11:30:00,2026-07-31 12:00:00,6861.T,81700,2,163400,OK,Yahoo Finance JP full-market screener (delayed)
2026-07-31,11:30:00,2026-07-31 12:00:00,7012.T,2776.5,25,69412.5,OK,Yahoo Finance JP full-market screener (delayed)
2026-07-31,11:30:00,2026-07-31 12:00:00,7203.T,3066,23,70518,OK,Yahoo Finance JP full-market screener (delayed)
2026-07-31,11:30:00,2026-07-31 12:00:00,7269.T,2107,20,42140,OK,Yahoo Finance JP full-market screener (delayed)
2026-07-31,11:30:00,2026-07-31 12:00:00,7532.T,911.9,70,63833,OK,Yahoo Finance JP full-market screener (delayed)
2026-07-31,11:30:00,2026-07-31 12:00:00,7832.T,4570,16,73120,OK,Yahoo Finance JP full-market screener (delayed)
2026-07-31,11:30:00,2026-07-31 12:00:00,8035.T,56250,1,56250,OK,Yahoo Finance JP full-market screener (delayed)
2026-07-31,11:30:00,2026-07-31 12:00:00,8306.T,3591,18,64638,OK,Yahoo Finance JP full-market screener (delayed)
2026-07-31,11:30:00,2026-07-31 12:00:00,8316.T,6870,13,89310,OK,Yahoo Finance JP full-market screener (delayed)
2026-07-31,11:30:00,2026-07-31 12:00:00,8411.T,8159,10,81590,OK,Yahoo Finance JP full-market screener (delayed)
2026-07-31,11:30:00,2026-07-31 12:00:00,8591.T,6480,13,84240,OK,Yahoo Finance JP full-market screener (delayed)
2026-07-31,11:30:00,2026-07-31 12:00:00,8630.T,7194,12,86328,OK,Yahoo Finance JP full-market screener (delayed)
2026-07-31,11:30:00,2026-07-31 12:00:00,8750.T,1931.5,10,19315,OK,Yahoo Finance JP full-market screener (delayed)
2026-07-31,11:30:00,2026-07-31 12:00:00,8766.T,8172,12,98064,OK,Yahoo Finance JP full-market screener (delayed)
2026-07-31,11:30:00,2026-07-31 12:00:00,8795.T,5120,14,71680,OK,Yahoo Finance JP full-market screener (delayed)
2026-07-31,11:30:00,2026-07-31 12:00:00,9432.T,153.6,500,76800,OK,Yahoo Finance JP full-market screener (delayed)
2026-07-31,11:30:00,2026-07-31 12:00:00,9433.T,2911,23,66953,OK,Yahoo Finance JP full-market screener (delayed)
2026-07-31,11:30:00,2026-07-31 12:00:00,9697.T,4028,7,28196,OK,Yahoo Finance JP full-market screener (delayed)
2026-07-31,11:30:00,2026-07-31 12:00:00,9983.T,78340,2,156680,OK,Yahoo Finance JP full-market screener (delayed)
2026-07-31,13:04:53,2026-07-31 13:00:00,1801.T,12970,3,38910,OK,Yahoo Finance JP full-market screener (delayed)
2026-07-31,13:05:03,2026-07-31 13:00:00,1812.T,5352,14,74928,OK,Yahoo Finance JP full-market screener (delayed)
2026-07-31,13:05:01,2026-07-31 13:00:00,5333.T,5628,5,28140,OK,Yahoo Finance JP full-market screener (delayed)
2026-07-31,13:05:04,2026-07-31 13:00:00,5803.T,4191,8,33528,OK,Yahoo Finance JP full-market screener (delayed)
2026-07-31,13:05:04,2026-07-31 13:00:00,6146.T,57790,1,57790,OK,Yahoo Finance JP full-market screener (delayed)
2026-07-31,13:05:01,2026-07-31 13:00:00,6383.T,5986,6,35916,OK,Yahoo Finance JP full-market screener (delayed)
2026-07-31,13:05:04,2026-07-31 13:00:00,6501.T,5301,15,79515,OK,Yahoo Finance JP full-market screener (delayed)
2026-07-31,13:05:04,2026-07-31 13:00:00,6503.T,5700,14,79800,OK,Yahoo Finance JP full-market screener (delayed)
2026-07-31,13:05:04,2026-07-31 13:00:00,6504.T,14160,6,84960,OK,Yahoo Finance JP full-market screener (delayed)
2026-07-31,13:05:03,2026-07-31 13:00:00,6762.T,3007,23,69161,OK,Yahoo Finance JP full-market screener (delayed)
2026-07-31,13:04:55,2026-07-31 13:00:00,6861.T,80630,2,161260,OK,Yahoo Finance JP full-market screener (delayed)
2026-07-31,13:05:04,2026-07-31 13:00:00,7012.T,2763.5,25,69087.5,OK,Yahoo Finance JP full-market screener (delayed)
2026-07-31,13:05:04,2026-07-31 13:00:00,7203.T,3053,23,70219,OK,Yahoo Finance JP full-market screener (delayed)
2026-07-31,13:05:04,2026-07-31 13:00:00,7269.T,2103,20,42060,OK,Yahoo Finance JP full-market screener (delayed)
2026-07-31,13:05:05,2026-07-31 13:00:00,7532.T,904.3,70,63301,OK,Yahoo Finance JP full-market screener (delayed)
2026-07-31,13:04:59,2026-07-31 13:00:00,7832.T,4584,16,73344,OK,Yahoo Finance JP full-market screener (delayed)
2026-07-31,13:05:04,2026-07-31 13:00:00,8035.T,54700,1,54700,OK,Yahoo Finance JP full-market screener (delayed)
2026-07-31,13:05:01,2026-07-31 13:00:00,8306.T,3590,18,64620,OK,Yahoo Finance JP full-market screener (delayed)
2026-07-31,13:05:03,2026-07-31 13:00:00,8316.T,6865,13,89245,OK,Yahoo Finance JP full-market screener (delayed)
2026-07-31,13:05:04,2026-07-31 13:00:00,8411.T,8199,10,81990,OK,Yahoo Finance JP full-market screener (delayed)
2026-07-31,13:05:04,2026-07-31 13:00:00,8591.T,6434,13,83642,OK,Yahoo Finance JP full-market screener (delayed)
2026-07-31,13:05:03,2026-07-31 13:00:00,8630.T,7154,12,85848,OK,Yahoo Finance JP full-market screener (delayed)
2026-07-31,13:05:03,2026-07-31 13:00:00,8750.T,1912.5,10,19125,OK,Yahoo Finance JP full-market screener (delayed)
2026-07-31,13:05:04,2026-07-31 13:00:00,8766.T,8133,12,97596,OK,Yahoo Finance JP full-market screener (delayed)
2026-07-31,13:04:24,2026-07-31 13:00:00,8795.T,5100,14,71400,OK,Yahoo Finance JP full-market screener (delayed)
2026-07-31,13:05:04,2026-07-31 13:00:00,9432.T,152.5,500,76250,OK,Yahoo Finance JP full-market screener (delayed)
2026-07-31,13:05:04,2026-07-31 13:00:00,9433.T,2921.5,23,67194.5,OK,Yahoo Finance JP full-market screener (delayed)
2026-07-31,13:05:00,2026-07-31 13:00:00,9697.T,4010,7,28070,OK,Yahoo Finance JP full-market screener (delayed)
2026-07-31,13:05:04,2026-07-31 13:00:00,9983.T,77770,2,155540,OK,Yahoo Finance JP full-market screener (delayed)
2026-07-31,15:30:00,2026-07-31 16:00:00,1801.T,13065,3,39195,OK,Yahoo Finance JP full-market screener (delayed)
2026-07-31,15:30:00,2026-07-31 16:00:00,1812.T,5383,14,75362,OK,Yahoo Finance JP full-market screener (delayed)
2026-07-31,15:30:00,2026-07-31 16:00:00,5333.T,5594,5,27970,OK,Yahoo Finance JP full-market screener (delayed)
2026-07-31,15:30:00,2026-07-31 16:00:00,5803.T,4172,8,33376,OK,Yahoo Finance JP full-market screener (delayed)
2026-07-31,15:30:00,2026-07-31 16:00:00,6146.T,58480,1,58480,OK,Yahoo Finance JP full-market screener (delayed)
2026-07-31,15:30:00,2026-07-31 16:00:00,6383.T,5983,6,35898,OK,Yahoo Finance JP full-market screener (delayed)
2026-07-31,15:30:00,2026-07-31 16:00:00,6501.T,5267,15,79005,OK,Yahoo Finance JP full-market screener (delayed)
2026-07-31,15:30:00,2026-07-31 16:00:00,6503.T,5912,14,82768,OK,Yahoo Finance JP full-market screener (delayed)
2026-07-31,15:30:00,2026-07-31 16:00:00,6504.T,14285,6,85710,OK,Yahoo Finance JP full-market screener (delayed)
2026-07-31,15:30:00,2026-07-31 16:00:00,6762.T,3008,23,69184,OK,Yahoo Finance JP full-market screener (delayed)
2026-07-31,15:30:00,2026-07-31 16:00:00,6861.T,81150,2,162300,OK,Yahoo Finance JP full-market screener (delayed)
2026-07-31,15:30:00,2026-07-31 16:00:00,7012.T,2763,25,69075,OK,Yahoo Finance JP full-market screener (delayed)
2026-07-31,15:30:00,2026-07-31 16:00:00,7203.T,3067,23,70541,OK,Yahoo Finance JP full-market screener (delayed)
2026-07-31,15:30:00,2026-07-31 16:00:00,7269.T,2086,20,41720,OK,Yahoo Finance JP full-market screener (delayed)
2026-07-31,15:30:00,2026-07-31 16:00:00,7532.T,902.2,70,63154,OK,Yahoo Finance JP full-market screener (delayed)
2026-07-31,15:30:00,2026-07-31 16:00:00,7832.T,4609,16,73744,OK,Yahoo Finance JP full-market screener (delayed)
2026-07-31,15:30:00,2026-07-31 16:00:00,8035.T,55500,1,55500,OK,Yahoo Finance JP full-market screener (delayed)
2026-07-31,15:30:00,2026-07-31 16:00:00,8306.T,3571,18,64278,OK,Yahoo Finance JP full-market screener (delayed)
2026-07-31,15:30:00,2026-07-31 16:00:00,8316.T,6814,13,88582,OK,Yahoo Finance JP full-market screener (delayed)
2026-07-31,15:30:00,2026-07-31 16:00:00,8411.T,8167,10,81670,OK,Yahoo Finance JP full-market screener (delayed)
2026-07-31,15:30:00,2026-07-31 16:00:00,8591.T,6410,13,83330,OK,Yahoo Finance JP full-market screener (delayed)
2026-07-31,15:30:00,2026-07-31 16:00:00,8630.T,7113,12,85356,OK,Yahoo Finance JP full-market screener (delayed)
2026-07-31,15:30:00,2026-07-31 16:00:00,8750.T,1918.5,10,19185,OK,Yahoo Finance JP full-market screener (delayed)
2026-07-31,15:30:00,2026-07-31 16:00:00,8766.T,8114,12,97368,OK,Yahoo Finance JP full-market screener (delayed)
2026-07-31,15:30:00,2026-07-31 16:00:00,8795.T,5088,14,71232,OK,Yahoo Finance JP full-market screener (delayed)
2026-07-31,15:30:00,2026-07-31 16:00:00,9432.T,152.4,500,76200,OK,Yahoo Finance JP full-market screener (delayed)
2026-07-31,15:30:00,2026-07-31 16:00:00,9433.T,2921,23,67183,OK,Yahoo Finance JP full-market screener (delayed)
2026-07-31,15:30:00,2026-07-31 16:00:00,9697.T,3964,7,27748,OK,Yahoo Finance JP full-market screener (delayed)
2026-07-31,15:30:00,2026-07-31 16:00:00,9983.T,78190,2,156380,OK,Yahoo Finance JP full-market screener (delayed)
2026-07-31,15:30:00,2026-07-31 17:00:00,1801.T,13065,3,39195,OK,Yahoo Finance JP full-market screener (delayed)
2026-07-31,15:30:00,2026-07-31 17:00:00,1812.T,5383,14,75362,OK,Yahoo Finance JP full-market screener (delayed)
2026-07-31,15:30:00,2026-07-31 17:00:00,5333.T,5594,5,27970,OK,Yahoo Finance JP full-market screener (delayed)
2026-07-31,15:30:00,2026-07-31 17:00:00,5803.T,4172,8,33376,OK,Yahoo Finance JP full-market screener (delayed)
2026-07-31,15:30:00,2026-07-31 17:00:00,6146.T,58480,1,58480,OK,Yahoo Finance JP full-market screener (delayed)
2026-07-31,15:30:00,2026-07-31 17:00:00,6383.T,5983,6,35898,OK,Yahoo Finance JP full-market screener (delayed)
2026-07-31,15:30:00,2026-07-31 17:00:00,6501.T,5267,15,79005,OK,Yahoo Finance JP full-market screener (delayed)
2026-07-31,15:30:00,2026-07-31 17:00:00,6503.T,5912,14,82768,OK,Yahoo Finance JP full-market screener (delayed)
2026-07-31,15:30:00,2026-07-31 17:00:00,6504.T,14285,6,85710,OK,Yahoo Finance JP full-market screener (delayed)
2026-07-31,15:30:00,2026-07-31 17:00:00,6762.T,3008,23,69184,OK,Yahoo Finance JP full-market screener (delayed)
2026-07-31,15:30:00,2026-07-31 17:00:00,6861.T,81150,2,162300,OK,Yahoo Finance JP full-market screener (delayed)
2026-07-31,15:30:00,2026-07-31 17:00:00,7012.T,2763,25,69075,OK,Yahoo Finance JP full-market screener (delayed)
2026-07-31,15:30:00,2026-07-31 17:00:00,7203.T,3067,23,70541,OK,Yahoo Finance JP full-market screener (delayed)
2026-07-31,15:30:00,2026-07-31 17:00:00,7269.T,2086,20,41720,OK,Yahoo Finance JP full-market screener (delayed)
2026-07-31,15:30:00,2026-07-31 17:00:00,7532.T,902.2,70,63154,OK,Yahoo Finance JP full-market screener (delayed)
2026-07-31,15:30:00,2026-07-31 17:00:00,7832.T,4609,16,73744,OK,Yahoo Finance JP full-market screener (delayed)
2026-07-31,15:30:00,2026-07-31 17:00:00,8035.T,55500,1,55500,OK,Yahoo Finance JP full-market screener (delayed)
2026-07-31,15:30:00,2026-07-31 17:00:00,8306.T,3571,18,64278,OK,Yahoo Finance JP full-market screener (delayed)
2026-07-31,15:30:00,2026-07-31 17:00:00,8316.T,6814,13,88582,OK,Yahoo Finance JP full-market screener (delayed)
2026-07-31,15:30:00,2026-07-31 17:00:00,8411.T,8167,10,81670,OK,Yahoo Finance JP full-market screener (delayed)
2026-07-31,15:30:00,2026-07-31 17:00:00,8591.T,6410,13,83330,OK,Yahoo Finance JP full-market screener (delayed)
2026-07-31,15:30:00,2026-07-31 17:00:00,8630.T,7113,12,85356,OK,Yahoo Finance JP full-market screener (delayed)
2026-07-31,15:30:00,2026-07-31 17:00:00,8750.T,1918.5,10,19185,OK,Yahoo Finance JP full-market screener (delayed)
2026-07-31,15:30:00,2026-07-31 17:00:00,8766.T,8114,12,97368,OK,Yahoo Finance JP full-market screener (delayed)
2026-07-31,15:30:00,2026-07-31 17:00:00,8795.T,5088,14,71232,OK,Yahoo Finance JP full-market screener (delayed)
2026-07-31,15:30:00,2026-07-31 17:00:00,9432.T,152.4,500,76200,OK,Yahoo Finance JP full-market screener (delayed)
2026-07-31,15:30:00,2026-07-31 17:00:00,9433.T,2921,23,67183,OK,Yahoo Finance JP full-market screener (delayed)
2026-07-31,15:30:00,2026-07-31 17:00:00,9697.T,3964,7,27748,OK,Yahoo Finance JP full-market screener (delayed)
2026-07-31,15:30:00,2026-07-31 17:00:00,9983.T,78190,2,156380,OK,Yahoo Finance JP full-market screener (delayed)
2026-08-03,09:04:57,2026-08-03 09:00:00,1801.T,12850,3,38550,OK,Yahoo Finance JP full-market screener (delayed)
2026-08-03,09:05:05,2026-08-03 09:00:00,1812.T,5259,14,73626,OK,Yahoo Finance JP full-market screener (delayed)
2026-08-03,09:05:06,2026-08-03 09:00:00,5333.T,5574,5,27870,OK,Yahoo Finance JP full-market screener (delayed)
2026-08-03,09:05:06,2026-08-03 09:00:00,5803.T,4026,8,32208,OK,Yahoo Finance JP full-market screener (delayed)
2026-08-03,09:05:04,2026-08-03 09:00:00,6146.T,58260,1,58260,OK,Yahoo Finance JP full-market screener (delayed)
2026-08-03,09:05:05,2026-08-03 09:00:00,6383.T,5831,6,34986,OK,Yahoo Finance JP full-market screener (delayed)
2026-08-03,09:05:06,2026-08-03 09:00:00,6501.T,5306,15,79590,OK,Yahoo Finance JP full-market screener (delayed)
2026-08-03,09:05:06,2026-08-03 09:00:00,6503.T,5744,14,80416,OK,Yahoo Finance JP full-market screener (delayed)
2026-08-03,09:05:06,2026-08-03 09:00:00,6504.T,14090,6,84540,OK,Yahoo Finance JP full-market screener (delayed)
2026-07-31,15:30:00,2026-08-03 09:00:00,6762.T,3008,23,69184,OK,Yahoo Finance JP full-market screener (delayed)
2026-08-03,09:05:03,2026-08-03 09:00:00,6861.T,81010,2,162020,OK,Yahoo Finance JP full-market screener (delayed)
2026-08-03,09:05:06,2026-08-03 09:00:00,7012.T,2649,25,66225,OK,Yahoo Finance JP full-market screener (delayed)
2026-08-03,09:05:06,2026-08-03 09:00:00,7203.T,2921,23,67183,OK,Yahoo Finance JP full-market screener (delayed)
2026-07-31,15:30:00,2026-08-03 09:00:00,7269.T,2086,20,41720,OK,Yahoo Finance JP full-market screener (delayed)
2026-08-03,09:05:06,2026-08-03 09:00:00,7532.T,903.6,70,63252,OK,Yahoo Finance JP full-market screener (delayed)
2026-08-03,09:05:05,2026-08-03 09:00:00,7832.T,4581,16,73296,OK,Yahoo Finance JP full-market screener (delayed)
2026-08-03,09:05:05,2026-08-03 09:00:00,8035.T,52890,1,52890,OK,Yahoo Finance JP full-market screener (delayed)
2026-08-03,09:05:06,2026-08-03 09:00:00,8306.T,3550,18,63900,OK,Yahoo Finance JP full-market screener (delayed)
2026-08-03,09:05:05,2026-08-03 09:00:00,8316.T,6640,13,86320,OK,Yahoo Finance JP full-market screener (delayed)
2026-08-03,09:05:06,2026-08-03 09:00:00,8411.T,8159,10,81590,OK,Yahoo Finance JP full-market screener (delayed)
2026-08-03,09:05:05,2026-08-03 09:00:00,8591.T,6288,13,81744,OK,Yahoo Finance JP full-market screener (delayed)
2026-08-03,09:05:05,2026-08-03 09:00:00,8630.T,6966,12,83592,OK,Yahoo Finance JP full-market screener (delayed)
2026-08-03,09:05:05,2026-08-03 09:00:00,8750.T,1888.5,10,18885,OK,Yahoo Finance JP full-market screener (delayed)
2026-08-03,09:05:05,2026-08-03 09:00:00,8766.T,7960,12,95520,OK,Yahoo Finance JP full-market screener (delayed)
2026-08-03,09:05:05,2026-08-03 09:00:00,8795.T,5026,14,70364,OK,Yahoo Finance JP full-market screener (delayed)
2026-08-03,09:05:05,2026-08-03 09:00:00,9432.T,152.1,500,76050,OK,Yahoo Finance JP full-market screener (delayed)
2026-08-03,09:05:06,2026-08-03 09:00:00,9433.T,2914,23,67022,OK,Yahoo Finance JP full-market screener (delayed)
2026-08-03,09:05:06,2026-08-03 09:00:00,9697.T,3940,7,27580,OK,Yahoo Finance JP full-market screener (delayed)
2026-08-03,09:05:05,2026-08-03 09:00:00,9983.T,78000,2,156000,OK,Yahoo Finance JP full-market screener (delayed)
2026-08-03,10:04:45,2026-08-03 10:00:00,1801.T,12535,3,37605,OK,Yahoo Finance JP full-market screener (delayed)
2026-08-03,10:05:04,2026-08-03 10:00:00,1812.T,5154,14,72156,OK,Yahoo Finance JP full-market screener (delayed)
2026-08-03,10:05:03,2026-08-03 10:00:00,5333.T,5393,5,26965,OK,Yahoo Finance JP full-market screener (delayed)
2026-08-03,10:05:04,2026-08-03 10:00:00,5803.T,4240,8,33920,OK,Yahoo Finance JP full-market screener (delayed)
2026-08-03,10:04:59,2026-08-03 10:00:00,6146.T,60220,1,60220,OK,Yahoo Finance JP full-market screener (delayed)
2026-08-03,10:05:03,2026-08-03 10:00:00,6383.T,5750,6,34500,OK,Yahoo Finance JP full-market screener (delayed)
2026-08-03,10:05:03,2026-08-03 10:00:00,6501.T,5235,15,78525,OK,Yahoo Finance JP full-market screener (delayed)
2026-08-03,10:05:04,2026-08-03 10:00:00,6503.T,5414,14,75796,OK,Yahoo Finance JP full-market screener (delayed)
2026-08-03,10:04:55,2026-08-03 10:00:00,6504.T,13940,6,83640,OK,Yahoo Finance JP full-market screener (delayed)
2026-08-03,10:05:03,2026-08-03 10:00:00,6762.T,3107,23,71461,OK,Yahoo Finance JP full-market screener (delayed)
2026-08-03,10:04:59,2026-08-03 10:00:00,6861.T,79530,2,159060,OK,Yahoo Finance JP full-market screener (delayed)
2026-08-03,10:05:03,2026-08-03 10:00:00,7012.T,2631,25,65775,OK,Yahoo Finance JP full-market screener (delayed)
2026-08-03,10:05:04,2026-08-03 10:00:00,7203.T,2897,23,66631,OK,Yahoo Finance JP full-market screener (delayed)
2026-08-03,10:05:03,2026-08-03 10:00:00,7269.T,1928.5,20,38570,OK,Yahoo Finance JP full-market screener (delayed)
2026-08-03,10:05:04,2026-08-03 10:00:00,7532.T,893.5,70,62545,OK,Yahoo Finance JP full-market screener (delayed)
2026-08-03,10:05:01,2026-08-03 10:00:00,7832.T,4467,16,71472,OK,Yahoo Finance JP full-market screener (delayed)
2026-08-03,10:05:03,2026-08-03 10:00:00,8035.T,53990,1,53990,OK,Yahoo Finance JP full-market screener (delayed)
2026-08-03,10:05:04,2026-08-03 10:00:00,8306.T,3443,18,61974,OK,Yahoo Finance JP full-market screener (delayed)
2026-08-03,10:05:04,2026-08-03 10:00:00,8316.T,6466,13,84058,OK,Yahoo Finance JP full-market screener (delayed)
2026-08-03,10:05:03,2026-08-03 10:00:00,8411.T,7917,10,79170,OK,Yahoo Finance JP full-market screener (delayed)
2026-08-03,10:05:04,2026-08-03 10:00:00,8591.T,6194,13,80522,OK,Yahoo Finance JP full-market screener (delayed)
2026-08-03,10:05:03,2026-08-03 10:00:00,8630.T,6788,12,81456,OK,Yahoo Finance JP full-market screener (delayed)
2026-08-03,10:05:02,2026-08-03 10:00:00,8750.T,1840.5,10,18405,OK,Yahoo Finance JP full-market screener (delayed)
2026-08-03,10:05:02,2026-08-03 10:00:00,8766.T,7740,12,92880,OK,Yahoo Finance JP full-market screener (delayed)
2026-08-03,10:04:33,2026-08-03 10:00:00,8795.T,4883,14,68362,OK,Yahoo Finance JP full-market screener (delayed)
2026-08-03,10:05:02,2026-08-03 10:00:00,9432.T,150.9,500,75450,OK,Yahoo Finance JP full-market screener (delayed)
2026-08-03,10:05:04,2026-08-03 10:00:00,9433.T,2871.5,23,66044.5,OK,Yahoo Finance JP full-market screener (delayed)
2026-08-03,10:05:00,2026-08-03 10:00:00,9697.T,3836,7,26852,OK,Yahoo Finance JP full-market screener (delayed)
2026-08-03,10:04:55,2026-08-03 10:00:00,9983.T,76900,2,153800,OK,Yahoo Finance JP full-market screener (delayed)
2026-08-03,11:05:02,2026-08-03 11:00:00,1801.T,12845,3,38535,OK,Yahoo Finance JP full-market screener (delayed)
2026-08-03,11:04:57,2026-08-03 11:00:00,1812.T,5236,14,73304,OK,Yahoo Finance JP full-market screener (delayed)
2026-08-03,11:04:57,2026-08-03 11:00:00,5333.T,5415,5,27075,OK,Yahoo Finance JP full-market screener (delayed)
2026-08-03,11:05:04,2026-08-03 11:00:00,5803.T,4218,8,33744,OK,Yahoo Finance JP full-market screener (delayed)
2026-08-03,11:05:01,2026-08-03 11:00:00,6146.T,60990,1,60990,OK,Yahoo Finance JP full-market screener (delayed)
2026-08-03,11:05:00,2026-08-03 11:00:00,6383.T,5870,6,35220,OK,Yahoo Finance JP full-market screener (delayed)
2026-08-03,11:05:01,2026-08-03 11:00:00,6501.T,5298,15,79470,OK,Yahoo Finance JP full-market screener (delayed)
2026-08-03,11:05:03,2026-08-03 11:00:00,6503.T,5471,14,76594,OK,Yahoo Finance JP full-market screener (delayed)
2026-08-03,11:04:50,2026-08-03 11:00:00,6504.T,14045,6,84270,OK,Yahoo Finance JP full-market screener (delayed)
2026-08-03,11:05:01,2026-08-03 11:00:00,6762.T,3122,23,71806,OK,Yahoo Finance JP full-market screener (delayed)
2026-08-03,11:04:57,2026-08-03 11:00:00,6861.T,79940,2,159880,OK,Yahoo Finance JP full-market screener (delayed)
2026-08-03,11:05:03,2026-08-03 11:00:00,7012.T,2651.5,25,66287.5,OK,Yahoo Finance JP full-market screener (delayed)
2026-08-03,11:05:03,2026-08-03 11:00:00,7203.T,2941,23,67643,OK,Yahoo Finance JP full-market screener (delayed)
2026-08-03,11:05:02,2026-08-03 11:00:00,7269.T,1951.5,20,39030,OK,Yahoo Finance JP full-market screener (delayed)
2026-08-03,11:05:00,2026-08-03 11:00:00,7532.T,892.5,70,62475,OK,Yahoo Finance JP full-market screener (delayed)
2026-08-03,11:05:04,2026-08-03 11:00:00,7832.T,4492,16,71872,OK,Yahoo Finance JP full-market screener (delayed)
2026-08-03,11:04:57,2026-08-03 11:00:00,8035.T,54500,1,54500,OK,Yahoo Finance JP full-market screener (delayed)
2026-08-03,11:05:01,2026-08-03 11:00:00,8306.T,3466,18,62388,OK,Yahoo Finance JP full-market screener (delayed)
2026-08-03,11:05:04,2026-08-03 11:00:00,8316.T,6456,13,83928,OK,Yahoo Finance JP full-market screener (delayed)
2026-08-03,11:05:03,2026-08-03 11:00:00,8411.T,7894,10,78940,OK,Yahoo Finance JP full-market screener (delayed)
2026-08-03,11:04:58,2026-08-03 11:00:00,8591.T,6244,13,81172,OK,Yahoo Finance JP full-market screener (delayed)
2026-08-03,11:04:54,2026-08-03 11:00:00,8630.T,6798,12,81576,OK,Yahoo Finance JP full-market screener (delayed)
2026-08-03,11:05:03,2026-08-03 11:00:00,8750.T,1856.5,10,18565,OK,Yahoo Finance JP full-market screener (delayed)
2026-08-03,11:05:01,2026-08-03 11:00:00,8766.T,7802,12,93624,OK,Yahoo Finance JP full-market screener (delayed)
2026-08-03,11:05:00,2026-08-03 11:00:00,8795.T,4920,14,68880,OK,Yahoo Finance JP full-market screener (delayed)
2026-08-03,11:05:04,2026-08-03 11:00:00,9432.T,151.3,500,75650,OK,Yahoo Finance JP full-market screener (delayed)
2026-08-03,11:05:03,2026-08-03 11:00:00,9433.T,2885,23,66355,OK,Yahoo Finance JP full-market screener (delayed)
2026-08-03,11:05:02,2026-08-03 11:00:00,9697.T,3826,7,26782,OK,Yahoo Finance JP full-market screener (delayed)
2026-08-03,11:05:03,2026-08-03 11:00:00,9983.T,77760,2,155520,OK,Yahoo Finance JP full-market screener (delayed)
2026-08-03,11:30:00,2026-08-03 12:00:00,1801.T,12845,3,38535,OK,Yahoo Finance JP full-market screener (delayed)
2026-08-03,11:30:00,2026-08-03 12:00:00,1812.T,5213,14,72982,OK,Yahoo Finance JP full-market screener (delayed)
2026-08-03,11:30:00,2026-08-03 12:00:00,5333.T,5376,5,26880,OK,Yahoo Finance JP full-market screener (delayed)
2026-08-03,11:30:00,2026-08-03 12:00:00,5803.T,4215,8,33720,OK,Yahoo Finance JP full-market screener (delayed)
2026-08-03,11:30:00,2026-08-03 12:00:00,6146.T,61140,1,61140,OK,Yahoo Finance JP full-market screener (delayed)
2026-08-03,11:30:00,2026-08-03 12:00:00,6383.T,5866,6,35196,OK,Yahoo Finance JP full-market screener (delayed)
2026-08-03,11:30:00,2026-08-03 12:00:00,6501.T,5261,15,78915,OK,Yahoo Finance JP full-market screener (delayed)
2026-08-03,11:30:00,2026-08-03 12:00:00,6503.T,5472,14,76608,OK,Yahoo Finance JP full-market screener (delayed)
2026-08-03,11:30:00,2026-08-03 12:00:00,6504.T,13980,6,83880,OK,Yahoo Finance JP full-market screener (delayed)
2026-08-03,11:30:00,2026-08-03 12:00:00,6762.T,3130,23,71990,OK,Yahoo Finance JP full-market screener (delayed)
2026-08-03,11:30:00,2026-08-03 12:00:00,6861.T,79790,2,159580,OK,Yahoo Finance JP full-market screener (delayed)
2026-08-03,11:30:00,2026-08-03 12:00:00,7012.T,2653,25,66325,OK,Yahoo Finance JP full-market screener (delayed)
2026-08-03,11:30:00,2026-08-03 12:00:00,7203.T,2926,23,67298,OK,Yahoo Finance JP full-market screener (delayed)
2026-08-03,11:30:00,2026-08-03 12:00:00,7269.T,1938,20,38760,OK,Yahoo Finance JP full-market screener (delayed)
2026-08-03,11:30:00,2026-08-03 12:00:00,7532.T,891.1,70,62377,OK,Yahoo Finance JP full-market screener (delayed)
2026-08-03,11:30:00,2026-08-03 12:00:00,7832.T,4492,16,71872,OK,Yahoo Finance JP full-market screener (delayed)
2026-08-03,11:30:00,2026-08-03 12:00:00,8035.T,54700,1,54700,OK,Yahoo Finance JP full-market screener (delayed)
2026-08-03,11:30:00,2026-08-03 12:00:00,8306.T,3470,18,62460,OK,Yahoo Finance JP full-market screener (delayed)
2026-08-03,11:30:00,2026-08-03 12:00:00,8316.T,6455,13,83915,OK,Yahoo Finance JP full-market screener (delayed)
2026-08-03,11:30:00,2026-08-03 12:00:00,8411.T,7921,10,79210,OK,Yahoo Finance JP full-market screener (delayed)
2026-08-03,11:30:00,2026-08-03 12:00:00,8591.T,6241,13,81133,OK,Yahoo Finance JP full-market screener (delayed)
2026-08-03,11:30:00,2026-08-03 12:00:00,8630.T,6777,12,81324,OK,Yahoo Finance JP full-market screener (delayed)
2026-08-03,11:30:00,2026-08-03 12:00:00,8750.T,1850,10,18500,OK,Yahoo Finance JP full-market screener (delayed)
2026-08-03,11:30:00,2026-08-03 12:00:00,8766.T,7757,12,93084,OK,Yahoo Finance JP full-market screener (delayed)
2026-08-03,11:30:00,2026-08-03 12:00:00,8795.T,4911,14,68754,OK,Yahoo Finance JP full-market screener (delayed)
2026-08-03,11:30:00,2026-08-03 12:00:00,9432.T,151,500,75500,OK,Yahoo Finance JP full-market screener (delayed)
2026-08-03,11:30:00,2026-08-03 12:00:00,9433.T,2875.5,23,66136.5,OK,Yahoo Finance JP full-market screener (delayed)
2026-08-03,11:30:00,2026-08-03 12:00:00,9697.T,3825,7,26775,OK,Yahoo Finance JP full-market screener (delayed)
2026-08-03,11:30:00,2026-08-03 12:00:00,9983.T,78390,2,156780,OK,Yahoo Finance JP full-market screener (delayed)
2026-08-03,13:05:03,2026-08-03 13:00:00,1801.T,12960,3,38880,OK,Yahoo Finance JP full-market screener (delayed)
2026-08-03,13:05:03,2026-08-03 13:00:00,1812.T,5257,14,73598,OK,Yahoo Finance JP full-market screener (delayed)
2026-08-03,13:04:32,2026-08-03 13:00:00,5333.T,5536,5,27680,OK,Yahoo Finance JP full-market screener (delayed)
2026-08-03,13:05:03,2026-08-03 13:00:00,5803.T,4249,8,33992,OK,Yahoo Finance JP full-market screener (delayed)
2026-08-03,13:04:58,2026-08-03 13:00:00,6146.T,60930,1,60930,OK,Yahoo Finance JP full-market screener (delayed)
2026-08-03,13:04:46,2026-08-03 13:00:00,6383.T,5934,6,35604,OK,Yahoo Finance JP full-market screener (delayed)
2026-08-03,13:05:02,2026-08-03 13:00:00,6501.T,5292,15,79380,OK,Yahoo Finance JP full-market screener (delayed)
2026-08-03,13:05:02,2026-08-03 13:00:00,6503.T,5607,14,78498,OK,Yahoo Finance JP full-market screener (delayed)
2026-08-03,13:04:58,2026-08-03 13:00:00,6504.T,14395,6,86370,OK,Yahoo Finance JP full-market screener (delayed)
2026-08-03,13:04:56,2026-08-03 13:00:00,6762.T,3132,23,72036,OK,Yahoo Finance JP full-market screener (delayed)
2026-08-03,13:05:01,2026-08-03 13:00:00,6861.T,81350,2,162700,OK,Yahoo Finance JP full-market screener (delayed)
2026-08-03,13:05:04,2026-08-03 13:00:00,7012.T,2690,25,67250,OK,Yahoo Finance JP full-market screener (delayed)
2026-08-03,13:05:04,2026-08-03 13:00:00,7203.T,2942.5,23,67677.5,OK,Yahoo Finance JP full-market screener (delayed)
2026-08-03,13:05:02,2026-08-03 13:00:00,7269.T,1953,20,39060,OK,Yahoo Finance JP full-market screener (delayed)
2026-08-03,13:04:54,2026-08-03 13:00:00,7532.T,892.2,70,62454,OK,Yahoo Finance JP full-market screener (delayed)
2026-08-03,13:05:04,2026-08-03 13:00:00,7832.T,4513,16,72208,OK,Yahoo Finance JP full-market screener (delayed)
2026-08-03,13:05:03,2026-08-03 13:00:00,8035.T,54840,1,54840,OK,Yahoo Finance JP full-market screener (delayed)
2026-08-03,13:05:02,2026-08-03 13:00:00,8306.T,3533,18,63594,OK,Yahoo Finance JP full-market screener (delayed)
2026-08-03,13:05:04,2026-08-03 13:00:00,8316.T,6574,13,85462,OK,Yahoo Finance JP full-market screener (delayed)
2026-08-03,13:05:03,2026-08-03 13:00:00,8411.T,8066,10,80660,OK,Yahoo Finance JP full-market screener (delayed)
2026-08-03,13:05:03,2026-08-03 13:00:00,8591.T,6297,13,81861,OK,Yahoo Finance JP full-market screener (delayed)
2026-08-03,13:04:58,2026-08-03 13:00:00,8630.T,6852,12,82224,OK,Yahoo Finance JP full-market screener (delayed)
2026-08-03,13:04:57,2026-08-03 13:00:00,8750.T,1875.5,10,18755,OK,Yahoo Finance JP full-market screener (delayed)
2026-08-03,13:05:00,2026-08-03 13:00:00,8766.T,7827,12,93924,OK,Yahoo Finance JP full-market screener (delayed)
2026-08-03,13:05:04,2026-08-03 13:00:00,8795.T,4960,14,69440,OK,Yahoo Finance JP full-market screener (delayed)
2026-08-03,13:05:04,2026-08-03 13:00:00,9432.T,150.8,500,75400,OK,Yahoo Finance JP full-market screener (delayed)
2026-08-03,13:04:46,2026-08-03 13:00:00,9433.T,2878.5,23,66205.5,OK,Yahoo Finance JP full-market screener (delayed)
2026-08-03,13:04:58,2026-08-03 13:00:00,9697.T,3867,7,27069,OK,Yahoo Finance JP full-market screener (delayed)
2026-08-03,13:04:58,2026-08-03 13:00:00,9983.T,78290,2,156580,OK,Yahoo Finance JP full-market screener (delayed)
2026-08-03,14:05:03,2026-08-03 14:00:00,1801.T,12935,3,38805,OK,Yahoo Finance JP full-market screener (delayed)
2026-08-03,14:05:02,2026-08-03 14:00:00,1812.T,5267,14,73738,OK,Yahoo Finance JP full-market screener (delayed)
2026-08-03,14:05:02,2026-08-03 14:00:00,5333.T,5530,5,27650,OK,Yahoo Finance JP full-market screener (delayed)
2026-08-03,14:05:05,2026-08-03 14:00:00,5803.T,4292,8,34336,OK,Yahoo Finance JP full-market screener (delayed)
2026-08-03,14:05:03,2026-08-03 14:00:00,6146.T,60880,1,60880,OK,Yahoo Finance JP full-market screener (delayed)
2026-08-03,14:05:04,2026-08-03 14:00:00,6383.T,5926,6,35556,OK,Yahoo Finance JP full-market screener (delayed)
2026-08-03,14:05:05,2026-08-03 14:00:00,6501.T,5301,15,79515,OK,Yahoo Finance JP full-market screener (delayed)
2026-08-03,14:05:04,2026-08-03 14:00:00,6503.T,5559,14,77826,OK,Yahoo Finance JP full-market screener (delayed)
2026-08-03,14:05:03,2026-08-03 14:00:00,6504.T,14320,6,85920,OK,Yahoo Finance JP full-market screener (delayed)
2026-08-03,14:05:05,2026-08-03 14:00:00,6762.T,3110,23,71530,OK,Yahoo Finance JP full-market screener (delayed)
2026-08-03,14:05:00,2026-08-03 14:00:00,6861.T,81130,2,162260,OK,Yahoo Finance JP full-market screener (delayed)
2026-08-03,14:05:00,2026-08-03 14:00:00,7012.T,2700.5,25,67512.5,OK,Yahoo Finance JP full-market screener (delayed)
2026-08-03,14:05:05,2026-08-03 14:00:00,7203.T,2953.5,23,67930.5,OK,Yahoo Finance JP full-market screener (delayed)
2026-08-03,14:05:05,2026-08-03 14:00:00,7269.T,1975.5,20,39510,OK,Yahoo Finance JP full-market screener (delayed)
2026-08-03,14:05:05,2026-08-03 14:00:00,7532.T,898.2,70,62874,OK,Yahoo Finance JP full-market screener (delayed)
2026-08-03,14:05:04,2026-08-03 14:00:00,7832.T,4524,16,72384,OK,Yahoo Finance JP full-market screener (delayed)
2026-08-03,14:05:04,2026-08-03 14:00:00,8035.T,54460,1,54460,OK,Yahoo Finance JP full-market screener (delayed)
2026-08-03,14:05:05,2026-08-03 14:00:00,8306.T,3556,18,64008,OK,Yahoo Finance JP full-market screener (delayed)
2026-08-03,14:05:05,2026-08-03 14:00:00,8316.T,6624,13,86112,OK,Yahoo Finance JP full-market screener (delayed)
2026-08-03,14:05:05,2026-08-03 14:00:00,8411.T,8127,10,81270,OK,Yahoo Finance JP full-market screener (delayed)
2026-08-03,14:05:02,2026-08-03 14:00:00,8591.T,6323,13,82199,OK,Yahoo Finance JP full-market screener (delayed)
2026-08-03,14:04:58,2026-08-03 14:00:00,8630.T,6882,12,82584,OK,Yahoo Finance JP full-market screener (delayed)
2026-08-03,14:04:54,2026-08-03 14:00:00,8750.T,1888,10,18880,OK,Yahoo Finance JP full-market screener (delayed)
2026-08-03,14:05:04,2026-08-03 14:00:00,8766.T,7861,12,94332,OK,Yahoo Finance JP full-market screener (delayed)
2026-08-03,14:05:02,2026-08-03 14:00:00,8795.T,4990,14,69860,OK,Yahoo Finance JP full-market screener (delayed)
2026-08-03,14:05:04,2026-08-03 14:00:00,9432.T,151.8,500,75900,OK,Yahoo Finance JP full-market screener (delayed)
2026-08-03,14:05:05,2026-08-03 14:00:00,9433.T,2896.5,23,66619.5,OK,Yahoo Finance JP full-market screener (delayed)
2026-08-03,14:05:05,2026-08-03 14:00:00,9697.T,3893,7,27251,OK,Yahoo Finance JP full-market screener (delayed)
2026-08-03,14:05:04,2026-08-03 14:00:00,9983.T,78920,2,157840,OK,Yahoo Finance JP full-market screener (delayed)
2026-08-03,15:04:21,2026-08-03 15:00:00,1801.T,12890,3,38670,OK,Yahoo Finance JP full-market screener (delayed)
2026-08-03,15:05:04,2026-08-03 15:00:00,1812.T,5256,14,73584,OK,Yahoo Finance JP full-market screener (delayed)
2026-08-03,15:05:00,2026-08-03 15:00:00,5333.T,5521,5,27605,OK,Yahoo Finance JP full-market screener (delayed)
2026-08-03,15:05:03,2026-08-03 15:00:00,5803.T,4287,8,34296,OK,Yahoo Finance JP full-market screener (delayed)
2026-08-03,15:05:02,2026-08-03 15:00:00,6146.T,60750,1,60750,OK,Yahoo Finance JP full-market screener (delayed)
2026-08-03,15:05:03,2026-08-03 15:00:00,6383.T,5911,6,35466,OK,Yahoo Finance JP full-market screener (delayed)
2026-08-03,15:05:03,2026-08-03 15:00:00,6501.T,5327,15,79905,OK,Yahoo Finance JP full-market screener (delayed)
2026-08-03,15:05:03,2026-08-03 15:00:00,6503.T,5545,14,77630,OK,Yahoo Finance JP full-market screener (delayed)
2026-08-03,15:05:01,2026-08-03 15:00:00,6504.T,14315,6,85890,OK,Yahoo Finance JP full-market screener (delayed)
2026-08-03,15:05:03,2026-08-03 15:00:00,6762.T,3090,23,71070,OK,Yahoo Finance JP full-market screener (delayed)
2026-08-03,15:04:26,2026-08-03 15:00:00,6861.T,81060,2,162120,OK,Yahoo Finance JP full-market screener (delayed)
2026-08-03,15:05:04,2026-08-03 15:00:00,7012.T,2698.5,25,67462.5,OK,Yahoo Finance JP full-market screener (delayed)
2026-08-03,15:05:02,2026-08-03 15:00:00,7203.T,2947,23,67781,OK,Yahoo Finance JP full-market screener (delayed)
2026-08-03,15:05:03,2026-08-03 15:00:00,7269.T,1955,20,39100,OK,Yahoo Finance JP full-market screener (delayed)
2026-08-03,15:05:03,2026-08-03 15:00:00,7532.T,899.7,70,62979,OK,Yahoo Finance JP full-market screener (delayed)
2026-08-03,15:04:38,2026-08-03 15:00:00,7832.T,4529,16,72464,OK,Yahoo Finance JP full-market screener (delayed)
2026-08-03,15:05:03,2026-08-03 15:00:00,8035.T,54630,1,54630,OK,Yahoo Finance JP full-market screener (delayed)
2026-08-03,15:05:02,2026-08-03 15:00:00,8306.T,3562,18,64116,OK,Yahoo Finance JP full-market screener (delayed)
2026-08-03,15:05:03,2026-08-03 15:00:00,8316.T,6633,13,86229,OK,Yahoo Finance JP full-market screener (delayed)
2026-08-03,15:05:04,2026-08-03 15:00:00,8411.T,8133,10,81330,OK,Yahoo Finance JP full-market screener (delayed)
2026-08-03,15:05:03,2026-08-03 15:00:00,8591.T,6332,13,82316,OK,Yahoo Finance JP full-market screener (delayed)
2026-08-03,15:04:48,2026-08-03 15:00:00,8630.T,6862,12,82344,OK,Yahoo Finance JP full-market screener (delayed)
2026-08-03,15:04:58,2026-08-03 15:00:00,8750.T,1880.5,10,18805,OK,Yahoo Finance JP full-market screener (delayed)
2026-08-03,15:05:03,2026-08-03 15:00:00,8766.T,7864,12,94368,OK,Yahoo Finance JP full-market screener (delayed)
2026-08-03,15:04:46,2026-08-03 15:00:00,8795.T,4974,14,69636,OK,Yahoo Finance JP full-market screener (delayed)
2026-08-03,15:05:02,2026-08-03 15:00:00,9432.T,152,500,76000,OK,Yahoo Finance JP full-market screener (delayed)
2026-08-03,15:04:52,2026-08-03 15:00:00,9433.T,2894.5,23,66573.5,OK,Yahoo Finance JP full-market screener (delayed)
2026-08-03,15:05:02,2026-08-03 15:00:00,9697.T,3894,7,27258,OK,Yahoo Finance JP full-market screener (delayed)
2026-08-03,15:05:02,2026-08-03 15:00:00,9983.T,79020,2,158040,OK,Yahoo Finance JP full-market screener (delayed)
2026-08-03,15:30:00,2026-08-03 16:00:00,1801.T,12910,3,38730,OK,Yahoo Finance JP full-market screener (delayed)
2026-08-03,15:30:00,2026-08-03 16:00:00,1812.T,5255,14,73570,OK,Yahoo Finance JP full-market screener (delayed)
2026-08-03,15:30:00,2026-08-03 16:00:00,5333.T,5532,5,27660,OK,Yahoo Finance JP full-market screener (delayed)
2026-08-03,15:30:00,2026-08-03 16:00:00,5803.T,4290,8,34320,OK,Yahoo Finance JP full-market screener (delayed)
2026-08-03,15:30:00,2026-08-03 16:00:00,6146.T,60520,1,60520,OK,Yahoo Finance JP full-market screener (delayed)
2026-08-03,15:30:00,2026-08-03 16:00:00,6383.T,5886,6,35316,OK,Yahoo Finance JP full-market screener (delayed)
2026-08-03,15:30:00,2026-08-03 16:00:00,6501.T,5301,15,79515,OK,Yahoo Finance JP full-market screener (delayed)
2026-08-03,15:30:00,2026-08-03 16:00:00,6503.T,5536,14,77504,OK,Yahoo Finance JP full-market screener (delayed)
2026-08-03,15:30:00,2026-08-03 16:00:00,6504.T,14130,6,84780,OK,Yahoo Finance JP full-market screener (delayed)
2026-08-03,15:30:00,2026-08-03 16:00:00,6762.T,3092,23,71116,OK,Yahoo Finance JP full-market screener (delayed)
2026-08-03,15:30:00,2026-08-03 16:00:00,6861.T,80610,2,161220,OK,Yahoo Finance JP full-market screener (delayed)
2026-08-03,15:30:00,2026-08-03 16:00:00,7012.T,2708,25,67700,OK,Yahoo Finance JP full-market screener (delayed)
2026-08-03,15:30:00,2026-08-03 16:00:00,7203.T,2963.5,23,68160.5,OK,Yahoo Finance JP full-market screener (delayed)
2026-08-03,15:30:00,2026-08-03 16:00:00,7269.T,1945.5,20,38910,OK,Yahoo Finance JP full-market screener (delayed)
2026-08-03,15:30:00,2026-08-03 16:00:00,7532.T,896.6,70,62762,OK,Yahoo Finance JP full-market screener (delayed)
2026-08-03,15:30:00,2026-08-03 16:00:00,7832.T,4533,16,72528,OK,Yahoo Finance JP full-market screener (delayed)
2026-08-03,15:30:00,2026-08-03 16:00:00,8035.T,54990,1,54990,OK,Yahoo Finance JP full-market screener (delayed)
2026-08-03,15:30:00,2026-08-03 16:00:00,8306.T,3567,18,64206,OK,Yahoo Finance JP full-market screener (delayed)
2026-08-03,15:30:00,2026-08-03 16:00:00,8316.T,6614,13,85982,OK,Yahoo Finance JP full-market screener (delayed)
2026-08-03,15:30:00,2026-08-03 16:00:00,8411.T,8094,10,80940,OK,Yahoo Finance JP full-market screener (delayed)
2026-08-03,15:30:00,2026-08-03 16:00:00,8591.T,6348,13,82524,OK,Yahoo Finance JP full-market screener (delayed)
2026-08-03,15:30:00,2026-08-03 16:00:00,8630.T,6872,12,82464,OK,Yahoo Finance JP full-market screener (delayed)
2026-08-03,15:30:00,2026-08-03 16:00:00,8750.T,1888.5,10,18885,OK,Yahoo Finance JP full-market screener (delayed)
2026-08-03,15:30:00,2026-08-03 16:00:00,8766.T,7885,12,94620,OK,Yahoo Finance JP full-market screener (delayed)
2026-08-03,15:30:00,2026-08-03 16:00:00,8795.T,4969,14,69566,OK,Yahoo Finance JP full-market screener (delayed)
2026-08-03,15:30:00,2026-08-03 16:00:00,9432.T,152.5,500,76250,OK,Yahoo Finance JP full-market screener (delayed)
2026-08-03,15:30:00,2026-08-03 16:00:00,9433.T,2903,23,66769,OK,Yahoo Finance JP full-market screener (delayed)
2026-08-03,15:30:00,2026-08-03 16:00:00,9697.T,3888,7,27216,OK,Yahoo Finance JP full-market screener (delayed)
2026-08-03,15:30:00,2026-08-03 16:00:00,9983.T,79600,2,159200,OK,Yahoo Finance JP full-market screener (delayed)
2026-08-03,15:30:00,2026-08-03 17:00:00,1801.T,12910,3,38730,OK,Yahoo Finance JP full-market screener (delayed)
2026-08-03,15:30:00,2026-08-03 17:00:00,1812.T,5255,14,73570,OK,Yahoo Finance JP full-market screener (delayed)
2026-08-03,15:30:00,2026-08-03 17:00:00,5333.T,5532,5,27660,OK,Yahoo Finance JP full-market screener (delayed)
2026-08-03,15:30:00,2026-08-03 17:00:00,5803.T,4290,8,34320,OK,Yahoo Finance JP full-market screener (delayed)
2026-08-03,15:30:00,2026-08-03 17:00:00,6146.T,60520,1,60520,OK,Yahoo Finance JP full-market screener (delayed)
2026-08-03,15:30:00,2026-08-03 17:00:00,6383.T,5886,6,35316,OK,Yahoo Finance JP full-market screener (delayed)
2026-08-03,15:30:00,2026-08-03 17:00:00,6501.T,5301,15,79515,OK,Yahoo Finance JP full-market screener (delayed)
2026-08-03,15:30:00,2026-08-03 17:00:00,6503.T,5536,14,77504,OK,Yahoo Finance JP full-market screener (delayed)
2026-08-03,15:30:00,2026-08-03 17:00:00,6504.T,14130,6,84780,OK,Yahoo Finance JP full-market screener (delayed)
2026-08-03,15:30:00,2026-08-03 17:00:00,6762.T,3092,23,71116,OK,Yahoo Finance JP full-market screener (delayed)
2026-08-03,15:30:00,2026-08-03 17:00:00,6861.T,80610,2,161220,OK,Yahoo Finance JP full-market screener (delayed)
2026-08-03,15:30:00,2026-08-03 17:00:00,7012.T,2708,25,67700,OK,Yahoo Finance JP full-market screener (delayed)
2026-08-03,15:30:00,2026-08-03 17:00:00,7203.T,2963.5,23,68160.5,OK,Yahoo Finance JP full-market screener (delayed)
2026-08-03,15:30:00,2026-08-03 17:00:00,7269.T,1945.5,20,38910,OK,Yahoo Finance JP full-market screener (delayed)
2026-08-03,15:30:00,2026-08-03 17:00:00,7532.T,896.6,70,62762,OK,Yahoo Finance JP full-market screener (delayed)
2026-08-03,15:30:00,2026-08-03 17:00:00,7832.T,4533,16,72528,OK,Yahoo Finance JP full-market screener (delayed)
2026-08-03,15:30:00,2026-08-03 17:00:00,8035.T,54990,1,54990,OK,Yahoo Finance JP full-market screener (delayed)
2026-08-03,15:30:00,2026-08-03 17:00:00,8306.T,3567,18,64206,OK,Yahoo Finance JP full-market screener (delayed)
2026-08-03,15:30:00,2026-08-03 17:00:00,8316.T,6614,13,85982,OK,Yahoo Finance JP full-market screener (delayed)
2026-08-03,15:30:00,2026-08-03 17:00:00,8411.T,8094,10,80940,OK,Yahoo Finance JP full-market screener (delayed)
2026-08-03,15:30:00,2026-08-03 17:00:00,8591.T,6348,13,82524,OK,Yahoo Finance JP full-market screener (delayed)
2026-08-03,15:30:00,2026-08-03 17:00:00,8630.T,6872,12,82464,OK,Yahoo Finance JP full-market screener (delayed)
2026-08-03,15:30:00,2026-08-03 17:00:00,8750.T,1888.5,10,18885,OK,Yahoo Finance JP full-market screener (delayed)
2026-08-03,15:30:00,2026-08-03 17:00:00,8766.T,7885,12,94620,OK,Yahoo Finance JP full-market screener (delayed)
2026-08-03,15:30:00,2026-08-03 17:00:00,8795.T,4969,14,69566,OK,Yahoo Finance JP full-market screener (delayed)
2026-08-03,15:30:00,2026-08-03 17:00:00,9432.T,152.5,500,76250,OK,Yahoo Finance JP full-market screener (delayed)
2026-08-03,15:30:00,2026-08-03 17:00:00,9433.T,2903,23,66769,OK,Yahoo Finance JP full-market screener (delayed)
2026-08-03,15:30:00,2026-08-03 17:00:00,9697.T,3888,7,27216,OK,Yahoo Finance JP full-market screener (delayed)
2026-08-03,15:30:00,2026-08-03 17:00:00,9983.T,79600,2,159200,OK,Yahoo Finance JP full-market screener (delayed)
2026-08-04,09:20:17,2026-08-04 09:00:00,1801.T,13065,3,39195,OK,Yahoo Finance JP full-market screener (delayed)
2026-08-04,09:20:22,2026-08-04 09:00:00,1812.T,5335,14,74690,OK,Yahoo Finance JP full-market screener (delayed)
2026-08-04,09:20:20,2026-08-04 09:00:00,5333.T,5609,5,28045,OK,Yahoo Finance JP full-market screener (delayed)
2026-08-04,09:20:23,2026-08-04 09:00:00,5803.T,4431,8,35448,OK,Yahoo Finance JP full-market screener (delayed)
2026-08-04,09:20:21,2026-08-04 09:00:00,6146.T,60090,1,60090,OK,Yahoo Finance JP full-market screener (delayed)
2026-08-04,09:20:22,2026-08-04 09:00:00,6383.T,5988,6,35928,OK,Yahoo Finance JP full-market screener (delayed)
2026-08-04,09:20:22,2026-08-04 09:00:00,6501.T,5353,15,80295,OK,Yahoo Finance JP full-market screener (delayed)
2026-08-04,09:20:21,2026-08-04 09:00:00,6503.T,5607,14,78498,OK,Yahoo Finance JP full-market screener (delayed)
2026-08-04,09:20:03,2026-08-04 09:00:00,6504.T,13935,6,83610,OK,Yahoo Finance JP full-market screener (delayed)
2026-08-04,09:20:22,2026-08-04 09:00:00,6762.T,3050,23,70150,OK,Yahoo Finance JP full-market screener (delayed)
2026-08-04,09:20:11,2026-08-04 09:00:00,6861.T,82310,2,164620,OK,Yahoo Finance JP full-market screener (delayed)
2026-08-04,09:20:23,2026-08-04 09:00:00,7012.T,2770.5,25,69262.5,OK,Yahoo Finance JP full-market screener (delayed)
2026-08-04,09:20:22,2026-08-04 09:00:00,7203.T,2931,23,67413,OK,Yahoo Finance JP full-market screener (delayed)
2026-08-04,09:20:19,2026-08-04 09:00:00,7269.T,1936.5,20,38730,OK,Yahoo Finance JP full-market screener (delayed)
2026-08-04,09:20:22,2026-08-04 09:00:00,7532.T,888.2,70,62174,OK,Yahoo Finance JP full-market screener (delayed)
2026-08-04,09:20:22,2026-08-04 09:00:00,7832.T,4492,16,71872,OK,Yahoo Finance JP full-market screener (delayed)
2026-08-04,09:20:18,2026-08-04 09:00:00,8035.T,54740,1,54740,OK,Yahoo Finance JP full-market screener (delayed)
2026-08-04,09:20:23,2026-08-04 09:00:00,8306.T,3515,18,63270,OK,Yahoo Finance JP full-market screener (delayed)
2026-08-04,09:20:20,2026-08-04 09:00:00,8316.T,6604,13,85852,OK,Yahoo Finance JP full-market screener (delayed)
2026-08-04,09:20:20,2026-08-04 09:00:00,8411.T,8126,10,81260,OK,Yahoo Finance JP full-market screener (delayed)
2026-08-04,09:20:22,2026-08-04 09:00:00,8591.T,6335,13,82355,OK,Yahoo Finance JP full-market screener (delayed)
2026-08-04,09:20:21,2026-08-04 09:00:00,8630.T,6866,12,82392,OK,Yahoo Finance JP full-market screener (delayed)
2026-08-04,09:20:21,2026-08-04 09:00:00,8750.T,1888,10,18880,OK,Yahoo Finance JP full-market screener (delayed)
2026-08-04,09:20:22,2026-08-04 09:00:00,8766.T,7837,12,94044,OK,Yahoo Finance JP full-market screener (delayed)
2026-08-04,09:20:21,2026-08-04 09:00:00,8795.T,5005,14,70070,OK,Yahoo Finance JP full-market screener (delayed)
2026-08-04,09:20:21,2026-08-04 09:00:00,9432.T,151,500,75500,OK,Yahoo Finance JP full-market screener (delayed)
2026-08-04,09:20:21,2026-08-04 09:00:00,9433.T,2878.5,23,66205.5,OK,Yahoo Finance JP full-market screener (delayed)
2026-08-04,09:20:22,2026-08-04 09:00:00,9697.T,3863,7,27041,OK,Yahoo Finance JP full-market screener (delayed)
2026-08-04,09:20:21,2026-08-04 09:00:00,9983.T,78100,2,156200,OK,Yahoo Finance JP full-market screener (delayed)
2026-08-04,10:21:37,2026-08-04 10:00:00,1801.T,12975,3,38925,OK,Yahoo Finance JP full-market screener (delayed)
2026-08-04,10:21:37,2026-08-04 10:00:00,1812.T,5309,14,74326,OK,Yahoo Finance JP full-market screener (delayed)
2026-08-04,10:21:33,2026-08-04 10:00:00,5333.T,5589,5,27945,OK,Yahoo Finance JP full-market screener (delayed)
2026-08-04,10:21:38,2026-08-04 10:00:00,5803.T,4450,8,35600,OK,Yahoo Finance JP full-market screener (delayed)
2026-08-04,10:21:37,2026-08-04 10:00:00,6146.T,58990,1,58990,OK,Yahoo Finance JP full-market screener (delayed)
2026-08-04,10:21:36,2026-08-04 10:00:00,6383.T,5958,6,35748,OK,Yahoo Finance JP full-market screener (delayed)
2026-08-04,10:21:37,2026-08-04 10:00:00,6501.T,5340,15,80100,OK,Yahoo Finance JP full-market screener (delayed)
2026-08-04,10:21:36,2026-08-04 10:00:00,6503.T,5506,14,77084,OK,Yahoo Finance JP full-market screener (delayed)
2026-08-04,10:21:36,2026-08-04 10:00:00,6504.T,13665,6,81990,OK,Yahoo Finance JP full-market screener (delayed)
2026-08-04,10:21:38,2026-08-04 10:00:00,6762.T,3031,23,69713,OK,Yahoo Finance JP full-market screener (delayed)
2026-08-04,10:21:34,2026-08-04 10:00:00,6861.T,81410,2,162820,OK,Yahoo Finance JP full-market screener (delayed)
2026-08-04,10:21:37,2026-08-04 10:00:00,7012.T,2724.5,25,68112.5,OK,Yahoo Finance JP full-market screener (delayed)
2026-08-04,10:21:38,2026-08-04 10:00:00,7203.T,2933,23,67459,OK,Yahoo Finance JP full-market screener (delayed)
2026-08-04,10:21:30,2026-08-04 10:00:00,7269.T,1917.5,20,38350,OK,Yahoo Finance JP full-market screener (delayed)
2026-08-04,10:21:32,2026-08-04 10:00:00,7532.T,890.9,70,62363,OK,Yahoo Finance JP full-market screener (delayed)
2026-08-04,10:21:37,2026-08-04 10:00:00,7832.T,4507,16,72112,OK,Yahoo Finance JP full-market screener (delayed)
2026-08-04,10:21:38,2026-08-04 10:00:00,8035.T,53680,1,53680,OK,Yahoo Finance JP full-market screener (delayed)
2026-08-04,10:21:38,2026-08-04 10:00:00,8306.T,3470,18,62460,OK,Yahoo Finance JP full-market screener (delayed)
2026-08-04,10:21:38,2026-08-04 10:00:00,8316.T,6533,13,84929,OK,Yahoo Finance JP full-market screener (delayed)
2026-08-04,10:21:37,2026-08-04 10:00:00,8411.T,8077,10,80770,OK,Yahoo Finance JP full-market screener (delayed)
2026-08-04,10:21:32,2026-08-04 10:00:00,8591.T,6297,13,81861,OK,Yahoo Finance JP full-market screener (delayed)
2026-08-04,10:21:31,2026-08-04 10:00:00,8630.T,6817,12,81804,OK,Yahoo Finance JP full-market screener (delayed)
2026-08-04,10:21:32,2026-08-04 10:00:00,8750.T,1873,10,18730,OK,Yahoo Finance JP full-market screener (delayed)
2026-08-04,10:21:36,2026-08-04 10:00:00,8766.T,7747,12,92964,OK,Yahoo Finance JP full-market screener (delayed)
2026-08-04,10:21:33,2026-08-04 10:00:00,8795.T,4970,14,69580,OK,Yahoo Finance JP full-market screener (delayed)
2026-08-04,10:21:38,2026-08-04 10:00:00,9432.T,151.4,500,75700,OK,Yahoo Finance JP full-market screener (delayed)
2026-08-04,10:21:36,2026-08-04 10:00:00,9433.T,2876,23,66148,OK,Yahoo Finance JP full-market screener (delayed)
2026-08-04,10:21:36,2026-08-04 10:00:00,9697.T,3897,7,27279,OK,Yahoo Finance JP full-market screener (delayed)
2026-08-04,10:21:32,2026-08-04 10:00:00,9983.T,78390,2,156780,OK,Yahoo Finance JP full-market screener (delayed)
2026-08-04,11:18:32,2026-08-04 11:00:00,1801.T,12980,3,38940,OK,Yahoo Finance JP full-market screener (delayed)
2026-08-04,11:18:50,2026-08-04 11:00:00,1812.T,5296,14,74144,OK,Yahoo Finance JP full-market screener (delayed)
2026-08-04,11:18:51,2026-08-04 11:00:00,5333.T,5589,5,27945,OK,Yahoo Finance JP full-market screener (delayed)
2026-08-04,11:18:50,2026-08-04 11:00:00,5803.T,4555,8,36440,OK,Yahoo Finance JP full-market screener (delayed)
2026-08-04,11:18:50,2026-08-04 11:00:00,6146.T,60050,1,60050,OK,Yahoo Finance JP full-market screener (delayed)
2026-08-04,11:18:34,2026-08-04 11:00:00,6383.T,6025,6,36150,OK,Yahoo Finance JP full-market screener (delayed)
2026-08-04,11:18:49,2026-08-04 11:00:00,6501.T,5339,15,80085,OK,Yahoo Finance JP full-market screener (delayed)
2026-08-04,11:18:50,2026-08-04 11:00:00,6503.T,5542,14,77588,OK,Yahoo Finance JP full-market screener (delayed)
2026-08-04,11:18:51,2026-08-04 11:00:00,6504.T,13775,6,82650,OK,Yahoo Finance JP full-market screener (delayed)
2026-08-04,11:18:50,2026-08-04 11:00:00,6762.T,3078,23,70794,OK,Yahoo Finance JP full-market screener (delayed)
2026-08-04,11:18:21,2026-08-04 11:00:00,6861.T,82630,2,165260,OK,Yahoo Finance JP full-market screener (delayed)
2026-08-04,11:18:50,2026-08-04 11:00:00,7012.T,2739,25,68475,OK,Yahoo Finance JP full-market screener (delayed)
2026-08-04,11:18:50,2026-08-04 11:00:00,7203.T,2930.5,23,67401.5,OK,Yahoo Finance JP full-market screener (delayed)
2026-08-04,11:18:48,2026-08-04 11:00:00,7269.T,1901,20,38020,OK,Yahoo Finance JP full-market screener (delayed)
2026-08-04,11:18:49,2026-08-04 11:00:00,7532.T,896.7,70,62769,OK,Yahoo Finance JP full-market screener (delayed)
2026-08-04,11:18:50,2026-08-04 11:00:00,7832.T,4496,16,71936,OK,Yahoo Finance JP full-market screener (delayed)
2026-08-04,11:18:50,2026-08-04 11:00:00,8035.T,54980,1,54980,OK,Yahoo Finance JP full-market screener (delayed)
2026-08-04,11:18:50,2026-08-04 11:00:00,8306.T,3463,18,62334,OK,Yahoo Finance JP full-market screener (delayed)
2026-08-04,11:18:45,2026-08-04 11:00:00,8316.T,6527,13,84851,OK,Yahoo Finance JP full-market screener (delayed)
2026-08-04,11:18:45,2026-08-04 11:00:00,8411.T,8072,10,80720,OK,Yahoo Finance JP full-market screener (delayed)
2026-08-04,11:18:49,2026-08-04 11:00:00,8591.T,6277,13,81601,OK,Yahoo Finance JP full-market screener (delayed)
2026-08-04,11:18:46,2026-08-04 11:00:00,8630.T,6774,12,81288,OK,Yahoo Finance JP full-market screener (delayed)
2026-08-04,11:18:45,2026-08-04 11:00:00,8750.T,1876,10,18760,OK,Yahoo Finance JP full-market screener (delayed)
2026-08-04,11:18:50,2026-08-04 11:00:00,8766.T,7700,12,92400,OK,Yahoo Finance JP full-market screener (delayed)
2026-08-04,11:18:43,2026-08-04 11:00:00,8795.T,4945,14,69230,OK,Yahoo Finance JP full-market screener (delayed)
2026-08-04,11:18:50,2026-08-04 11:00:00,9432.T,151.1,500,75550,OK,Yahoo Finance JP full-market screener (delayed)
2026-08-04,11:18:50,2026-08-04 11:00:00,9433.T,2864.5,23,65883.5,OK,Yahoo Finance JP full-market screener (delayed)
2026-08-04,11:18:45,2026-08-04 11:00:00,9697.T,3874,7,27118,OK,Yahoo Finance JP full-market screener (delayed)
2026-08-04,11:18:50,2026-08-04 11:00:00,9983.T,78740,2,157480,OK,Yahoo Finance JP full-market screener (delayed)
2026-08-04,11:30:00,2026-08-04 12:00:00,1801.T,13000,3,39000,OK,Yahoo Finance JP full-market screener (delayed)
2026-08-04,11:30:00,2026-08-04 12:00:00,1812.T,5290,14,74060,OK,Yahoo Finance JP full-market screener (delayed)
2026-08-04,11:30:00,2026-08-04 12:00:00,5333.T,5578,5,27890,OK,Yahoo Finance JP full-market screener (delayed)
2026-08-04,11:30:00,2026-08-04 12:00:00,5803.T,4554,8,36432,OK,Yahoo Finance JP full-market screener (delayed)
2026-08-04,11:30:00,2026-08-04 12:00:00,6146.T,60090,1,60090,OK,Yahoo Finance JP full-market screener (delayed)
2026-08-04,11:30:00,2026-08-04 12:00:00,6383.T,6059,6,36354,OK,Yahoo Finance JP full-market screener (delayed)
2026-08-04,11:30:00,2026-08-04 12:00:00,6501.T,5360,15,80400,OK,Yahoo Finance JP full-market screener (delayed)
2026-08-04,11:30:00,2026-08-04 12:00:00,6503.T,5543,14,77602,OK,Yahoo Finance JP full-market screener (delayed)
2026-08-04,11:30:00,2026-08-04 12:00:00,6504.T,13810,6,82860,OK,Yahoo Finance JP full-market screener (delayed)
2026-08-04,11:30:00,2026-08-04 12:00:00,6762.T,3067,23,70541,OK,Yahoo Finance JP full-market screener (delayed)
2026-08-04,11:30:00,2026-08-04 12:00:00,6861.T,82590,2,165180,OK,Yahoo Finance JP full-market screener (delayed)
2026-08-04,11:30:00,2026-08-04 12:00:00,7012.T,2740,25,68500,OK,Yahoo Finance JP full-market screener (delayed)
2026-08-04,11:30:00,2026-08-04 12:00:00,7203.T,2932.5,23,67447.5,OK,Yahoo Finance JP full-market screener (delayed)
2026-08-04,11:30:00,2026-08-04 12:00:00,7269.T,1901,20,38020,OK,Yahoo Finance JP full-market screener (delayed)
2026-08-04,11:30:00,2026-08-04 12:00:00,7532.T,895,70,62650,OK,Yahoo Finance JP full-market screener (delayed)
2026-08-04,11:30:00,2026-08-04 12:00:00,7832.T,4492,16,71872,OK,Yahoo Finance JP full-market screener (delayed)
2026-08-04,11:30:00,2026-08-04 12:00:00,8035.T,55060,1,55060,OK,Yahoo Finance JP full-market screener (delayed)
2026-08-04,11:30:00,2026-08-04 12:00:00,8306.T,3462,18,62316,OK,Yahoo Finance JP full-market screener (delayed)
2026-08-04,11:30:00,2026-08-04 12:00:00,8316.T,6526,13,84838,OK,Yahoo Finance JP full-market screener (delayed)
2026-08-04,11:30:00,2026-08-04 12:00:00,8411.T,8060,10,80600,OK,Yahoo Finance JP full-market screener (delayed)
2026-08-04,11:30:00,2026-08-04 12:00:00,8591.T,6280,13,81640,OK,Yahoo Finance JP full-market screener (delayed)
2026-08-04,11:30:00,2026-08-04 12:00:00,8630.T,6773,12,81276,OK,Yahoo Finance JP full-market screener (delayed)
2026-08-04,11:30:00,2026-08-04 12:00:00,8750.T,1873.5,10,18735,OK,Yahoo Finance JP full-market screener (delayed)
2026-08-04,11:30:00,2026-08-04 12:00:00,8766.T,7693,12,92316,OK,Yahoo Finance JP full-market screener (delayed)
2026-08-04,11:30:00,2026-08-04 12:00:00,8795.T,4939,14,69146,OK,Yahoo Finance JP full-market screener (delayed)
2026-08-04,11:30:00,2026-08-04 12:00:00,9432.T,151.4,500,75700,OK,Yahoo Finance JP full-market screener (delayed)
2026-08-04,11:30:00,2026-08-04 12:00:00,9433.T,2865,23,65895,OK,Yahoo Finance JP full-market screener (delayed)
2026-08-04,11:30:00,2026-08-04 12:00:00,9697.T,3881,7,27167,OK,Yahoo Finance JP full-market screener (delayed)
2026-08-04,11:30:00,2026-08-04 12:00:00,9983.T,78890,2,157780,OK,Yahoo Finance JP full-market screener (delayed)
2026-08-04,13:20:45,2026-08-04 13:00:00,1801.T,13030,3,39090,OK,Yahoo Finance JP full-market screener (delayed)
2026-08-04,13:20:42,2026-08-04 13:00:00,1812.T,5311,14,74354,OK,Yahoo Finance JP full-market screener (delayed)
2026-08-04,13:20:50,2026-08-04 13:00:00,5333.T,5563,5,27815,OK,Yahoo Finance JP full-market screener (delayed)
2026-08-04,13:20:52,2026-08-04 13:00:00,5803.T,4605,8,36840,OK,Yahoo Finance JP full-market screener (delayed)
2026-08-04,13:20:50,2026-08-04 13:00:00,6146.T,60490,1,60490,OK,Yahoo Finance JP full-market screener (delayed)
2026-08-04,13:20:51,2026-08-04 13:00:00,6383.T,6101,6,36606,OK,Yahoo Finance JP full-market screener (delayed)
2026-08-04,13:20:47,2026-08-04 13:00:00,6501.T,5386,15,80790,OK,Yahoo Finance JP full-market screener (delayed)
2026-08-04,13:20:48,2026-08-04 13:00:00,6503.T,5554,14,77756,OK,Yahoo Finance JP full-market screener (delayed)
2026-08-04,13:20:26,2026-08-04 13:00:00,6504.T,14075,6,84450,OK,Yahoo Finance JP full-market screener (delayed)
2026-08-04,13:20:52,2026-08-04 13:00:00,6762.T,3051,23,70173,OK,Yahoo Finance JP full-market screener (delayed)
2026-08-04,13:20:47,2026-08-04 13:00:00,6861.T,82960,2,165920,OK,Yahoo Finance JP full-market screener (delayed)
2026-08-04,13:20:51,2026-08-04 13:00:00,7012.T,2786,25,69650,OK,Yahoo Finance JP full-market screener (delayed)
2026-08-04,13:20:51,2026-08-04 13:00:00,7203.T,2936.5,23,67539.5,OK,Yahoo Finance JP full-market screener (delayed)
2026-08-04,13:20:50,2026-08-04 13:00:00,7269.T,1908.5,20,38170,OK,Yahoo Finance JP full-market screener (delayed)
2026-08-04,13:20:45,2026-08-04 13:00:00,7532.T,894.3,70,62601,OK,Yahoo Finance JP full-market screener (delayed)
2026-08-04,13:20:37,2026-08-04 13:00:00,7832.T,4489,16,71824,OK,Yahoo Finance JP full-market screener (delayed)
2026-08-04,13:20:50,2026-08-04 13:00:00,8035.T,55620,1,55620,OK,Yahoo Finance JP full-market screener (delayed)
2026-08-04,13:20:51,2026-08-04 13:00:00,8306.T,3455,18,62190,OK,Yahoo Finance JP full-market screener (delayed)
2026-08-04,13:20:50,2026-08-04 13:00:00,8316.T,6545,13,85085,OK,Yahoo Finance JP full-market screener (delayed)
2026-08-04,13:20:51,2026-08-04 13:00:00,8411.T,8132,10,81320,OK,Yahoo Finance JP full-market screener (delayed)
2026-08-04,13:20:51,2026-08-04 13:00:00,8591.T,6288,13,81744,OK,Yahoo Finance JP full-market screener (delayed)
2026-08-04,13:20:51,2026-08-04 13:00:00,8630.T,6827,12,81924,OK,Yahoo Finance JP full-market screener (delayed)
2026-08-04,13:20:43,2026-08-04 13:00:00,8750.T,1882.5,10,18825,OK,Yahoo Finance JP full-market screener (delayed)
2026-08-04,13:20:50,2026-08-04 13:00:00,8766.T,7732,12,92784,OK,Yahoo Finance JP full-market screener (delayed)
2026-08-04,13:20:23,2026-08-04 13:00:00,8795.T,4970,14,69580,OK,Yahoo Finance JP full-market screener (delayed)
2026-08-04,13:20:51,2026-08-04 13:00:00,9432.T,150.6,500,75300,OK,Yahoo Finance JP full-market screener (delayed)
2026-08-04,13:20:49,2026-08-04 13:00:00,9433.T,2870,23,66010,OK,Yahoo Finance JP full-market screener (delayed)
2026-08-04,13:20:48,2026-08-04 13:00:00,9697.T,3879,7,27153,OK,Yahoo Finance JP full-market screener (delayed)
2026-08-04,13:20:51,2026-08-04 13:00:00,9983.T,79380,2,158760,OK,Yahoo Finance JP full-market screener (delayed)
2026-08-04,14:19:52,2026-08-04 14:00:00,1801.T,13020,3,39060,OK,Yahoo Finance JP full-market screener (delayed)
2026-08-04,14:21:09,2026-08-04 14:00:00,1812.T,5309,14,74326,OK,Yahoo Finance JP full-market screener (delayed)
2026-08-04,14:21:08,2026-08-04 14:00:00,5333.T,5528,5,27640,OK,Yahoo Finance JP full-market screener (delayed)
2026-08-04,14:21:08,2026-08-04 14:00:00,5803.T,4584,8,36672,OK,Yahoo Finance JP full-market screener (delayed)
2026-08-04,14:21:08,2026-08-04 14:00:00,6146.T,60300,1,60300,OK,Yahoo Finance JP full-market screener (delayed)
2026-08-04,14:20:57,2026-08-04 14:00:00,6383.T,6074,6,36444,OK,Yahoo Finance JP full-market screener (delayed)
2026-08-04,14:21:07,2026-08-04 14:00:00,6501.T,5387,15,80805,OK,Yahoo Finance JP full-market screener (delayed)
2026-08-04,14:21:09,2026-08-04 14:00:00,6503.T,5574,14,78036,OK,Yahoo Finance JP full-market screener (delayed)
2026-08-04,14:21:09,2026-08-04 14:00:00,6504.T,14230,6,85380,OK,Yahoo Finance JP full-market screener (delayed)
2026-08-04,14:21:09,2026-08-04 14:00:00,6762.T,3039,23,69897,OK,Yahoo Finance JP full-market screener (delayed)
2026-08-04,14:21:08,2026-08-04 14:00:00,6861.T,83030,2,166060,OK,Yahoo Finance JP full-market screener (delayed)
2026-08-04,14:21:09,2026-08-04 14:00:00,7012.T,2857,25,71425,OK,Yahoo Finance JP full-market screener (delayed)
2026-08-04,14:21:08,2026-08-04 14:00:00,7203.T,2917,23,67091,OK,Yahoo Finance JP full-market screener (delayed)
2026-08-04,14:21:05,2026-08-04 14:00:00,7269.T,1902,20,38040,OK,Yahoo Finance JP full-market screener (delayed)
2026-08-04,14:21:02,2026-08-04 14:00:00,7532.T,895,70,62650,OK,Yahoo Finance JP full-market screener (delayed)
2026-08-04,14:20:32,2026-08-04 14:00:00,7832.T,4460,16,71360,OK,Yahoo Finance JP full-market screener (delayed)
2026-08-04,14:21:01,2026-08-04 14:00:00,8035.T,55420,1,55420,OK,Yahoo Finance JP full-market screener (delayed)
2026-08-04,14:21:07,2026-08-04 14:00:00,8306.T,3461,18,62298,OK,Yahoo Finance JP full-market screener (delayed)
2026-08-04,14:21:02,2026-08-04 14:00:00,8316.T,6530,13,84890,OK,Yahoo Finance JP full-market screener (delayed)
2026-08-04,14:21:08,2026-08-04 14:00:00,8411.T,8127,10,81270,OK,Yahoo Finance JP full-market screener (delayed)
2026-08-04,14:20:49,2026-08-04 14:00:00,8591.T,6305,13,81965,OK,Yahoo Finance JP full-market screener (delayed)
2026-08-04,14:21:04,2026-08-04 14:00:00,8630.T,6824,12,81888,OK,Yahoo Finance JP full-market screener (delayed)
2026-08-04,14:21:02,2026-08-04 14:00:00,8750.T,1879.5,10,18795,OK,Yahoo Finance JP full-market screener (delayed)
2026-08-04,14:21:02,2026-08-04 14:00:00,8766.T,7733,12,92796,OK,Yahoo Finance JP full-market screener (delayed)
2026-08-04,14:19:58,2026-08-04 14:00:00,8795.T,4963,14,69482,OK,Yahoo Finance JP full-market screener (delayed)
2026-08-04,14:21:09,2026-08-04 14:00:00,9432.T,151,500,75500,OK,Yahoo Finance JP full-market screener (delayed)
2026-08-04,14:21:07,2026-08-04 14:00:00,9433.T,2881.5,23,66274.5,OK,Yahoo Finance JP full-market screener (delayed)
2026-08-04,14:21:06,2026-08-04 14:00:00,9697.T,3880,7,27160,OK,Yahoo Finance JP full-market screener (delayed)
2026-08-04,14:20:31,2026-08-04 14:00:00,9983.T,79050,2,158100,OK,Yahoo Finance JP full-market screener (delayed)
2026-08-04,15:04:49,2026-08-04 15:00:00,1801.T,13045,3,39135,OK,Yahoo Finance JP full-market screener (delayed)
2026-08-04,15:04:47,2026-08-04 15:00:00,1812.T,5313,14,74382,OK,Yahoo Finance JP full-market screener (delayed)
2026-08-04,15:05:05,2026-08-04 15:00:00,5333.T,5591,5,27955,OK,Yahoo Finance JP full-market screener (delayed)
2026-08-04,15:05:05,2026-08-04 15:00:00,5803.T,4632,8,37056,OK,Yahoo Finance JP full-market screener (delayed)
2026-08-04,15:05:01,2026-08-04 15:00:00,6146.T,61000,1,61000,OK,Yahoo Finance JP full-market screener (delayed)
2026-08-04,15:05:03,2026-08-04 15:00:00,6383.T,6097,6,36582,OK,Yahoo Finance JP full-market screener (delayed)
2026-08-04,15:05:04,2026-08-04 15:00:00,6501.T,5416,15,81240,OK,Yahoo Finance JP full-market screener (delayed)
2026-08-04,15:05:04,2026-08-04 15:00:00,6503.T,5632,14,78848,OK,Yahoo Finance JP full-market screener (delayed)
2026-08-04,15:05:01,2026-08-04 15:00:00,6504.T,14375,6,86250,OK,Yahoo Finance JP full-market screener (delayed)
2026-08-04,15:05:03,2026-08-04 15:00:00,6762.T,3057,23,70311,OK,Yahoo Finance JP full-market screener (delayed)
2026-08-04,15:04:47,2026-08-04 15:00:00,6861.T,83320,2,166640,OK,Yahoo Finance JP full-market screener (delayed)
2026-08-04,15:05:03,2026-08-04 15:00:00,7012.T,2869.5,25,71737.5,OK,Yahoo Finance JP full-market screener (delayed)
2026-08-04,15:05:05,2026-08-04 15:00:00,7203.T,2916.5,23,67079.5,OK,Yahoo Finance JP full-market screener (delayed)
2026-08-04,15:05:01,2026-08-04 15:00:00,7269.T,1904.5,20,38090,OK,Yahoo Finance JP full-market screener (delayed)
2026-08-04,15:05:01,2026-08-04 15:00:00,7532.T,896.6,70,62762,OK,Yahoo Finance JP full-market screener (delayed)
2026-08-04,15:05:04,2026-08-04 15:00:00,7832.T,4456,16,71296,OK,Yahoo Finance JP full-market screener (delayed)
2026-08-04,15:05:03,2026-08-04 15:00:00,8035.T,56500,1,56500,OK,Yahoo Finance JP full-market screener (delayed)
2026-08-04,15:05:04,2026-08-04 15:00:00,8306.T,3482,18,62676,OK,Yahoo Finance JP full-market screener (delayed)
2026-08-04,15:05:05,2026-08-04 15:00:00,8316.T,6559,13,85267,OK,Yahoo Finance JP full-market screener (delayed)
2026-08-04,15:05:03,2026-08-04 15:00:00,8411.T,8156,10,81560,OK,Yahoo Finance JP full-market screener (delayed)
2026-08-04,15:05:03,2026-08-04 15:00:00,8591.T,6313,13,82069,OK,Yahoo Finance JP full-market screener (delayed)
2026-08-04,15:04:54,2026-08-04 15:00:00,8630.T,6821,12,81852,OK,Yahoo Finance JP full-market screener (delayed)
2026-08-04,15:05:01,2026-08-04 15:00:00,8750.T,1883.5,10,18835,OK,Yahoo Finance JP full-market screener (delayed)
2026-08-04,15:05:02,2026-08-04 15:00:00,8766.T,7755,12,93060,OK,Yahoo Finance JP full-market screener (delayed)
2026-08-04,15:04:47,2026-08-04 15:00:00,8795.T,4961,14,69454,OK,Yahoo Finance JP full-market screener (delayed)
2026-08-04,15:05:03,2026-08-04 15:00:00,9432.T,150.7,500,75350,OK,Yahoo Finance JP full-market screener (delayed)
2026-08-04,15:05:01,2026-08-04 15:00:00,9433.T,2877,23,66171,OK,Yahoo Finance JP full-market screener (delayed)
2026-08-04,15:04:48,2026-08-04 15:00:00,9697.T,3885,7,27195,OK,Yahoo Finance JP full-market screener (delayed)
2026-08-04,15:05:04,2026-08-04 15:00:00,9983.T,79140,2,158280,OK,Yahoo Finance JP full-market screener (delayed)
2026-08-04,15:30:00,2026-08-04 16:00:00,1801.T,13005,3,39015,OK,Yahoo Finance JP full-market screener (delayed)
2026-08-04,15:30:00,2026-08-04 16:00:00,1812.T,5310,14,74340,OK,Yahoo Finance JP full-market screener (delayed)
2026-08-04,15:30:00,2026-08-04 16:00:00,5333.T,5603,5,28015,OK,Yahoo Finance JP full-market screener (delayed)
2026-08-04,15:30:00,2026-08-04 16:00:00,5803.T,4628,8,37024,OK,Yahoo Finance JP full-market screener (delayed)
2026-08-04,15:30:00,2026-08-04 16:00:00,6146.T,60890,1,60890,OK,Yahoo Finance JP full-market screener (delayed)
2026-08-04,15:30:00,2026-08-04 16:00:00,6383.T,6090,6,36540,OK,Yahoo Finance JP full-market screener (delayed)
2026-08-04,15:30:00,2026-08-04 16:00:00,6501.T,5412,15,81180,OK,Yahoo Finance JP full-market screener (delayed)
2026-08-04,15:30:00,2026-08-04 16:00:00,6503.T,5649,14,79086,OK,Yahoo Finance JP full-market screener (delayed)
2026-08-04,15:30:00,2026-08-04 16:00:00,6504.T,14095,6,84570,OK,Yahoo Finance JP full-market screener (delayed)
2026-08-04,15:30:00,2026-08-04 16:00:00,6762.T,3052,23,70196,OK,Yahoo Finance JP full-market screener (delayed)
2026-08-04,15:30:00,2026-08-04 16:00:00,6861.T,82900,2,165800,OK,Yahoo Finance JP full-market screener (delayed)
2026-08-04,15:30:00,2026-08-04 16:00:00,7012.T,2832.5,25,70812.5,OK,Yahoo Finance JP full-market screener (delayed)
2026-08-04,15:30:00,2026-08-04 16:00:00,7203.T,2918.5,23,67125.5,OK,Yahoo Finance JP full-market screener (delayed)
2026-08-04,15:30:00,2026-08-04 16:00:00,7269.T,1904,20,38080,OK,Yahoo Finance JP full-market screener (delayed)
2026-08-04,15:30:00,2026-08-04 16:00:00,7532.T,889.1,70,62237,OK,Yahoo Finance JP full-market screener (delayed)
2026-08-04,15:30:00,2026-08-04 16:00:00,7832.T,4462,16,71392,OK,Yahoo Finance JP full-market screener (delayed)
2026-08-04,15:30:00,2026-08-04 16:00:00,8035.T,56700,1,56700,OK,Yahoo Finance JP full-market screener (delayed)
2026-08-04,15:30:00,2026-08-04 16:00:00,8306.T,3470,18,62460,OK,Yahoo Finance JP full-market screener (delayed)
2026-08-04,15:30:00,2026-08-04 16:00:00,8316.T,6515,13,84695,OK,Yahoo Finance JP full-market screener (delayed)
2026-08-04,15:30:00,2026-08-04 16:00:00,8411.T,8131,10,81310,OK,Yahoo Finance JP full-market screener (delayed)
2026-08-04,15:30:00,2026-08-04 16:00:00,8591.T,6328,13,82264,OK,Yahoo Finance JP full-market screener (delayed)
2026-08-04,15:30:00,2026-08-04 16:00:00,8630.T,6811,12,81732,OK,Yahoo Finance JP full-market screener (delayed)
2026-08-04,15:30:00,2026-08-04 16:00:00,8750.T,1881,10,18810,OK,Yahoo Finance JP full-market screener (delayed)
2026-08-04,15:30:00,2026-08-04 16:00:00,8766.T,7709,12,92508,OK,Yahoo Finance JP full-market screener (delayed)
2026-08-04,15:30:00,2026-08-04 16:00:00,8795.T,4969,14,69566,OK,Yahoo Finance JP full-market screener (delayed)
2026-08-04,15:30:00,2026-08-04 16:00:00,9432.T,150.4,500,75200,OK,Yahoo Finance JP full-market screener (delayed)
2026-08-04,15:30:00,2026-08-04 16:00:00,9433.T,2873.5,23,66090.5,OK,Yahoo Finance JP full-market screener (delayed)
2026-08-04,15:30:00,2026-08-04 16:00:00,9697.T,3882,7,27174,OK,Yahoo Finance JP full-market screener (delayed)
2026-08-04,15:30:00,2026-08-04 16:00:00,9983.T,78700,2,157400,OK,Yahoo Finance JP full-market screener (delayed)
2026-08-04,15:30:00,2026-08-04 17:00:00,1801.T,13005,3,39015,OK,Yahoo Finance JP full-market screener (delayed)
2026-08-04,15:30:00,2026-08-04 17:00:00,1812.T,5310,14,74340,OK,Yahoo Finance JP full-market screener (delayed)
2026-08-04,15:30:00,2026-08-04 17:00:00,5333.T,5603,5,28015,OK,Yahoo Finance JP full-market screener (delayed)
2026-08-04,15:30:00,2026-08-04 17:00:00,5803.T,4628,8,37024,OK,Yahoo Finance JP full-market screener (delayed)
2026-08-04,15:30:00,2026-08-04 17:00:00,6146.T,60890,1,60890,OK,Yahoo Finance JP full-market screener (delayed)
2026-08-04,15:30:00,2026-08-04 17:00:00,6383.T,6090,6,36540,OK,Yahoo Finance JP full-market screener (delayed)
2026-08-04,15:30:00,2026-08-04 17:00:00,6501.T,5412,15,81180,OK,Yahoo Finance JP full-market screener (delayed)
2026-08-04,15:30:00,2026-08-04 17:00:00,6503.T,5649,14,79086,OK,Yahoo Finance JP full-market screener (delayed)
2026-08-04,15:30:00,2026-08-04 17:00:00,6504.T,14095,6,84570,OK,Yahoo Finance JP full-market screener (delayed)
2026-08-04,15:30:00,2026-08-04 17:00:00,6762.T,3052,23,70196,OK,Yahoo Finance JP full-market screener (delayed)
2026-08-04,15:30:00,2026-08-04 17:00:00,6861.T,82900,2,165800,OK,Yahoo Finance JP full-market screener (delayed)
2026-08-04,15:30:00,2026-08-04 17:00:00,7012.T,2832.5,25,70812.5,OK,Yahoo Finance JP full-market screener (delayed)
2026-08-04,15:30:00,2026-08-04 17:00:00,7203.T,2918.5,23,67125.5,OK,Yahoo Finance JP full-market screener (delayed)
2026-08-04,15:30:00,2026-08-04 17:00:00,7269.T,1904,20,38080,OK,Yahoo Finance JP full-market screener (delayed)
2026-08-04,15:30:00,2026-08-04 17:00:00,7532.T,889.1,70,62237,OK,Yahoo Finance JP full-market screener (delayed)
2026-08-04,15:30:00,2026-08-04 17:00:00,7832.T,4462,16,71392,OK,Yahoo Finance JP full-market screener (delayed)
2026-08-04,15:30:00,2026-08-04 17:00:00,8035.T,56700,1,56700,OK,Yahoo Finance JP full-market screener (delayed)
2026-08-04,15:30:00,2026-08-04 17:00:00,8306.T,3470,18,62460,OK,Yahoo Finance JP full-market screener (delayed)
2026-08-04,15:30:00,2026-08-04 17:00:00,8316.T,6515,13,84695,OK,Yahoo Finance JP full-market screener (delayed)
2026-08-04,15:30:00,2026-08-04 17:00:00,8411.T,8131,10,81310,OK,Yahoo Finance JP full-market screener (delayed)
2026-08-04,15:30:00,2026-08-04 17:00:00,8591.T,6328,13,82264,OK,Yahoo Finance JP full-market screener (delayed)
2026-08-04,15:30:00,2026-08-04 17:00:00,8630.T,6811,12,81732,OK,Yahoo Finance JP full-market screener (delayed)
2026-08-04,15:30:00,2026-08-04 17:00:00,8750.T,1881,10,18810,OK,Yahoo Finance JP full-market screener (delayed)
2026-08-04,15:30:00,2026-08-04 17:00:00,8766.T,7709,12,92508,OK,Yahoo Finance JP full-market screener (delayed)
2026-08-04,15:30:00,2026-08-04 17:00:00,8795.T,4969,14,69566,OK,Yahoo Finance JP full-market screener (delayed)
2026-08-04,15:30:00,2026-08-04 17:00:00,9432.T,150.4,500,75200,OK,Yahoo Finance JP full-market screener (delayed)
2026-08-04,15:30:00,2026-08-04 17:00:00,9433.T,2873.5,23,66090.5,OK,Yahoo Finance JP full-market screener (delayed)
2026-08-04,15:30:00,2026-08-04 17:00:00,9697.T,3882,7,27174,OK,Yahoo Finance JP full-market screener (delayed)
2026-08-04,15:30:00,2026-08-04 17:00:00,9983.T,78700,2,157400,OK,Yahoo Finance JP full-market screener (delayed)
2026-08-05,09:16:32,2026-08-05 09:00:00,1801.T,13170,3,39510,OK,Yahoo Finance JP full-market screener (delayed)
2026-08-05,09:17:00,2026-08-05 09:00:00,1812.T,5404,14,75656,OK,Yahoo Finance JP full-market screener (delayed)
2026-08-05,09:17:00,2026-08-05 09:00:00,5333.T,5806,5,29030,OK,Yahoo Finance JP full-market screener (delayed)
2026-08-05,09:17:03,2026-08-05 09:00:00,5803.T,4879,8,39032,OK,Yahoo Finance JP full-market screener (delayed)
2026-08-05,09:17:03,2026-08-05 09:00:00,6146.T,62890,1,62890,OK,Yahoo Finance JP full-market screener (delayed)
2026-08-05,09:17:03,2026-08-05 09:00:00,6383.T,6185,6,37110,OK,Yahoo Finance JP full-market screener (delayed)
2026-08-05,09:17:02,2026-08-05 09:00:00,6501.T,5419,15,81285,OK,Yahoo Finance JP full-market screener (delayed)
2026-08-05,09:17:03,2026-08-05 09:00:00,6503.T,5704,14,79856,OK,Yahoo Finance JP full-market screener (delayed)
2026-08-05,09:17:02,2026-08-05 09:00:00,6504.T,14350,6,86100,OK,Yahoo Finance JP full-market screener (delayed)
2026-08-05,09:17:02,2026-08-05 09:00:00,6762.T,3132,23,72036,OK,Yahoo Finance JP full-market screener (delayed)
2026-08-05,09:16:59,2026-08-05 09:00:00,6861.T,84650,2,169300,OK,Yahoo Finance JP full-market screener (delayed)
2026-08-05,09:17:02,2026-08-05 09:00:00,7012.T,2848.5,25,71212.5,OK,Yahoo Finance JP full-market screener (delayed)
2026-08-05,09:17:03,2026-08-05 09:00:00,7203.T,2899,23,66677,OK,Yahoo Finance JP full-market screener (delayed)
2026-08-05,09:17:02,2026-08-05 09:00:00,7269.T,1933,20,38660,OK,Yahoo Finance JP full-market screener (delayed)
2026-08-05,09:17:01,2026-08-05 09:00:00,7532.T,883.5,70,61845,OK,Yahoo Finance JP full-market screener (delayed)
2026-08-05,09:17:03,2026-08-05 09:00:00,7832.T,4445,16,71120,OK,Yahoo Finance JP full-market screener (delayed)
2026-08-05,09:17:00,2026-08-05 09:00:00,8035.T,58540,1,58540,OK,Yahoo Finance JP full-market screener (delayed)
2026-08-05,09:17:03,2026-08-05 09:00:00,8306.T,3499,18,62982,OK,Yahoo Finance JP full-market screener (delayed)
2026-08-05,09:17:03,2026-08-05 09:00:00,8316.T,6549,13,85137,OK,Yahoo Finance JP full-market screener (delayed)
2026-08-05,09:17:03,2026-08-05 09:00:00,8411.T,8285,10,82850,OK,Yahoo Finance JP full-market screener (delayed)
2026-08-05,09:17:00,2026-08-05 09:00:00,8591.T,6467,13,84071,OK,Yahoo Finance JP full-market screener (delayed)
2026-08-05,09:17:03,2026-08-05 09:00:00,8630.T,6943,12,83316,OK,Yahoo Finance JP full-market screener (delayed)
2026-08-05,09:17:02,2026-08-05 09:00:00,8750.T,1901.5,10,19015,OK,Yahoo Finance JP full-market screener (delayed)
2026-08-05,09:17:03,2026-08-05 09:00:00,8766.T,7810,12,93720,OK,Yahoo Finance JP full-market screener (delayed)
2026-08-05,09:17:02,2026-08-05 09:00:00,8795.T,5040,14,70560,OK,Yahoo Finance JP full-market screener (delayed)
2026-08-05,09:17:02,2026-08-05 09:00:00,9432.T,151.2,500,75600,OK,Yahoo Finance JP full-market screener (delayed)
2026-08-05,09:17:02,2026-08-05 09:00:00,9433.T,2871.5,23,66044.5,OK,Yahoo Finance JP full-market screener (delayed)
2026-08-05,09:16:50,2026-08-05 09:00:00,9697.T,3906,7,27342,OK,Yahoo Finance JP full-market screener (delayed)
2026-08-05,09:17:00,2026-08-05 09:00:00,9983.T,78010,2,156020,OK,Yahoo Finance JP full-market screener (delayed)
2026-08-05,10:14:46,2026-08-05 10:00:00,1801.T,13200,3,39600,OK,Yahoo Finance JP full-market screener (delayed)
2026-08-05,10:14:46,2026-08-05 10:00:00,1812.T,5383,14,75362,OK,Yahoo Finance JP full-market screener (delayed)
2026-08-05,10:14:45,2026-08-05 10:00:00,5333.T,5870,5,29350,OK,Yahoo Finance JP full-market screener (delayed)
2026-08-05,10:14:51,2026-08-05 10:00:00,5803.T,5000,8,40000,OK,Yahoo Finance JP full-market screener (delayed)
2026-08-05,10:14:49,2026-08-05 10:00:00,6146.T,62860,1,62860,OK,Yahoo Finance JP full-market screener (delayed)
2026-08-05,10:14:49,2026-08-05 10:00:00,6383.T,6204,6,37224,OK,Yahoo Finance JP full-market screener (delayed)
2026-08-05,10:14:49,2026-08-05 10:00:00,6501.T,5358,15,80370,OK,Yahoo Finance JP full-market screener (delayed)
2026-08-05,10:14:49,2026-08-05 10:00:00,6503.T,5787,14,81018,OK,Yahoo Finance JP full-market screener (delayed)
2026-08-05,10:14:37,2026-08-05 10:00:00,6504.T,14710,6,88260,OK,Yahoo Finance JP full-market screener (delayed)
2026-08-05,10:14:50,2026-08-05 10:00:00,6762.T,3169,23,72887,OK,Yahoo Finance JP full-market screener (delayed)
2026-08-05,10:14:49,2026-08-05 10:00:00,6861.T,85160,2,170320,OK,Yahoo Finance JP full-market screener (delayed)
2026-08-05,10:14:49,2026-08-05 10:00:00,7012.T,2891.5,25,72287.5,OK,Yahoo Finance JP full-market screener (delayed)
2026-08-05,10:14:51,2026-08-05 10:00:00,7203.T,2898,23,66654,OK,Yahoo Finance JP full-market screener (delayed)
2026-08-05,10:14:44,2026-08-05 10:00:00,7269.T,1921.5,20,38430,OK,Yahoo Finance JP full-market screener (delayed)
2026-08-05,10:14:44,2026-08-05 10:00:00,7532.T,880,70,61600,OK,Yahoo Finance JP full-market screener (delayed)
2026-08-05,10:14:50,2026-08-05 10:00:00,7832.T,4402,16,70432,OK,Yahoo Finance JP full-market screener (delayed)
2026-08-05,10:14:49,2026-08-05 10:00:00,8035.T,58860,1,58860,OK,Yahoo Finance JP full-market screener (delayed)
2026-08-05,10:14:49,2026-08-05 10:00:00,8306.T,3520,18,63360,OK,Yahoo Finance JP full-market screener (delayed)
2026-08-05,10:14:50,2026-08-05 10:00:00,8316.T,6569,13,85397,OK,Yahoo Finance JP full-market screener (delayed)
2026-08-05,10:14:50,2026-08-05 10:00:00,8411.T,8283,10,82830,OK,Yahoo Finance JP full-market screener (delayed)
2026-08-05,10:14:47,2026-08-05 10:00:00,8591.T,6477,13,84201,OK,Yahoo Finance JP full-market screener (delayed)
2026-08-05,10:14:49,2026-08-05 10:00:00,8630.T,6895,12,82740,OK,Yahoo Finance JP full-market screener (delayed)
2026-08-05,10:14:49,2026-08-05 10:00:00,8750.T,1889.5,10,18895,OK,Yahoo Finance JP full-market screener (delayed)
2026-08-05,10:14:50,2026-08-05 10:00:00,8766.T,7713,12,92556,OK,Yahoo Finance JP full-market screener (delayed)
2026-08-05,10:14:49,2026-08-05 10:00:00,8795.T,4974,14,69636,OK,Yahoo Finance JP full-market screener (delayed)
2026-08-05,10:14:50,2026-08-05 10:00:00,9432.T,150.5,500,75250,OK,Yahoo Finance JP full-market screener (delayed)
2026-08-05,10:14:45,2026-08-05 10:00:00,9433.T,2832.5,23,65147.5,OK,Yahoo Finance JP full-market screener (delayed)
2026-08-05,10:14:46,2026-08-05 10:00:00,9697.T,3866,7,27062,OK,Yahoo Finance JP full-market screener (delayed)
2026-08-05,10:14:49,2026-08-05 10:00:00,9983.T,77270,2,154540,OK,Yahoo Finance JP full-market screener (delayed)
2026-08-05,11:15:54,2026-08-05 11:00:00,1801.T,13285,3,39855,OK,Yahoo Finance JP full-market screener (delayed)
2026-08-05,11:16:21,2026-08-05 11:00:00,1812.T,5379,14,75306,OK,Yahoo Finance JP full-market screener (delayed)
2026-08-05,11:16:24,2026-08-05 11:00:00,5333.T,5877,5,29385,OK,Yahoo Finance JP full-market screener (delayed)
2026-08-05,11:16:27,2026-08-05 11:00:00,5803.T,4990,8,39920,OK,Yahoo Finance JP full-market screener (delayed)
2026-08-05,11:16:20,2026-08-05 11:00:00,6146.T,62820,1,62820,OK,Yahoo Finance JP full-market screener (delayed)
2026-08-05,11:16:26,2026-08-05 11:00:00,6383.T,6230,6,37380,OK,Yahoo Finance JP full-market screener (delayed)
2026-08-05,11:16:27,2026-08-05 11:00:00,6501.T,5382,15,80730,OK,Yahoo Finance JP full-market screener (delayed)
2026-08-05,11:16:27,2026-08-05 11:00:00,6503.T,5800,14,81200,OK,Yahoo Finance JP full-market screener (delayed)
2026-08-05,11:16:24,2026-08-05 11:00:00,6504.T,14840,6,89040,OK,Yahoo Finance JP full-market screener (delayed)
2026-08-05,11:16:27,2026-08-05 11:00:00,6762.T,3161,23,72703,OK,Yahoo Finance JP full-market screener (delayed)
2026-08-05,11:16:12,2026-08-05 11:00:00,6861.T,85870,2,171740,OK,Yahoo Finance JP full-market screener (delayed)
2026-08-05,11:16:27,2026-08-05 11:00:00,7012.T,2920,25,73000,OK,Yahoo Finance JP full-market screener (delayed)
2026-08-05,11:16:26,2026-08-05 11:00:00,7203.T,2880,23,66240,OK,Yahoo Finance JP full-market screener (delayed)
2026-08-05,11:16:26,2026-08-05 11:00:00,7269.T,1938,20,38760,OK,Yahoo Finance JP full-market screener (delayed)
2026-08-05,11:16:28,2026-08-05 11:00:00,7532.T,880.5,70,61635,OK,Yahoo Finance JP full-market screener (delayed)
2026-08-05,11:16:23,2026-08-05 11:00:00,7832.T,4420,16,70720,OK,Yahoo Finance JP full-market screener (delayed)
2026-08-05,11:16:26,2026-08-05 11:00:00,8035.T,58900,1,58900,OK,Yahoo Finance JP full-market screener (delayed)
2026-08-05,11:16:25,2026-08-05 11:00:00,8306.T,3525,18,63450,OK,Yahoo Finance JP full-market screener (delayed)
2026-08-05,11:16:27,2026-08-05 11:00:00,8316.T,6609,13,85917,OK,Yahoo Finance JP full-market screener (delayed)
2026-08-05,11:16:25,2026-08-05 11:00:00,8411.T,8386,10,83860,OK,Yahoo Finance JP full-market screener (delayed)
2026-08-05,11:16:27,2026-08-05 11:00:00,8591.T,6464,13,84032,OK,Yahoo Finance JP full-market screener (delayed)
2026-08-05,11:16:11,2026-08-05 11:00:00,8630.T,6918,12,83016,OK,Yahoo Finance JP full-market screener (delayed)
2026-08-05,11:16:26,2026-08-05 11:00:00,8750.T,1891.5,10,18915,OK,Yahoo Finance JP full-market screener (delayed)
2026-08-05,11:16:27,2026-08-05 11:00:00,8766.T,7731,12,92772,OK,Yahoo Finance JP full-market screener (delayed)
2026-08-05,11:16:26,2026-08-05 11:00:00,8795.T,5002,14,70028,OK,Yahoo Finance JP full-market screener (delayed)
2026-08-05,11:16:27,2026-08-05 11:00:00,9432.T,150.2,500,75100,OK,Yahoo Finance JP full-market screener (delayed)
2026-08-05,11:16:27,2026-08-05 11:00:00,9433.T,2817,23,64791,OK,Yahoo Finance JP full-market screener (delayed)
2026-08-05,11:16:28,2026-08-05 11:00:00,9697.T,3847,7,26929,OK,Yahoo Finance JP full-market screener (delayed)
2026-08-05,11:16:28,2026-08-05 11:00:00,9983.T,77300,2,154600,OK,Yahoo Finance JP full-market screener (delayed)
2026-08-05,11:30:00,2026-08-05 12:00:00,1801.T,13215,3,39645,OK,Yahoo Finance JP full-market screener (delayed)
2026-08-05,11:30:00,2026-08-05 12:00:00,1812.T,5365,14,75110,OK,Yahoo Finance JP full-market screener (delayed)
2026-08-05,11:30:00,2026-08-05 12:00:00,5333.T,5858,5,29290,OK,Yahoo Finance JP full-market screener (delayed)
2026-08-05,11:30:00,2026-08-05 12:00:00,5803.T,4996,8,39968,OK,Yahoo Finance JP full-market screener (delayed)
2026-08-05,11:30:00,2026-08-05 12:00:00,6146.T,62680,1,62680,OK,Yahoo Finance JP full-market screener (delayed)
2026-08-05,11:30:00,2026-08-05 12:00:00,6383.T,6237,6,37422,OK,Yahoo Finance JP full-market screener (delayed)
2026-08-05,11:30:00,2026-08-05 12:00:00,6501.T,5369,15,80535,OK,Yahoo Finance JP full-market screener (delayed)
2026-08-05,11:30:00,2026-08-05 12:00:00,6503.T,5797,14,81158,OK,Yahoo Finance JP full-market screener (delayed)
2026-08-05,11:30:00,2026-08-05 12:00:00,6504.T,14815,6,88890,OK,Yahoo Finance JP full-market screener (delayed)
2026-08-05,11:30:00,2026-08-05 12:00:00,6762.T,3160,23,72680,OK,Yahoo Finance JP full-market screener (delayed)
2026-08-05,11:30:00,2026-08-05 12:00:00,6861.T,86150,2,172300,OK,Yahoo Finance JP full-market screener (delayed)
2026-08-05,11:30:00,2026-08-05 12:00:00,7012.T,2914,25,72850,OK,Yahoo Finance JP full-market screener (delayed)
2026-08-05,11:30:00,2026-08-05 12:00:00,7203.T,2876,23,66148,OK,Yahoo Finance JP full-market screener (delayed)
2026-08-05,11:30:00,2026-08-05 12:00:00,7269.T,1930.5,20,38610,OK,Yahoo Finance JP full-market screener (delayed)
2026-08-05,11:30:00,2026-08-05 12:00:00,7532.T,882.5,70,61775,OK,Yahoo Finance JP full-market screener (delayed)
2026-08-05,11:30:00,2026-08-05 12:00:00,7832.T,4407,16,70512,OK,Yahoo Finance JP full-market screener (delayed)
2026-08-05,11:30:00,2026-08-05 12:00:00,8035.T,58880,1,58880,OK,Yahoo Finance JP full-market screener (delayed)
2026-08-05,11:30:00,2026-08-05 12:00:00,8306.T,3517,18,63306,OK,Yahoo Finance JP full-market screener (delayed)
2026-08-05,11:30:00,2026-08-05 12:00:00,8316.T,6597,13,85761,OK,Yahoo Finance JP full-market screener (delayed)
2026-08-05,11:30:00,2026-08-05 12:00:00,8411.T,8377,10,83770,OK,Yahoo Finance JP full-market screener (delayed)
2026-08-05,11:30:00,2026-08-05 12:00:00,8591.T,6460,13,83980,OK,Yahoo Finance JP full-market screener (delayed)
2026-08-05,11:30:00,2026-08-05 12:00:00,8630.T,6914,12,82968,OK,Yahoo Finance JP full-market screener (delayed)
2026-08-05,11:30:00,2026-08-05 12:00:00,8750.T,1893,10,18930,OK,Yahoo Finance JP full-market screener (delayed)
2026-08-05,11:30:00,2026-08-05 12:00:00,8766.T,7733,12,92796,OK,Yahoo Finance JP full-market screener (delayed)
2026-08-05,11:30:00,2026-08-05 12:00:00,8795.T,4997,14,69958,OK,Yahoo Finance JP full-market screener (delayed)
2026-08-05,11:30:00,2026-08-05 12:00:00,9432.T,150.3,500,75150,OK,Yahoo Finance JP full-market screener (delayed)
2026-08-05,11:30:00,2026-08-05 12:00:00,9433.T,2810,23,64630,OK,Yahoo Finance JP full-market screener (delayed)
2026-08-05,11:30:00,2026-08-05 12:00:00,9697.T,3844,7,26908,OK,Yahoo Finance JP full-market screener (delayed)
2026-08-05,11:30:00,2026-08-05 12:00:00,9983.T,77180,2,154360,OK,Yahoo Finance JP full-market screener (delayed)
2026-08-05,13:19:42,2026-08-05 13:00:00,1801.T,13120,3,39360,OK,Yahoo Finance JP full-market screener (delayed)
2026-08-05,13:19:44,2026-08-05 13:00:00,1812.T,5261,14,73654,OK,Yahoo Finance JP full-market screener (delayed)
2026-08-05,13:19:32,2026-08-05 13:00:00,5333.T,5870,5,29350,OK,Yahoo Finance JP full-market screener (delayed)
2026-08-05,13:19:47,2026-08-05 13:00:00,5803.T,5056,8,40448,OK,Yahoo Finance JP full-market screener (delayed)
2026-08-05,13:19:42,2026-08-05 13:00:00,6146.T,63630,1,63630,OK,Yahoo Finance JP full-market screener (delayed)
2026-08-05,13:19:37,2026-08-05 13:00:00,6383.T,6238,6,37428,OK,Yahoo Finance JP full-market screener (delayed)
2026-08-05,13:19:45,2026-08-05 13:00:00,6501.T,5435,15,81525,OK,Yahoo Finance JP full-market screener (delayed)
2026-08-05,13:19:46,2026-08-05 13:00:00,6503.T,5825,14,81550,OK,Yahoo Finance JP full-market screener (delayed)
2026-08-05,13:19:39,2026-08-05 13:00:00,6504.T,14905,6,89430,OK,Yahoo Finance JP full-market screener (delayed)
2026-08-05,13:19:44,2026-08-05 13:00:00,6762.T,3163,23,72749,OK,Yahoo Finance JP full-market screener (delayed)
2026-08-05,13:19:30,2026-08-05 13:00:00,6861.T,86560,2,173120,OK,Yahoo Finance JP full-market screener (delayed)
2026-08-05,13:19:45,2026-08-05 13:00:00,7012.T,2932,25,73300,OK,Yahoo Finance JP full-market screener (delayed)
2026-08-05,13:19:47,2026-08-05 13:00:00,7203.T,2896,23,66608,OK,Yahoo Finance JP full-market screener (delayed)
2026-08-05,13:19:45,2026-08-05 13:00:00,7269.T,1928,20,38560,OK,Yahoo Finance JP full-market screener (delayed)
2026-08-05,13:19:22,2026-08-05 13:00:00,7532.T,882,70,61740,OK,Yahoo Finance JP full-market screener (delayed)
2026-08-05,13:19:39,2026-08-05 13:00:00,7832.T,4397,16,70352,OK,Yahoo Finance JP full-market screener (delayed)
2026-08-05,13:19:44,2026-08-05 13:00:00,8035.T,58850,1,58850,OK,Yahoo Finance JP full-market screener (delayed)
2026-08-05,13:19:46,2026-08-05 13:00:00,8306.T,3531,18,63558,OK,Yahoo Finance JP full-market screener (delayed)
2026-08-05,13:19:30,2026-08-05 13:00:00,8316.T,6630,13,86190,OK,Yahoo Finance JP full-market screener (delayed)
2026-08-05,13:19:44,2026-08-05 13:00:00,8411.T,8431,10,84310,OK,Yahoo Finance JP full-market screener (delayed)
2026-08-05,13:19:44,2026-08-05 13:00:00,8591.T,6489,13,84357,OK,Yahoo Finance JP full-market screener (delayed)
2026-08-05,13:19:27,2026-08-05 13:00:00,8630.T,6923,12,83076,OK,Yahoo Finance JP full-market screener (delayed)
2026-08-05,13:19:22,2026-08-05 13:00:00,8750.T,1897.5,10,18975,OK,Yahoo Finance JP full-market screener (delayed)
2026-08-05,13:19:30,2026-08-05 13:00:00,8766.T,7705,12,92460,OK,Yahoo Finance JP full-market screener (delayed)
2026-08-05,13:19:23,2026-08-05 13:00:00,8795.T,5007,14,70098,OK,Yahoo Finance JP full-market screener (delayed)
2026-08-05,13:19:44,2026-08-05 13:00:00,9432.T,150.1,500,75050,OK,Yahoo Finance JP full-market screener (delayed)
2026-08-05,13:19:41,2026-08-05 13:00:00,9433.T,2838.5,23,65285.5,OK,Yahoo Finance JP full-market screener (delayed)
2026-08-05,13:19:13,2026-08-05 13:00:00,9697.T,3855,7,26985,OK,Yahoo Finance JP full-market screener (delayed)
2026-08-05,13:19:39,2026-08-05 13:00:00,9983.T,77300,2,154600,OK,Yahoo Finance JP full-market screener (delayed)
2026-08-05,14:19:06,2026-08-05 14:00:00,1801.T,13070,3,39210,OK,Yahoo Finance JP full-market screener (delayed)
2026-08-05,14:19:18,2026-08-05 14:00:00,1812.T,5225,14,73150,OK,Yahoo Finance JP full-market screener (delayed)
2026-08-05,14:19:16,2026-08-05 14:00:00,5333.T,5888,5,29440,OK,Yahoo Finance JP full-market screener (delayed)
2026-08-05,14:19:19,2026-08-05 14:00:00,5803.T,5087,8,40696,OK,Yahoo Finance JP full-market screener (delayed)
2026-08-05,14:19:10,2026-08-05 14:00:00,6146.T,64000,1,64000,OK,Yahoo Finance JP full-market screener (delayed)
2026-08-05,14:19:01,2026-08-05 14:00:00,6383.T,6229,6,37374,OK,Yahoo Finance JP full-market screener (delayed)
2026-08-05,14:19:19,2026-08-05 14:00:00,6501.T,5475,15,82125,OK,Yahoo Finance JP full-market screener (delayed)
2026-08-05,14:19:19,2026-08-05 14:00:00,6503.T,5849,14,81886,OK,Yahoo Finance JP full-market screener (delayed)
2026-08-05,14:19:11,2026-08-05 14:00:00,6504.T,15010,6,90060,OK,Yahoo Finance JP full-market screener (delayed)
2026-08-05,14:19:16,2026-08-05 14:00:00,6762.T,3174,23,73002,OK,Yahoo Finance JP full-market screener (delayed)
2026-08-05,14:19:19,2026-08-05 14:00:00,6861.T,87280,2,174560,OK,Yahoo Finance JP full-market screener (delayed)
2026-08-05,14:19:19,2026-08-05 14:00:00,7012.T,2932.5,25,73312.5,OK,Yahoo Finance JP full-market screener (delayed)
2026-08-05,14:19:18,2026-08-05 14:00:00,7203.T,2920.5,23,67171.5,OK,Yahoo Finance JP full-market screener (delayed)
2026-08-05,14:19:19,2026-08-05 14:00:00,7269.T,1841,20,36820,OK,Yahoo Finance JP full-market screener (delayed)
2026-08-05,14:19:14,2026-08-05 14:00:00,7532.T,879.2,70,61544,OK,Yahoo Finance JP full-market screener (delayed)
2026-08-05,14:19:15,2026-08-05 14:00:00,7832.T,4390,16,70240,OK,Yahoo Finance JP full-market screener (delayed)
2026-08-05,14:19:19,2026-08-05 14:00:00,8035.T,58650,1,58650,OK,Yahoo Finance JP full-market screener (delayed)
2026-08-05,14:19:19,2026-08-05 14:00:00,8306.T,3536,18,63648,OK,Yahoo Finance JP full-market screener (delayed)
2026-08-05,14:19:15,2026-08-05 14:00:00,8316.T,6631,13,86203,OK,Yahoo Finance JP full-market screener (delayed)
2026-08-05,14:19:19,2026-08-05 14:00:00,8411.T,8445,10,84450,OK,Yahoo Finance JP full-market screener (delayed)
2026-08-05,14:19:06,2026-08-05 14:00:00,8591.T,6509,13,84617,OK,Yahoo Finance JP full-market screener (delayed)
2026-08-05,14:18:59,2026-08-05 14:00:00,8630.T,6926,12,83112,OK,Yahoo Finance JP full-market screener (delayed)
2026-08-05,14:19:16,2026-08-05 14:00:00,8750.T,1904,10,19040,OK,Yahoo Finance JP full-market screener (delayed)
2026-08-05,14:19:05,2026-08-05 14:00:00,8766.T,7689,12,92268,OK,Yahoo Finance JP full-market screener (delayed)
2026-08-05,14:19:16,2026-08-05 14:00:00,8795.T,5021,14,70294,OK,Yahoo Finance JP full-market screener (delayed)
2026-08-05,14:19:15,2026-08-05 14:00:00,9432.T,150.1,500,75050,OK,Yahoo Finance JP full-market screener (delayed)
2026-08-05,14:19:19,2026-08-05 14:00:00,9433.T,2839.5,23,65308.5,OK,Yahoo Finance JP full-market screener (delayed)
2026-08-05,14:19:18,2026-08-05 14:00:00,9697.T,3856,7,26992,OK,Yahoo Finance JP full-market screener (delayed)
2026-08-05,14:19:10,2026-08-05 14:00:00,9983.T,77390,2,154780,OK,Yahoo Finance JP full-market screener (delayed)
2026-08-05,15:20:58,2026-08-05 15:00:00,1801.T,13010,3,39030,OK,Yahoo Finance JP full-market screener (delayed)
2026-08-05,15:21:11,2026-08-05 15:00:00,1812.T,5241,14,73374,OK,Yahoo Finance JP full-market screener (delayed)
2026-08-05,15:21:11,2026-08-05 15:00:00,5333.T,5951,5,29755,OK,Yahoo Finance JP full-market screener (delayed)
2026-08-05,15:21:10,2026-08-05 15:00:00,5803.T,5082,8,40656,OK,Yahoo Finance JP full-market screener (delayed)
2026-08-05,15:21:11,2026-08-05 15:00:00,6146.T,63970,1,63970,OK,Yahoo Finance JP full-market screener (delayed)
2026-08-05,15:21:11,2026-08-05 15:00:00,6383.T,6246,6,37476,OK,Yahoo Finance JP full-market screener (delayed)
2026-08-05,15:21:11,2026-08-05 15:00:00,6501.T,5489,15,82335,OK,Yahoo Finance JP full-market screener (delayed)
2026-08-05,15:21:05,2026-08-05 15:00:00,6503.T,5857,14,81998,OK,Yahoo Finance JP full-market screener (delayed)
2026-08-05,15:21:09,2026-08-05 15:00:00,6504.T,15075,6,90450,OK,Yahoo Finance JP full-market screener (delayed)
2026-08-05,15:21:11,2026-08-05 15:00:00,6762.T,3155,23,72565,OK,Yahoo Finance JP full-market screener (delayed)
2026-08-05,15:21:03,2026-08-05 15:00:00,6861.T,87360,2,174720,OK,Yahoo Finance JP full-market screener (delayed)
2026-08-05,15:21:11,2026-08-05 15:00:00,7012.T,2925,25,73125,OK,Yahoo Finance JP full-market screener (delayed)
2026-08-05,15:21:11,2026-08-05 15:00:00,7203.T,2916,23,67068,OK,Yahoo Finance JP full-market screener (delayed)
2026-08-05,15:21:10,2026-08-05 15:00:00,7269.T,1908,20,38160,OK,Yahoo Finance JP full-market screener (delayed)
2026-08-05,15:21:11,2026-08-05 15:00:00,7532.T,879.5,70,61565,OK,Yahoo Finance JP full-market screener (delayed)
2026-08-05,15:21:11,2026-08-05 15:00:00,7832.T,4391,16,70256,OK,Yahoo Finance JP full-market screener (delayed)
2026-08-05,15:21:11,2026-08-05 15:00:00,8035.T,58690,1,58690,OK,Yahoo Finance JP full-market screener (delayed)
2026-08-05,15:21:11,2026-08-05 15:00:00,8306.T,3553,18,63954,OK,Yahoo Finance JP full-market screener (delayed)
2026-08-05,15:21:11,2026-08-05 15:00:00,8316.T,6659,13,86567,OK,Yahoo Finance JP full-market screener (delayed)
2026-08-05,15:21:11,2026-08-05 15:00:00,8411.T,8453,10,84530,OK,Yahoo Finance JP full-market screener (delayed)
2026-08-05,15:21:11,2026-08-05 15:00:00,8591.T,6530,13,84890,OK,Yahoo Finance JP full-market screener (delayed)
2026-08-05,15:21:05,2026-08-05 15:00:00,8630.T,6954,12,83448,OK,Yahoo Finance JP full-market screener (delayed)
2026-08-05,15:21:11,2026-08-05 15:00:00,8750.T,1910.5,10,19105,OK,Yahoo Finance JP full-market screener (delayed)
2026-08-05,15:21:10,2026-08-05 15:00:00,8766.T,7738,12,92856,OK,Yahoo Finance JP full-market screener (delayed)
2026-08-05,15:21:05,2026-08-05 15:00:00,8795.T,5030,14,70420,OK,Yahoo Finance JP full-market screener (delayed)
2026-08-05,15:21:11,2026-08-05 15:00:00,9432.T,150.4,500,75200,OK,Yahoo Finance JP full-market screener (delayed)
2026-08-05,15:21:11,2026-08-05 15:00:00,9433.T,2843.5,23,65400.5,OK,Yahoo Finance JP full-market screener (delayed)
2026-08-05,15:21:06,2026-08-05 15:00:00,9697.T,3839,7,26873,OK,Yahoo Finance JP full-market screener (delayed)
2026-08-05,15:21:11,2026-08-05 15:00:00,9983.T,76830,2,153660,OK,Yahoo Finance JP full-market screener (delayed)
2026-08-05,15:30:00,2026-08-05 16:00:00,1801.T,12995,3,38985,OK,Yahoo Finance JP full-market screener (delayed)
2026-08-05,15:30:00,2026-08-05 16:00:00,1812.T,5252,14,73528,OK,Yahoo Finance JP full-market screener (delayed)
2026-08-05,15:30:00,2026-08-05 16:00:00,5333.T,5928,5,29640,OK,Yahoo Finance JP full-market screener (delayed)
2026-08-05,15:30:00,2026-08-05 16:00:00,5803.T,5073,8,40584,OK,Yahoo Finance JP full-market screener (delayed)
2026-08-05,15:30:00,2026-08-05 16:00:00,6146.T,63740,1,63740,OK,Yahoo Finance JP full-market screener (delayed)
2026-08-05,15:30:00,2026-08-05 16:00:00,6383.T,6248,6,37488,OK,Yahoo Finance JP full-market screener (delayed)
2026-08-05,15:30:00,2026-08-05 16:00:00,6501.T,5476,15,82140,OK,Yahoo Finance JP full-market screener (delayed)
2026-08-05,15:30:00,2026-08-05 16:00:00,6503.T,5848,14,81872,OK,Yahoo Finance JP full-market screener (delayed)
2026-08-05,15:30:00,2026-08-05 16:00:00,6504.T,15000,6,90000,OK,Yahoo Finance JP full-market screener (delayed)
2026-08-05,15:30:00,2026-08-05 16:00:00,6762.T,3150,23,72450,OK,Yahoo Finance JP full-market screener (delayed)
2026-08-05,15:30:00,2026-08-05 16:00:00,6861.T,87380,2,174760,OK,Yahoo Finance JP full-market screener (delayed)
2026-08-05,15:30:00,2026-08-05 16:00:00,7012.T,2924,25,73100,OK,Yahoo Finance JP full-market screener (delayed)
2026-08-05,15:30:00,2026-08-05 16:00:00,7203.T,2914.5,23,67033.5,OK,Yahoo Finance JP full-market screener (delayed)
2026-08-05,15:30:00,2026-08-05 16:00:00,7269.T,1926,20,38520,OK,Yahoo Finance JP full-market screener (delayed)
2026-08-05,15:30:00,2026-08-05 16:00:00,7532.T,883.5,70,61845,OK,Yahoo Finance JP full-market screener (delayed)
2026-08-05,15:30:00,2026-08-05 16:00:00,7832.T,4407,16,70512,OK,Yahoo Finance JP full-market screener (delayed)
2026-08-05,15:30:00,2026-08-05 16:00:00,8035.T,58550,1,58550,OK,Yahoo Finance JP full-market screener (delayed)
2026-08-05,15:30:00,2026-08-05 16:00:00,8306.T,3541,18,63738,OK,Yahoo Finance JP full-market screener (delayed)
2026-08-05,15:30:00,2026-08-05 16:00:00,8316.T,6666,13,86658,OK,Yahoo Finance JP full-market screener (delayed)
2026-08-05,15:30:00,2026-08-05 16:00:00,8411.T,8470,10,84700,OK,Yahoo Finance JP full-market screener (delayed)
2026-08-05,15:30:00,2026-08-05 16:00:00,8591.T,6547,13,85111,OK,Yahoo Finance JP full-market screener (delayed)
2026-08-05,15:30:00,2026-08-05 16:00:00,8630.T,6962,12,83544,OK,Yahoo Finance JP full-market screener (delayed)
2026-08-05,15:30:00,2026-08-05 16:00:00,8750.T,1913.5,10,19135,OK,Yahoo Finance JP full-market screener (delayed)
2026-08-05,15:30:00,2026-08-05 16:00:00,8766.T,7742,12,92904,OK,Yahoo Finance JP full-market screener (delayed)
2026-08-05,15:30:00,2026-08-05 16:00:00,8795.T,5032,14,70448,OK,Yahoo Finance JP full-market screener (delayed)
2026-08-05,15:30:00,2026-08-05 16:00:00,9432.T,151,500,75500,OK,Yahoo Finance JP full-market screener (delayed)
2026-08-05,15:30:00,2026-08-05 16:00:00,9433.T,2856.5,23,65699.5,OK,Yahoo Finance JP full-market screener (delayed)
2026-08-05,15:30:00,2026-08-05 16:00:00,9697.T,3840,7,26880,OK,Yahoo Finance JP full-market screener (delayed)
2026-08-05,15:30:00,2026-08-05 16:00:00,9983.T,76870,2,153740,OK,Yahoo Finance JP full-market screener (delayed)
2026-08-05,15:30:00,2026-08-05 17:00:00,1801.T,12995,3,38985,OK,Yahoo Finance JP full-market screener (delayed)
2026-08-05,15:30:00,2026-08-05 17:00:00,1812.T,5252,14,73528,OK,Yahoo Finance JP full-market screener (delayed)
2026-08-05,15:30:00,2026-08-05 17:00:00,5333.T,5928,5,29640,OK,Yahoo Finance JP full-market screener (delayed)
2026-08-05,15:30:00,2026-08-05 17:00:00,5803.T,5073,8,40584,OK,Yahoo Finance JP full-market screener (delayed)
2026-08-05,15:30:00,2026-08-05 17:00:00,6146.T,63740,1,63740,OK,Yahoo Finance JP full-market screener (delayed)
2026-08-05,15:30:00,2026-08-05 17:00:00,6383.T,6248,6,37488,OK,Yahoo Finance JP full-market screener (delayed)
2026-08-05,15:30:00,2026-08-05 17:00:00,6501.T,5476,15,82140,OK,Yahoo Finance JP full-market screener (delayed)
2026-08-05,15:30:00,2026-08-05 17:00:00,6503.T,5848,14,81872,OK,Yahoo Finance JP full-market screener (delayed)
2026-08-05,15:30:00,2026-08-05 17:00:00,6504.T,15000,6,90000,OK,Yahoo Finance JP full-market screener (delayed)
2026-08-05,15:30:00,2026-08-05 17:00:00,6762.T,3150,23,72450,OK,Yahoo Finance JP full-market screener (delayed)
2026-08-05,15:30:00,2026-08-05 17:00:00,6861.T,87380,2,174760,OK,Yahoo Finance JP full-market screener (delayed)
2026-08-05,15:30:00,2026-08-05 17:00:00,7012.T,2924,25,73100,OK,Yahoo Finance JP full-market screener (delayed)
2026-08-05,15:30:00,2026-08-05 17:00:00,7203.T,2914.5,23,67033.5,OK,Yahoo Finance JP full-market screener (delayed)
2026-08-05,15:30:00,2026-08-05 17:00:00,7269.T,1926,20,38520,OK,Yahoo Finance JP full-market screener (delayed)
2026-08-05,15:30:00,2026-08-05 17:00:00,7532.T,883.5,70,61845,OK,Yahoo Finance JP full-market screener (delayed)
2026-08-05,15:30:00,2026-08-05 17:00:00,7832.T,4407,16,70512,OK,Yahoo Finance JP full-market screener (delayed)
2026-08-05,15:30:00,2026-08-05 17:00:00,8035.T,58550,1,58550,OK,Yahoo Finance JP full-market screener (delayed)
2026-08-05,15:30:00,2026-08-05 17:00:00,8306.T,3541,18,63738,OK,Yahoo Finance JP full-market screener (delayed)
2026-08-05,15:30:00,2026-08-05 17:00:00,8316.T,6666,13,86658,OK,Yahoo Finance JP full-market screener (delayed)
2026-08-05,15:30:00,2026-08-05 17:00:00,8411.T,8470,10,84700,OK,Yahoo Finance JP full-market screener (delayed)
2026-08-05,15:30:00,2026-08-05 17:00:00,8591.T,6547,13,85111,OK,Yahoo Finance JP full-market screener (delayed)
2026-08-05,15:30:00,2026-08-05 17:00:00,8630.T,6962,12,83544,OK,Yahoo Finance JP full-market screener (delayed)
2026-08-05,15:30:00,2026-08-05 17:00:00,8750.T,1913.5,10,19135,OK,Yahoo Finance JP full-market screener (delayed)
2026-08-05,15:30:00,2026-08-05 17:00:00,8766.T,7742,12,92904,OK,Yahoo Finance JP full-market screener (delayed)
2026-08-05,15:30:00,2026-08-05 17:00:00,8795.T,5032,14,70448,OK,Yahoo Finance JP full-market screener (delayed)
2026-08-05,15:30:00,2026-08-05 17:00:00,9432.T,151,500,75500,OK,Yahoo Finance JP full-market screener (delayed)
2026-08-05,15:30:00,2026-08-05 17:00:00,9433.T,2856.5,23,65699.5,OK,Yahoo Finance JP full-market screener (delayed)
2026-08-05,15:30:00,2026-08-05 17:00:00,9697.T,3840,7,26880,OK,Yahoo Finance JP full-market screener (delayed)
2026-08-05,15:30:00,2026-08-05 17:00:00,9983.T,76870,2,153740,OK,Yahoo Finance JP full-market screener (delayed)
2026-08-06,09:04:37,2026-08-06 09:00:00,1801.T,12995,3,38985,OK,Yahoo Finance JP full-market screener (delayed)
2026-08-06,09:05:03,2026-08-06 09:00:00,1812.T,5208,14,72912,OK,Yahoo Finance JP full-market screener (delayed)
2026-08-06,09:04:51,2026-08-06 09:00:00,5333.T,5928,5,29640,OK,Yahoo Finance JP full-market screener (delayed)
2026-08-05,15:30:00,2026-08-06 09:00:00,5803.T,5073,8,40584,OK,Yahoo Finance JP full-market screener (delayed)
2026-08-06,09:05:04,2026-08-06 09:00:00,6146.T,62700,1,62700,OK,Yahoo Finance JP full-market screener (delayed)
2026-08-06,09:04:58,2026-08-06 09:00:00,6383.T,6248,6,37488,OK,Yahoo Finance JP full-market screener (delayed)
2026-08-06,09:05:03,2026-08-06 09:00:00,6501.T,5473,15,82095,OK,Yahoo Finance JP full-market screener (delayed)
2026-08-06,09:05:04,2026-08-06 09:00:00,6503.T,5904,14,82656,OK,Yahoo Finance JP full-market screener (delayed)
2026-08-06,09:05:00,2026-08-06 09:00:00,6504.T,14715,6,88290,OK,Yahoo Finance JP full-market screener (delayed)
2026-08-06,09:05:04,2026-08-06 09:00:00,6762.T,3021,23,69483,OK,Yahoo Finance JP full-market screener (delayed)
2026-08-06,09:05:03,2026-08-06 09:00:00,6861.T,86500,2,173000,OK,Yahoo Finance JP full-market screener (delayed)
2026-08-06,09:05:03,2026-08-06 09:00:00,7012.T,2907.5,25,72687.5,OK,Yahoo Finance JP full-market screener (delayed)
2026-08-06,09:05:03,2026-08-06 09:00:00,7203.T,2940,23,67620,OK,Yahoo Finance JP full-market screener (delayed)
2026-08-06,09:05:04,2026-08-06 09:00:00,7269.T,1993.5,20,39870,OK,Yahoo Finance JP full-market screener (delayed)
2026-08-06,09:05:04,2026-08-06 09:00:00,7532.T,900.4,70,63028,OK,Yahoo Finance JP full-market screener (delayed)
2026-08-06,09:04:59,2026-08-06 09:00:00,7832.T,4407,16,70512,OK,Yahoo Finance JP full-market screener (delayed)
2026-08-06,09:05:03,2026-08-06 09:00:00,8035.T,56150,1,56150,OK,Yahoo Finance JP full-market screener (delayed)
2026-08-06,09:05:03,2026-08-06 09:00:00,8306.T,3562,18,64116,OK,Yahoo Finance JP full-market screener (delayed)
2026-08-06,09:05:03,2026-08-06 09:00:00,8316.T,6718,13,87334,OK,Yahoo Finance JP full-market screener (delayed)
2026-08-06,09:05:02,2026-08-06 09:00:00,8411.T,8450,10,84500,OK,Yahoo Finance JP full-market screener (delayed)
2026-08-06,09:05:03,2026-08-06 09:00:00,8591.T,6487,13,84331,OK,Yahoo Finance JP full-market screener (delayed)
2026-08-06,09:05:03,2026-08-06 09:00:00,8630.T,6983,12,83796,OK,Yahoo Finance JP full-market screener (delayed)
2026-08-06,09:05:03,2026-08-06 09:00:00,8750.T,1911.5,10,19115,OK,Yahoo Finance JP full-market screener (delayed)
2026-08-06,09:05:03,2026-08-06 09:00:00,8766.T,7765,12,93180,OK,Yahoo Finance JP full-market screener (delayed)
2026-08-06,09:05:00,2026-08-06 09:00:00,8795.T,5030,14,70420,OK,Yahoo Finance JP full-market screener (delayed)
2026-08-06,09:05:03,2026-08-06 09:00:00,9432.T,150.5,500,75250,OK,Yahoo Finance JP full-market screener (delayed)
2026-08-06,09:05:02,2026-08-06 09:00:00,9433.T,2862.5,23,65837.5,OK,Yahoo Finance JP full-market screener (delayed)
2026-08-06,09:05:04,2026-08-06 09:00:00,9697.T,3908,7,27356,OK,Yahoo Finance JP full-market screener (delayed)
2026-08-06,09:04:56,2026-08-06 09:00:00,9983.T,76870,2,153740,OK,Yahoo Finance JP full-market screener (delayed)
2026-08-06,10:04:55,2026-08-06 10:00:00,1801.T,13110,3,39330,OK,Yahoo Finance JP full-market screener (delayed)
2026-08-06,10:04:49,2026-08-06 10:00:00,1812.T,5239,14,73346,OK,Yahoo Finance JP full-market screener (delayed)
2026-08-06,10:05:01,2026-08-06 10:00:00,5333.T,5767,5,28835,OK,Yahoo Finance JP full-market screener (delayed)
2026-08-06,10:05:03,2026-08-06 10:00:00,5803.T,4651,8,37208,OK,Yahoo Finance JP full-market screener (delayed)
2026-08-06,10:05:01,2026-08-06 10:00:00,6146.T,61170,1,61170,OK,Yahoo Finance JP full-market screener (delayed)
2026-08-06,10:04:48,2026-08-06 10:00:00,6383.T,6162,6,36972,OK,Yahoo Finance JP full-market screener (delayed)
2026-08-06,10:05:03,2026-08-06 10:00:00,6501.T,5552,15,83280,OK,Yahoo Finance JP full-market screener (delayed)
2026-08-06,10:05:01,2026-08-06 10:00:00,6503.T,5961,14,83454,OK,Yahoo Finance JP full-market screener (delayed)
2026-08-06,10:05:01,2026-08-06 10:00:00,6504.T,14650,6,87900,OK,Yahoo Finance JP full-market screener (delayed)
2026-08-06,10:05:03,2026-08-06 10:00:00,6762.T,3002,23,69046,OK,Yahoo Finance JP full-market screener (delayed)
2026-08-06,10:04:58,2026-08-06 10:00:00,6861.T,87320,2,174640,OK,Yahoo Finance JP full-market screener (delayed)
2026-08-06,10:05:03,2026-08-06 10:00:00,7012.T,2907.5,25,72687.5,OK,Yahoo Finance JP full-market screener (delayed)
2026-08-06,10:05:03,2026-08-06 10:00:00,7203.T,2960,23,68080,OK,Yahoo Finance JP full-market screener (delayed)
2026-08-06,10:05:02,2026-08-06 10:00:00,7269.T,1956.5,20,39130,OK,Yahoo Finance JP full-market screener (delayed)
2026-08-06,10:05:03,2026-08-06 10:00:00,7532.T,890.6,70,62342,OK,Yahoo Finance JP full-market screener (delayed)
2026-08-06,10:05:02,2026-08-06 10:00:00,7832.T,4374,16,69984,OK,Yahoo Finance JP full-market screener (delayed)
2026-08-06,10:05:01,2026-08-06 10:00:00,8035.T,55820,1,55820,OK,Yahoo Finance JP full-market screener (delayed)
2026-08-06,10:05:00,2026-08-06 10:00:00,8306.T,3588,18,64584,OK,Yahoo Finance JP full-market screener (delayed)
2026-08-06,10:05:03,2026-08-06 10:00:00,8316.T,6786,13,88218,OK,Yahoo Finance JP full-market screener (delayed)
2026-08-06,10:05:03,2026-08-06 10:00:00,8411.T,8605,10,86050,OK,Yahoo Finance JP full-market screener (delayed)
2026-08-06,10:05:02,2026-08-06 10:00:00,8591.T,6523,13,84799,OK,Yahoo Finance JP full-market screener (delayed)
2026-08-06,10:04:59,2026-08-06 10:00:00,8630.T,6957,12,83484,OK,Yahoo Finance JP full-market screener (delayed)
2026-08-06,10:05:03,2026-08-06 10:00:00,8750.T,1909,10,19090,OK,Yahoo Finance JP full-market screener (delayed)
2026-08-06,10:05:01,2026-08-06 10:00:00,8766.T,7736,12,92832,OK,Yahoo Finance JP full-market screener (delayed)
2026-08-06,10:05:03,2026-08-06 10:00:00,8795.T,4999,14,69986,OK,Yahoo Finance JP full-market screener (delayed)
2026-08-06,10:05:03,2026-08-06 10:00:00,9432.T,150.8,500,75400,OK,Yahoo Finance JP full-market screener (delayed)
2026-08-06,10:05:02,2026-08-06 10:00:00,9433.T,2865,23,65895,OK,Yahoo Finance JP full-market screener (delayed)
2026-08-06,10:05:00,2026-08-06 10:00:00,9697.T,3872,7,27104,OK,Yahoo Finance JP full-market screener (delayed)
2026-08-06,10:05:00,2026-08-06 10:00:00,9983.T,77530,2,155060,OK,Yahoo Finance JP full-market screener (delayed)
2026-08-06,11:04:57,2026-08-06 11:00:00,1801.T,12935,3,38805,OK,Yahoo Finance JP full-market screener (delayed)
2026-08-06,11:05:04,2026-08-06 11:00:00,1812.T,5168,14,72352,OK,Yahoo Finance JP full-market screener (delayed)
2026-08-06,11:05:02,2026-08-06 11:00:00,5333.T,5694,5,28470,OK,Yahoo Finance JP full-market screener (delayed)
2026-08-06,11:05:04,2026-08-06 11:00:00,5803.T,4612,8,36896,OK,Yahoo Finance JP full-market screener (delayed)
2026-08-06,11:05:01,2026-08-06 11:00:00,6146.T,60840,1,60840,OK,Yahoo Finance JP full-market screener (delayed)
2026-08-06,11:04:57,2026-08-06 11:00:00,6383.T,6087,6,36522,OK,Yahoo Finance JP full-market screener (delayed)
2026-08-06,11:05:00,2026-08-06 11:00:00,6501.T,5508,15,82620,OK,Yahoo Finance JP full-market screener (delayed)
2026-08-06,11:05:01,2026-08-06 11:00:00,6503.T,5859,14,82026,OK,Yahoo Finance JP full-market screener (delayed)
2026-08-06,11:05:03,2026-08-06 11:00:00,6504.T,14430,6,86580,OK,Yahoo Finance JP full-market screener (delayed)
2026-08-06,11:05:02,2026-08-06 11:00:00,6762.T,2989.5,23,68758.5,OK,Yahoo Finance JP full-market screener (delayed)
2026-08-06,11:04:55,2026-08-06 11:00:00,6861.T,86850,2,173700,OK,Yahoo Finance JP full-market screener (delayed)
2026-08-06,11:05:02,2026-08-06 11:00:00,7012.T,2868,25,71700,OK,Yahoo Finance JP full-market screener (delayed)
2026-08-06,11:04:53,2026-08-06 11:00:00,7203.T,2960.5,23,68091.5,OK,Yahoo Finance JP full-market screener (delayed)
2026-08-06,11:04:48,2026-08-06 11:00:00,7269.T,1966.5,20,39330,OK,Yahoo Finance JP full-market screener (delayed)
2026-08-06,11:05:03,2026-08-06 11:00:00,7532.T,896.6,70,62762,OK,Yahoo Finance JP full-market screener (delayed)
2026-08-06,11:05:02,2026-08-06 11:00:00,7832.T,4437,16,70992,OK,Yahoo Finance JP full-market screener (delayed)
2026-08-06,11:05:01,2026-08-06 11:00:00,8035.T,55030,1,55030,OK,Yahoo Finance JP full-market screener (delayed)
2026-08-06,11:05:03,2026-08-06 11:00:00,8306.T,3585,18,64530,OK,Yahoo Finance JP full-market screener (delayed)
2026-08-06,11:05:00,2026-08-06 11:00:00,8316.T,6747,13,87711,OK,Yahoo Finance JP full-market screener (delayed)
2026-08-06,11:05:03,2026-08-06 11:00:00,8411.T,8509,10,85090,OK,Yahoo Finance JP full-market screener (delayed)
2026-08-06,11:05:01,2026-08-06 11:00:00,8591.T,6502,13,84526,OK,Yahoo Finance JP full-market screener (delayed)
2026-08-06,11:05:03,2026-08-06 11:00:00,8630.T,6954,12,83448,OK,Yahoo Finance JP full-market screener (delayed)
2026-08-06,11:05:01,2026-08-06 11:00:00,8750.T,1901,10,19010,OK,Yahoo Finance JP full-market screener (delayed)
2026-08-06,11:04:55,2026-08-06 11:00:00,8766.T,7738,12,92856,OK,Yahoo Finance JP full-market screener (delayed)
2026-08-06,11:05:01,2026-08-06 11:00:00,8795.T,4967,14,69538,OK,Yahoo Finance JP full-market screener (delayed)
2026-08-06,11:05:03,2026-08-06 11:00:00,9432.T,151.3,500,75650,OK,Yahoo Finance JP full-market screener (delayed)
2026-08-06,11:05:03,2026-08-06 11:00:00,9433.T,2882.5,23,66297.5,OK,Yahoo Finance JP full-market screener (delayed)
2026-08-06,11:04:58,2026-08-06 11:00:00,9697.T,3959,7,27713,OK,Yahoo Finance JP full-market screener (delayed)
2026-08-06,11:04:59,2026-08-06 11:00:00,9983.T,78350,2,156700,OK,Yahoo Finance JP full-market screener (delayed)
2026-08-06,11:30:00,2026-08-06 12:00:00,1801.T,12920,3,38760,OK,Yahoo Finance JP full-market screener (delayed)
2026-08-06,11:30:00,2026-08-06 12:00:00,1812.T,5178,14,72492,OK,Yahoo Finance JP full-market screener (delayed)
2026-08-06,11:30:00,2026-08-06 12:00:00,5333.T,5721,5,28605,OK,Yahoo Finance JP full-market screener (delayed)
2026-08-06,11:30:00,2026-08-06 12:00:00,5803.T,4648,8,37184,OK,Yahoo Finance JP full-market screener (delayed)
2026-08-06,11:30:00,2026-08-06 12:00:00,6146.T,61150,1,61150,OK,Yahoo Finance JP full-market screener (delayed)
2026-08-06,11:30:00,2026-08-06 12:00:00,6383.T,6101,6,36606,OK,Yahoo Finance JP full-market screener (delayed)
2026-08-06,11:30:00,2026-08-06 12:00:00,6501.T,5510,15,82650,OK,Yahoo Finance JP full-market screener (delayed)
2026-08-06,11:30:00,2026-08-06 12:00:00,6503.T,5850,14,81900,OK,Yahoo Finance JP full-market screener (delayed)
2026-08-06,11:30:00,2026-08-06 12:00:00,6504.T,14455,6,86730,OK,Yahoo Finance JP full-market screener (delayed)
2026-08-06,11:30:00,2026-08-06 12:00:00,6762.T,3005,23,69115,OK,Yahoo Finance JP full-market screener (delayed)
2026-08-06,11:30:00,2026-08-06 12:00:00,6861.T,86830,2,173660,OK,Yahoo Finance JP full-market screener (delayed)
2026-08-06,11:30:00,2026-08-06 12:00:00,7012.T,2877.5,25,71937.5,OK,Yahoo Finance JP full-market screener (delayed)
2026-08-06,11:30:00,2026-08-06 12:00:00,7203.T,2963,23,68149,OK,Yahoo Finance JP full-market screener (delayed)
2026-08-06,11:30:00,2026-08-06 12:00:00,7269.T,1952.5,20,39050,OK,Yahoo Finance JP full-market screener (delayed)
2026-08-06,11:30:00,2026-08-06 12:00:00,7532.T,892.4,70,62468,OK,Yahoo Finance JP full-market screener (delayed)
2026-08-06,11:30:00,2026-08-06 12:00:00,7832.T,4431,16,70896,OK,Yahoo Finance JP full-market screener (delayed)
2026-08-06,11:30:00,2026-08-06 12:00:00,8035.T,55380,1,55380,OK,Yahoo Finance JP full-market screener (delayed)
2026-08-06,11:30:00,2026-08-06 12:00:00,8306.T,3566,18,64188,OK,Yahoo Finance JP full-market screener (delayed)
2026-08-06,11:30:00,2026-08-06 12:00:00,8316.T,6724,13,87412,OK,Yahoo Finance JP full-market screener (delayed)
2026-08-06,11:30:00,2026-08-06 12:00:00,8411.T,8472,10,84720,OK,Yahoo Finance JP full-market screener (delayed)
2026-08-06,11:30:00,2026-08-06 12:00:00,8591.T,6480,13,84240,OK,Yahoo Finance JP full-market screener (delayed)
2026-08-06,11:30:00,2026-08-06 12:00:00,8630.T,6918,12,83016,OK,Yahoo Finance JP full-market screener (delayed)
2026-08-06,11:30:00,2026-08-06 12:00:00,8750.T,1896.5,10,18965,OK,Yahoo Finance JP full-market screener (delayed)
2026-08-06,11:30:00,2026-08-06 12:00:00,8766.T,7712,12,92544,OK,Yahoo Finance JP full-market screener (delayed)
2026-08-06,11:30:00,2026-08-06 12:00:00,8795.T,4964,14,69496,OK,Yahoo Finance JP full-market screener (delayed)
2026-08-06,11:30:00,2026-08-06 12:00:00,9432.T,151,500,75500,OK,Yahoo Finance JP full-market screener (delayed)
2026-08-06,11:30:00,2026-08-06 12:00:00,9433.T,2873,23,66079,OK,Yahoo Finance JP full-market screener (delayed)
2026-08-06,11:30:00,2026-08-06 12:00:00,9697.T,3953,7,27671,OK,Yahoo Finance JP full-market screener (delayed)
2026-08-06,11:30:00,2026-08-06 12:00:00,9983.T,78530,2,157060,OK,Yahoo Finance JP full-market screener (delayed)
2026-08-06,13:05:05,2026-08-06 13:00:00,1801.T,13375,3,40125,OK,Yahoo Finance JP full-market screener (delayed)
2026-08-06,13:05:05,2026-08-06 13:00:00,1812.T,5208,14,72912,OK,Yahoo Finance JP full-market screener (delayed)
2026-08-06,13:05:05,2026-08-06 13:00:00,5333.T,5791,5,28955,OK,Yahoo Finance JP full-market screener (delayed)
2026-08-06,13:05:05,2026-08-06 13:00:00,5803.T,4590,8,36720,OK,Yahoo Finance JP full-market screener (delayed)
2026-08-06,13:05:05,2026-08-06 13:00:00,6146.T,61590,1,61590,OK,Yahoo Finance JP full-market screener (delayed)
2026-08-06,13:05:05,2026-08-06 13:00:00,6383.T,6119,6,36714,OK,Yahoo Finance JP full-market screener (delayed)
2026-08-06,13:04:55,2026-08-06 13:00:00,6501.T,5504,15,82560,OK,Yahoo Finance JP full-market screener (delayed)
2026-08-06,13:05:02,2026-08-06 13:00:00,6503.T,5822,14,81508,OK,Yahoo Finance JP full-market screener (delayed)
2026-08-06,13:05:04,2026-08-06 13:00:00,6504.T,14380,6,86280,OK,Yahoo Finance JP full-market screener (delayed)
2026-08-06,13:04:59,2026-08-06 13:00:00,6762.T,3006,23,69138,OK,Yahoo Finance JP full-market screener (delayed)
2026-08-06,13:04:55,2026-08-06 13:00:00,6861.T,86310,2,172620,OK,Yahoo Finance JP full-market screener (delayed)
2026-08-06,13:05:02,2026-08-06 13:00:00,7012.T,2888.5,25,72212.5,OK,Yahoo Finance JP full-market screener (delayed)
2026-08-06,13:05:06,2026-08-06 13:00:00,7203.T,2974.5,23,68413.5,OK,Yahoo Finance JP full-market screener (delayed)
2026-08-06,13:05:05,2026-08-06 13:00:00,7269.T,1976,20,39520,OK,Yahoo Finance JP full-market screener (delayed)
2026-08-06,13:05:04,2026-08-06 13:00:00,7532.T,894,70,62580,OK,Yahoo Finance JP full-market screener (delayed)
2026-08-06,13:05:06,2026-08-06 13:00:00,7832.T,4788,16,76608,OK,Yahoo Finance JP full-market screener (delayed)
2026-08-06,13:05:05,2026-08-06 13:00:00,8035.T,55450,1,55450,OK,Yahoo Finance JP full-market screener (delayed)
2026-08-06,13:05:01,2026-08-06 13:00:00,8306.T,3574,18,64332,OK,Yahoo Finance JP full-market screener (delayed)
2026-08-06,13:04:54,2026-08-06 13:00:00,8316.T,6745,13,87685,OK,Yahoo Finance JP full-market screener (delayed)
2026-08-06,13:05:02,2026-08-06 13:00:00,8411.T,8487,10,84870,OK,Yahoo Finance JP full-market screener (delayed)
2026-08-06,13:05:02,2026-08-06 13:00:00,8591.T,6489,13,84357,OK,Yahoo Finance JP full-market screener (delayed)
2026-08-06,13:04:57,2026-08-06 13:00:00,8630.T,6951,12,83412,OK,Yahoo Finance JP full-market screener (delayed)
2026-08-06,13:05:01,2026-08-06 13:00:00,8750.T,1896,10,18960,OK,Yahoo Finance JP full-market screener (delayed)
2026-08-06,13:05:05,2026-08-06 13:00:00,8766.T,7750,12,93000,OK,Yahoo Finance JP full-market screener (delayed)
2026-08-06,13:05:02,2026-08-06 13:00:00,8795.T,4957,14,69398,OK,Yahoo Finance JP full-market screener (delayed)
2026-08-06,13:05:04,2026-08-06 13:00:00,9432.T,151,500,75500,OK,Yahoo Finance JP full-market screener (delayed)
2026-08-06,13:05:02,2026-08-06 13:00:00,9433.T,2889,23,66447,OK,Yahoo Finance JP full-market screener (delayed)
2026-08-06,13:05:02,2026-08-06 13:00:00,9697.T,3975,7,27825,OK,Yahoo Finance JP full-market screener (delayed)
2026-08-06,13:04:31,2026-08-06 13:00:00,9983.T,78290,2,156580,OK,Yahoo Finance JP full-market screener (delayed)
2026-08-06,14:04:57,2026-08-06 14:00:00,1801.T,13505,3,40515,OK,Yahoo Finance JP full-market screener (delayed)
2026-08-06,14:05:02,2026-08-06 14:00:00,1812.T,5189,14,72646,OK,Yahoo Finance JP full-market screener (delayed)
2026-08-06,14:05:01,2026-08-06 14:00:00,5333.T,5803,5,29015,OK,Yahoo Finance JP full-market screener (delayed)
2026-08-06,14:05:04,2026-08-06 14:00:00,5803.T,4801,8,38408,OK,Yahoo Finance JP full-market screener (delayed)
2026-08-06,14:05:03,2026-08-06 14:00:00,6146.T,62390,1,62390,OK,Yahoo Finance JP full-market screener (delayed)
2026-08-06,14:04:59,2026-08-06 14:00:00,6383.T,6173,6,37038,OK,Yahoo Finance JP full-market screener (delayed)
2026-08-06,14:05:03,2026-08-06 14:00:00,6501.T,5504,15,82560,OK,Yahoo Finance JP full-market screener (delayed)
2026-08-06,14:04:55,2026-08-06 14:00:00,6503.T,5851,14,81914,OK,Yahoo Finance JP full-market screener (delayed)
2026-08-06,14:04:34,2026-08-06 14:00:00,6504.T,14500,6,87000,OK,Yahoo Finance JP full-market screener (delayed)
2026-08-06,14:05:04,2026-08-06 14:00:00,6762.T,3039,23,69897,OK,Yahoo Finance JP full-market screener (delayed)
2026-08-06,14:04:49,2026-08-06 14:00:00,6861.T,86360,2,172720,OK,Yahoo Finance JP full-market screener (delayed)
2026-08-06,14:05:03,2026-08-06 14:00:00,7012.T,2888,25,72200,OK,Yahoo Finance JP full-market screener (delayed)
2026-08-06,14:05:04,2026-08-06 14:00:00,7203.T,2963,23,68149,OK,Yahoo Finance JP full-market screener (delayed)
2026-08-06,14:04:37,2026-08-06 14:00:00,7269.T,1961,20,39220,OK,Yahoo Finance JP full-market screener (delayed)
2026-08-06,14:05:02,2026-08-06 14:00:00,7532.T,891.2,70,62384,OK,Yahoo Finance JP full-market screener (delayed)
2026-08-06,14:05:02,2026-08-06 14:00:00,7832.T,4859,16,77744,OK,Yahoo Finance JP full-market screener (delayed)
2026-08-06,14:05:03,2026-08-06 14:00:00,8035.T,55860,1,55860,OK,Yahoo Finance JP full-market screener (delayed)
2026-08-06,14:05:01,2026-08-06 14:00:00,8306.T,3574,18,64332,OK,Yahoo Finance JP full-market screener (delayed)
2026-08-06,14:05:03,2026-08-06 14:00:00,8316.T,6761,13,87893,OK,Yahoo Finance JP full-market screener (delayed)
2026-08-06,14:05:02,2026-08-06 14:00:00,8411.T,8494,10,84940,OK,Yahoo Finance JP full-market screener (delayed)
2026-08-06,14:05:02,2026-08-06 14:00:00,8591.T,6481,13,84253,OK,Yahoo Finance JP full-market screener (delayed)
2026-08-06,14:05:02,2026-08-06 14:00:00,8630.T,6938,12,83256,OK,Yahoo Finance JP full-market screener (delayed)
2026-08-06,14:05:03,2026-08-06 14:00:00,8750.T,1894.5,10,18945,OK,Yahoo Finance JP full-market screener (delayed)
2026-08-06,14:04:59,2026-08-06 14:00:00,8766.T,7756,12,93072,OK,Yahoo Finance JP full-market screener (delayed)
2026-08-06,14:05:03,2026-08-06 14:00:00,8795.T,4940,14,69160,OK,Yahoo Finance JP full-market screener (delayed)
2026-08-06,14:05:00,2026-08-06 14:00:00,9432.T,153.3,500,76650,OK,Yahoo Finance JP full-market screener (delayed)
2026-08-06,14:05:01,2026-08-06 14:00:00,9433.T,2888.5,23,66435.5,OK,Yahoo Finance JP full-market screener (delayed)
2026-08-06,14:04:43,2026-08-06 14:00:00,9697.T,3959,7,27713,OK,Yahoo Finance JP full-market screener (delayed)
2026-08-06,14:05:02,2026-08-06 14:00:00,9983.T,78360,2,156720,OK,Yahoo Finance JP full-market screener (delayed)
2026-08-06,15:04:50,2026-08-06 15:00:00,1801.T,13595,3,40785,OK,Yahoo Finance JP full-market screener (delayed)
2026-08-06,15:04:57,2026-08-06 15:00:00,1812.T,5142,14,71988,OK,Yahoo Finance JP full-market screener (delayed)
2026-08-06,15:05:03,2026-08-06 15:00:00,5333.T,5771,5,28855,OK,Yahoo Finance JP full-market screener (delayed)
2026-08-06,15:05:04,2026-08-06 15:00:00,5803.T,4614,8,36912,OK,Yahoo Finance JP full-market screener (delayed)
2026-08-06,15:05:04,2026-08-06 15:00:00,6146.T,61380,1,61380,OK,Yahoo Finance JP full-market screener (delayed)
2026-08-06,15:05:04,2026-08-06 15:00:00,6383.T,6164,6,36984,OK,Yahoo Finance JP full-market screener (delayed)
2026-08-06,15:05:01,2026-08-06 15:00:00,6501.T,5521,15,82815,OK,Yahoo Finance JP full-market screener (delayed)
2026-08-06,15:05:02,2026-08-06 15:00:00,6503.T,5855,14,81970,OK,Yahoo Finance JP full-market screener (delayed)
2026-08-06,15:05:03,2026-08-06 15:00:00,6504.T,14455,6,86730,OK,Yahoo Finance JP full-market screener (delayed)
2026-08-06,15:05:04,2026-08-06 15:00:00,6762.T,3021,23,69483,OK,Yahoo Finance JP full-market screener (delayed)
2026-08-06,15:05:04,2026-08-06 15:00:00,6861.T,85900,2,171800,OK,Yahoo Finance JP full-market screener (delayed)
2026-08-06,15:05:03,2026-08-06 15:00:00,7012.T,2889.5,25,72237.5,OK,Yahoo Finance JP full-market screener (delayed)
2026-08-06,15:05:04,2026-08-06 15:00:00,7203.T,2983.5,23,68620.5,OK,Yahoo Finance JP full-market screener (delayed)
2026-08-06,15:05:03,2026-08-06 15:00:00,7269.T,1973.5,20,39470,OK,Yahoo Finance JP full-market screener (delayed)
2026-08-06,15:05:02,2026-08-06 15:00:00,7532.T,893.7,70,62559,OK,Yahoo Finance JP full-market screener (delayed)
2026-08-06,15:05:01,2026-08-06 15:00:00,7832.T,4856,16,77696,OK,Yahoo Finance JP full-market screener (delayed)
2026-08-06,15:05:04,2026-08-06 15:00:00,8035.T,55190,1,55190,OK,Yahoo Finance JP full-market screener (delayed)
2026-08-06,15:04:58,2026-08-06 15:00:00,8306.T,3585,18,64530,OK,Yahoo Finance JP full-market screener (delayed)
2026-08-06,15:05:04,2026-08-06 15:00:00,8316.T,6794,13,88322,OK,Yahoo Finance JP full-market screener (delayed)
2026-08-06,15:05:04,2026-08-06 15:00:00,8411.T,8533,10,85330,OK,Yahoo Finance JP full-market screener (delayed)
2026-08-06,15:05:04,2026-08-06 15:00:00,8591.T,6489,13,84357,OK,Yahoo Finance JP full-market screener (delayed)
2026-08-06,15:05:04,2026-08-06 15:00:00,8630.T,6994,12,83928,OK,Yahoo Finance JP full-market screener (delayed)
2026-08-06,15:05:02,2026-08-06 15:00:00,8750.T,1907,10,19070,OK,Yahoo Finance JP full-market screener (delayed)
2026-08-06,15:05:04,2026-08-06 15:00:00,8766.T,7809,12,93708,OK,Yahoo Finance JP full-market screener (delayed)
2026-08-06,15:05:04,2026-08-06 15:00:00,8795.T,4968,14,69552,OK,Yahoo Finance JP full-market screener (delayed)
2026-08-06,15:05:01,2026-08-06 15:00:00,9432.T,153.6,500,76800,OK,Yahoo Finance JP full-market screener (delayed)
2026-08-06,15:05:03,2026-08-06 15:00:00,9433.T,2901,23,66723,OK,Yahoo Finance JP full-market screener (delayed)
2026-08-06,15:05:00,2026-08-06 15:00:00,9697.T,3966,7,27762,OK,Yahoo Finance JP full-market screener (delayed)
2026-08-06,15:05:03,2026-08-06 15:00:00,9983.T,78600,2,157200,OK,Yahoo Finance JP full-market screener (delayed)
2026-08-06,15:30:00,2026-08-06 16:00:00,1801.T,13575,3,40725,OK,Yahoo Finance JP full-market screener (delayed)
2026-08-06,15:30:00,2026-08-06 16:00:00,1812.T,5135,14,71890,OK,Yahoo Finance JP full-market screener (delayed)
2026-08-06,15:30:00,2026-08-06 16:00:00,5333.T,5772,5,28860,OK,Yahoo Finance JP full-market screener (delayed)
2026-08-06,15:30:00,2026-08-06 16:00:00,5803.T,4596,8,36768,OK,Yahoo Finance JP full-market screener (delayed)
2026-08-06,15:30:00,2026-08-06 16:00:00,6146.T,61590,1,61590,OK,Yahoo Finance JP full-market screener (delayed)
2026-08-06,15:30:00,2026-08-06 16:00:00,6383.T,6177,6,37062,OK,Yahoo Finance JP full-market screener (delayed)
2026-08-06,15:30:00,2026-08-06 16:00:00,6501.T,5500,15,82500,OK,Yahoo Finance JP full-market screener (delayed)
2026-08-06,15:30:00,2026-08-06 16:00:00,6503.T,5870,14,82180,OK,Yahoo Finance JP full-market screener (delayed)
2026-08-06,15:30:00,2026-08-06 16:00:00,6504.T,14330,6,85980,OK,Yahoo Finance JP full-market screener (delayed)
2026-08-06,15:30:00,2026-08-06 16:00:00,6762.T,3013,23,69299,OK,Yahoo Finance JP full-market screener (delayed)
2026-08-06,15:30:00,2026-08-06 16:00:00,6861.T,85530,2,171060,OK,Yahoo Finance JP full-market screener (delayed)
2026-08-06,15:30:00,2026-08-06 16:00:00,7012.T,2868.5,25,71712.5,OK,Yahoo Finance JP full-market screener (delayed)
2026-08-06,15:30:00,2026-08-06 16:00:00,7203.T,2983.5,23,68620.5,OK,Yahoo Finance JP full-market screener (delayed)
2026-08-06,15:30:00,2026-08-06 16:00:00,7269.T,1977.5,20,39550,OK,Yahoo Finance JP full-market screener (delayed)
2026-08-06,15:30:00,2026-08-06 16:00:00,7532.T,896,70,62720,OK,Yahoo Finance JP full-market screener (delayed)
2026-08-06,15:30:00,2026-08-06 16:00:00,7832.T,4885,16,78160,OK,Yahoo Finance JP full-market screener (delayed)
2026-08-06,15:30:00,2026-08-06 16:00:00,8035.T,55330,1,55330,OK,Yahoo Finance JP full-market screener (delayed)
2026-08-06,15:30:00,2026-08-06 16:00:00,8306.T,3574,18,64332,OK,Yahoo Finance JP full-market screener (delayed)
2026-08-06,15:30:00,2026-08-06 16:00:00,8316.T,6781,13,88153,OK,Yahoo Finance JP full-market screener (delayed)
2026-08-06,15:30:00,2026-08-06 16:00:00,8411.T,8499,10,84990,OK,Yahoo Finance JP full-market screener (delayed)
2026-08-06,15:30:00,2026-08-06 16:00:00,8591.T,6513,13,84669,OK,Yahoo Finance JP full-market screener (delayed)
2026-08-06,15:30:00,2026-08-06 16:00:00,8630.T,6997,12,83964,OK,Yahoo Finance JP full-market screener (delayed)
2026-08-06,15:30:00,2026-08-06 16:00:00,8750.T,1921,10,19210,OK,Yahoo Finance JP full-market screener (delayed)
2026-08-06,15:30:00,2026-08-06 16:00:00,8766.T,7817,12,93804,OK,Yahoo Finance JP full-market screener (delayed)
2026-08-06,15:30:00,2026-08-06 16:00:00,8795.T,4962,14,69468,OK,Yahoo Finance JP full-market screener (delayed)
2026-08-06,15:30:00,2026-08-06 16:00:00,9432.T,154.5,500,77250,OK,Yahoo Finance JP full-market screener (delayed)
2026-08-06,15:30:00,2026-08-06 16:00:00,9433.T,2901,23,66723,OK,Yahoo Finance JP full-market screener (delayed)
2026-08-06,15:30:00,2026-08-06 16:00:00,9697.T,3942,7,27594,OK,Yahoo Finance JP full-market screener (delayed)
2026-08-06,15:30:00,2026-08-06 16:00:00,9983.T,78890,2,157780,OK,Yahoo Finance JP full-market screener (delayed)
2026-08-06,15:30:00,2026-08-06 17:00:00,1801.T,13575,3,40725,OK,Yahoo Finance JP full-market screener (delayed)
2026-08-06,15:30:00,2026-08-06 17:00:00,1812.T,5135,14,71890,OK,Yahoo Finance JP full-market screener (delayed)
2026-08-06,15:30:00,2026-08-06 17:00:00,5333.T,5772,5,28860,OK,Yahoo Finance JP full-market screener (delayed)
2026-08-06,15:30:00,2026-08-06 17:00:00,5803.T,4596,8,36768,OK,Yahoo Finance JP full-market screener (delayed)
2026-08-06,15:30:00,2026-08-06 17:00:00,6146.T,61590,1,61590,OK,Yahoo Finance JP full-market screener (delayed)
2026-08-06,15:30:00,2026-08-06 17:00:00,6383.T,6177,6,37062,OK,Yahoo Finance JP full-market screener (delayed)
2026-08-06,15:30:00,2026-08-06 17:00:00,6501.T,5500,15,82500,OK,Yahoo Finance JP full-market screener (delayed)
2026-08-06,15:30:00,2026-08-06 17:00:00,6503.T,5870,14,82180,OK,Yahoo Finance JP full-market screener (delayed)
2026-08-06,15:30:00,2026-08-06 17:00:00,6504.T,14330,6,85980,OK,Yahoo Finance JP full-market screener (delayed)
2026-08-06,15:30:00,2026-08-06 17:00:00,6762.T,3013,23,69299,OK,Yahoo Finance JP full-market screener (delayed)
2026-08-06,15:30:00,2026-08-06 17:00:00,6861.T,85530,2,171060,OK,Yahoo Finance JP full-market screener (delayed)
2026-08-06,15:30:00,2026-08-06 17:00:00,7012.T,2868.5,25,71712.5,OK,Yahoo Finance JP full-market screener (delayed)
2026-08-06,15:30:00,2026-08-06 17:00:00,7203.T,2983.5,23,68620.5,OK,Yahoo Finance JP full-market screener (delayed)
2026-08-06,15:30:00,2026-08-06 17:00:00,7269.T,1977.5,20,39550,OK,Yahoo Finance JP full-market screener (delayed)
2026-08-06,15:30:00,2026-08-06 17:00:00,7532.T,896,70,62720,OK,Yahoo Finance JP full-market screener (delayed)
2026-08-06,15:30:00,2026-08-06 17:00:00,7832.T,4885,16,78160,OK,Yahoo Finance JP full-market screener (delayed)
2026-08-06,15:30:00,2026-08-06 17:00:00,8035.T,55330,1,55330,OK,Yahoo Finance JP full-market screener (delayed)
2026-08-06,15:30:00,2026-08-06 17:00:00,8306.T,3574,18,64332,OK,Yahoo Finance JP full-market screener (delayed)
2026-08-06,15:30:00,2026-08-06 17:00:00,8316.T,6781,13,88153,OK,Yahoo Finance JP full-market screener (delayed)
2026-08-06,15:30:00,2026-08-06 17:00:00,8411.T,8499,10,84990,OK,Yahoo Finance JP full-market screener (delayed)
2026-08-06,15:30:00,2026-08-06 17:00:00,8591.T,6513,13,84669,OK,Yahoo Finance JP full-market screener (delayed)
2026-08-06,15:30:00,2026-08-06 17:00:00,8630.T,6997,12,83964,OK,Yahoo Finance JP full-market screener (delayed)
2026-08-06,15:30:00,2026-08-06 17:00:00,8750.T,1921,10,19210,OK,Yahoo Finance JP full-market screener (delayed)
2026-08-06,15:30:00,2026-08-06 17:00:00,8766.T,7817,12,93804,OK,Yahoo Finance JP full-market screener (delayed)
2026-08-06,15:30:00,2026-08-06 17:00:00,8795.T,4962,14,69468,OK,Yahoo Finance JP full-market screener (delayed)
2026-08-06,15:30:00,2026-08-06 17:00:00,9432.T,154.5,500,77250,OK,Yahoo Finance JP full-market screener (delayed)
2026-08-06,15:30:00,2026-08-06 17:00:00,9433.T,2901,23,66723,OK,Yahoo Finance JP full-market screener (delayed)
2026-08-06,15:30:00,2026-08-06 17:00:00,9697.T,3942,7,27594,OK,Yahoo Finance JP full-market screener (delayed)
2026-08-06,15:30:00,2026-08-06 17:00:00,9983.T,78890,2,157780,OK,Yahoo Finance JP full-market screener (delayed)
2026-08-06,15:30:00,2026-08-07 08:00:00,1801.T,13575,3,40725,OK,Yahoo Finance JP full-market screener (delayed)
2026-08-06,15:30:00,2026-08-07 08:00:00,1812.T,5135,14,71890,OK,Yahoo Finance JP full-market screener (delayed)
2026-08-06,15:30:00,2026-08-07 08:00:00,5333.T,5772,5,28860,OK,Yahoo Finance JP full-market screener (delayed)
2026-08-06,15:30:00,2026-08-07 08:00:00,5803.T,4596,8,36768,OK,Yahoo Finance JP full-market screener (delayed)
2026-08-06,15:30:00,2026-08-07 08:00:00,6146.T,61590,1,61590,OK,Yahoo Finance JP full-market screener (delayed)
2026-08-06,15:30:00,2026-08-07 08:00:00,6383.T,6177,6,37062,OK,Yahoo Finance JP full-market screener (delayed)
2026-08-06,15:30:00,2026-08-07 08:00:00,6501.T,5500,15,82500,OK,Yahoo Finance JP full-market screener (delayed)
2026-08-06,15:30:00,2026-08-07 08:00:00,6503.T,5870,14,82180,OK,Yahoo Finance JP full-market screener (delayed)
2026-08-06,15:30:00,2026-08-07 08:00:00,6504.T,14330,6,85980,OK,Yahoo Finance JP full-market screener (delayed)
2026-08-06,15:30:00,2026-08-07 08:00:00,6762.T,3013,23,69299,OK,Yahoo Finance JP full-market screener (delayed)
2026-08-06,15:30:00,2026-08-07 08:00:00,6861.T,85530,2,171060,OK,Yahoo Finance JP full-market screener (delayed)
2026-08-06,15:30:00,2026-08-07 08:00:00,7012.T,2868.5,25,71712.5,OK,Yahoo Finance JP full-market screener (delayed)
2026-08-06,15:30:00,2026-08-07 08:00:00,7203.T,2983.5,23,68620.5,OK,Yahoo Finance JP full-market screener (delayed)
2026-08-06,15:30:00,2026-08-07 08:00:00,7269.T,1977.5,20,39550,OK,Yahoo Finance JP full-market screener (delayed)
2026-08-06,15:30:00,2026-08-07 08:00:00,7532.T,896,70,62720,OK,Yahoo Finance JP full-market screener (delayed)
2026-08-06,15:30:00,2026-08-07 08:00:00,7832.T,4885,16,78160,OK,Yahoo Finance JP full-market screener (delayed)
2026-08-06,15:30:00,2026-08-07 08:00:00,8035.T,55330,1,55330,OK,Yahoo Finance JP full-market screener (delayed)
2026-08-06,15:30:00,2026-08-07 08:00:00,8306.T,3574,18,64332,OK,Yahoo Finance JP full-market screener (delayed)
2026-08-06,15:30:00,2026-08-07 08:00:00,8316.T,6781,13,88153,OK,Yahoo Finance JP full-market screener (delayed)
2026-08-06,15:30:00,2026-08-07 08:00:00,8411.T,8499,10,84990,OK,Yahoo Finance JP full-market screener (delayed)
2026-08-06,15:30:00,2026-08-07 08:00:00,8591.T,6513,13,84669,OK,Yahoo Finance JP full-market screener (delayed)
2026-08-06,15:30:00,2026-08-07 08:00:00,8630.T,6997,12,83964,OK,Yahoo Finance JP full-market screener (delayed)
2026-08-06,15:30:00,2026-08-07 08:00:00,8750.T,1921,10,19210,OK,Yahoo Finance JP full-market screener (delayed)
2026-08-06,15:30:00,2026-08-07 08:00:00,8766.T,7817,12,93804,OK,Yahoo Finance JP full-market screener (delayed)
2026-08-06,15:30:00,2026-08-07 08:00:00,8795.T,4962,14,69468,OK,Yahoo Finance JP full-market screener (delayed)
2026-08-06,15:30:00,2026-08-07 08:00:00,9432.T,154.5,500,77250,OK,Yahoo Finance JP full-market screener (delayed)
2026-08-06,15:30:00,2026-08-07 08:00:00,9433.T,2901,23,66723,OK,Yahoo Finance JP full-market screener (delayed)
2026-08-06,15:30:00,2026-08-07 08:00:00,9697.T,3942,7,27594,OK,Yahoo Finance JP full-market screener (delayed)
2026-08-06,15:30:00,2026-08-07 08:00:00,9983.T,78890,2,157780,OK,Yahoo Finance JP full-market screener (delayed)
2026-08-07,09:23:55,2026-08-07 09:00:00,1801.T,13275,3,39825,OK,Yahoo Finance JP full-market screener (delayed)
2026-08-07,09:24:09,2026-08-07 09:00:00,1812.T,5127,14,71778,OK,Yahoo Finance JP full-market screener (delayed)
2026-08-07,09:23:52,2026-08-07 09:00:00,5333.T,5757,5,28785,OK,Yahoo Finance JP full-market screener (delayed)
2026-08-07,09:24:09,2026-08-07 09:00:00,5803.T,4524,8,36192,OK,Yahoo Finance JP full-market screener (delayed)
2026-08-07,09:24:07,2026-08-07 09:00:00,6146.T,59130,1,59130,OK,Yahoo Finance JP full-market screener (delayed)
2026-08-07,09:24:00,2026-08-07 09:00:00,6383.T,6116,6,36696,OK,Yahoo Finance JP full-market screener (delayed)
2026-08-07,09:24:07,2026-08-07 09:00:00,6501.T,5501,15,82515,OK,Yahoo Finance JP full-market screener (delayed)
2026-08-07,09:24:06,2026-08-07 09:00:00,6503.T,5818,14,81452,OK,Yahoo Finance JP full-market screener (delayed)
2026-08-07,09:23:54,2026-08-07 09:00:00,6504.T,14560,6,87360,OK,Yahoo Finance JP full-market screener (delayed)
2026-08-07,09:24:07,2026-08-07 09:00:00,6762.T,3019,23,69437,OK,Yahoo Finance JP full-market screener (delayed)
2026-08-07,09:24:07,2026-08-07 09:00:00,6861.T,83760,2,167520,OK,Yahoo Finance JP full-market screener (delayed)
2026-08-07,09:24:08,2026-08-07 09:00:00,7012.T,2876.5,25,71912.5,OK,Yahoo Finance JP full-market screener (delayed)
2026-08-07,09:24:09,2026-08-07 09:00:00,7203.T,2997,23,68931,OK,Yahoo Finance JP full-market screener (delayed)
2026-08-07,09:24:08,2026-08-07 09:00:00,7269.T,1991,20,39820,OK,Yahoo Finance JP full-market screener (delayed)
2026-08-07,09:24:08,2026-08-07 09:00:00,7532.T,908.3,70,63581,OK,Yahoo Finance JP full-market screener (delayed)
2026-08-07,09:24:08,2026-08-07 09:00:00,7832.T,5187,16,82992,OK,Yahoo Finance JP full-market screener (delayed)
2026-08-07,09:24:09,2026-08-07 09:00:00,8035.T,54600,1,54600,OK,Yahoo Finance JP full-market screener (delayed)
2026-08-07,09:24:09,2026-08-07 09:00:00,8306.T,3571,18,64278,OK,Yahoo Finance JP full-market screener (delayed)
2026-08-07,09:24:08,2026-08-07 09:00:00,8316.T,6765,13,87945,OK,Yahoo Finance JP full-market screener (delayed)
2026-08-07,09:24:09,2026-08-07 09:00:00,8411.T,8477,10,84770,OK,Yahoo Finance JP full-market screener (delayed)
2026-08-07,09:24:09,2026-08-07 09:00:00,8591.T,6322,13,82186,OK,Yahoo Finance JP full-market screener (delayed)
2026-08-07,09:23:55,2026-08-07 09:00:00,8630.T,7057,12,84684,OK,Yahoo Finance JP full-market screener (delayed)
2026-08-07,09:24:05,2026-08-07 09:00:00,8750.T,1911,10,19110,OK,Yahoo Finance JP full-market screener (delayed)
2026-08-07,09:24:02,2026-08-07 09:00:00,8766.T,7884,12,94608,OK,Yahoo Finance JP full-market screener (delayed)
2026-08-07,09:24:06,2026-08-07 09:00:00,8795.T,4973,14,69622,OK,Yahoo Finance JP full-market screener (delayed)
2026-08-07,09:24:08,2026-08-07 09:00:00,9432.T,157,500,78500,OK,Yahoo Finance JP full-market screener (delayed)
2026-08-07,09:24:08,2026-08-07 09:00:00,9433.T,2940.5,23,67631.5,OK,Yahoo Finance JP full-market screener (delayed)
2026-08-07,09:24:07,2026-08-07 09:00:00,9697.T,4063,7,28441,OK,Yahoo Finance JP full-market screener (delayed)
2026-08-07,09:24:07,2026-08-07 09:00:00,9983.T,79020,2,158040,OK,Yahoo Finance JP full-market screener (delayed)
2026-08-07,10:23:52,2026-08-07 10:00:00,1801.T,13295,3,39885,OK,Yahoo Finance JP full-market screener (delayed)
2026-08-07,10:24:04,2026-08-07 10:00:00,1812.T,5132,14,71848,OK,Yahoo Finance JP full-market screener (delayed)
2026-08-07,10:23:59,2026-08-07 10:00:00,5333.T,5584,5,27920,OK,Yahoo Finance JP full-market screener (delayed)
2026-08-07,10:24:08,2026-08-07 10:00:00,5803.T,4442,8,35536,OK,Yahoo Finance JP full-market screener (delayed)
2026-08-07,10:24:05,2026-08-07 10:00:00,6146.T,57790,1,57790,OK,Yahoo Finance JP full-market screener (delayed)
2026-08-07,10:24:06,2026-08-07 10:00:00,6383.T,6140,6,36840,OK,Yahoo Finance JP full-market screener (delayed)
2026-08-07,10:24:07,2026-08-07 10:00:00,6501.T,5501,15,82515,OK,Yahoo Finance JP full-market screener (delayed)
2026-08-07,10:24:04,2026-08-07 10:00:00,6503.T,5778,14,80892,OK,Yahoo Finance JP full-market screener (delayed)
2026-08-07,10:24:04,2026-08-07 10:00:00,6504.T,14220,6,85320,OK,Yahoo Finance JP full-market screener (delayed)
2026-08-07,10:24:08,2026-08-07 10:00:00,6762.T,2967.5,23,68252.5,OK,Yahoo Finance JP full-market screener (delayed)
2026-08-07,10:23:49,2026-08-07 10:00:00,6861.T,83310,2,166620,OK,Yahoo Finance JP full-market screener (delayed)
2026-08-07,10:24:08,2026-08-07 10:00:00,7012.T,2874,25,71850,OK,Yahoo Finance JP full-market screener (delayed)
2026-08-07,10:24:07,2026-08-07 10:00:00,7203.T,3011,23,69253,OK,Yahoo Finance JP full-market screener (delayed)
2026-08-07,10:24:03,2026-08-07 10:00:00,7269.T,2001.5,20,40030,OK,Yahoo Finance JP full-market screener (delayed)
2026-08-07,10:24:04,2026-08-07 10:00:00,7532.T,919.9,70,64393,OK,Yahoo Finance JP full-market screener (delayed)
2026-08-07,10:24:08,2026-08-07 10:00:00,7832.T,5373,16,85968,OK,Yahoo Finance JP full-market screener (delayed)
2026-08-07,10:24:06,2026-08-07 10:00:00,8035.T,53620,1,53620,OK,Yahoo Finance JP full-market screener (delayed)
2026-08-07,10:24:05,2026-08-07 10:00:00,8306.T,3582,18,64476,OK,Yahoo Finance JP full-market screener (delayed)
2026-08-07,10:24:06,2026-08-07 10:00:00,8316.T,6800,13,88400,OK,Yahoo Finance JP full-market screener (delayed)
2026-08-07,10:24:06,2026-08-07 10:00:00,8411.T,8485,10,84850,OK,Yahoo Finance JP full-market screener (delayed)
2026-08-07,10:24:06,2026-08-07 10:00:00,8591.T,6417,13,83421,OK,Yahoo Finance JP full-market screener (delayed)
2026-08-07,10:24:08,2026-08-07 10:00:00,8630.T,7121,12,85452,OK,Yahoo Finance JP full-market screener (delayed)
2026-08-07,10:24:07,2026-08-07 10:00:00,8750.T,1928,10,19280,OK,Yahoo Finance JP full-market screener (delayed)
2026-08-07,10:24:08,2026-08-07 10:00:00,8766.T,7963,12,95556,OK,Yahoo Finance JP full-market screener (delayed)
2026-08-07,10:24:04,2026-08-07 10:00:00,8795.T,5030,14,70420,OK,Yahoo Finance JP full-market screener (delayed)
2026-08-07,10:24:08,2026-08-07 10:00:00,9432.T,158.9,500,79450,OK,Yahoo Finance JP full-market screener (delayed)
2026-08-07,10:24:08,2026-08-07 10:00:00,9433.T,2972,23,68356,OK,Yahoo Finance JP full-market screener (delayed)
2026-08-07,10:24:04,2026-08-07 10:00:00,9697.T,4166,7,29162,OK,Yahoo Finance JP full-market screener (delayed)
2026-08-07,10:24:06,2026-08-07 10:00:00,9983.T,79790,2,159580,OK,Yahoo Finance JP full-market screener (delayed)
2026-08-07,11:24:26,2026-08-07 11:00:00,1801.T,13155,3,39465,OK,Yahoo Finance JP full-market screener (delayed)
2026-08-07,11:24:30,2026-08-07 11:00:00,1812.T,5119,14,71666,OK,Yahoo Finance JP full-market screener (delayed)
2026-08-07,11:24:32,2026-08-07 11:00:00,5333.T,5592,5,27960,OK,Yahoo Finance JP full-market screener (delayed)
2026-08-07,11:24:32,2026-08-07 11:00:00,5803.T,4516,8,36128,OK,Yahoo Finance JP full-market screener (delayed)
2026-08-07,11:24:26,2026-08-07 11:00:00,6146.T,58380,1,58380,OK,Yahoo Finance JP full-market screener (delayed)
2026-08-07,11:24:29,2026-08-07 11:00:00,6383.T,6203,6,37218,OK,Yahoo Finance JP full-market screener (delayed)
2026-08-07,11:24:32,2026-08-07 11:00:00,6501.T,5516,15,82740,OK,Yahoo Finance JP full-market screener (delayed)
2026-08-07,11:24:32,2026-08-07 11:00:00,6503.T,5797,14,81158,OK,Yahoo Finance JP full-market screener (delayed)
2026-08-07,11:24:17,2026-08-07 11:00:00,6504.T,14280,6,85680,OK,Yahoo Finance JP full-market screener (delayed)
2026-08-07,11:24:31,2026-08-07 11:00:00,6762.T,2979.5,23,68528.5,OK,Yahoo Finance JP full-market screener (delayed)
2026-08-07,11:24:19,2026-08-07 11:00:00,6861.T,84030,2,168060,OK,Yahoo Finance JP full-market screener (delayed)
2026-08-07,11:24:32,2026-08-07 11:00:00,7012.T,2869.5,25,71737.5,OK,Yahoo Finance JP full-market screener (delayed)
2026-08-07,11:24:32,2026-08-07 11:00:00,7203.T,2979,23,68517,OK,Yahoo Finance JP full-market screener (delayed)
2026-08-07,11:24:32,2026-08-07 11:00:00,7269.T,1970,20,39400,OK,Yahoo Finance JP full-market screener (delayed)
2026-08-07,11:24:32,2026-08-07 11:00:00,7532.T,912.1,70,63847,OK,Yahoo Finance JP full-market screener (delayed)
2026-08-07,11:24:29,2026-08-07 11:00:00,7832.T,5361,16,85776,OK,Yahoo Finance JP full-market screener (delayed)
2026-08-07,11:24:32,2026-08-07 11:00:00,8035.T,54410,1,54410,OK,Yahoo Finance JP full-market screener (delayed)
2026-08-07,11:24:32,2026-08-07 11:00:00,8306.T,3575,18,64350,OK,Yahoo Finance JP full-market screener (delayed)
2026-08-07,11:24:32,2026-08-07 11:00:00,8316.T,6814,13,88582,OK,Yahoo Finance JP full-market screener (delayed)
2026-08-07,11:24:31,2026-08-07 11:00:00,8411.T,8506,10,85060,OK,Yahoo Finance JP full-market screener (delayed)
2026-08-07,11:24:30,2026-08-07 11:00:00,8591.T,6468,13,84084,OK,Yahoo Finance JP full-market screener (delayed)
2026-08-07,11:24:28,2026-08-07 11:00:00,8630.T,7074,12,84888,OK,Yahoo Finance JP full-market screener (delayed)
2026-08-07,11:24:32,2026-08-07 11:00:00,8750.T,1923,10,19230,OK,Yahoo Finance JP full-market screener (delayed)
2026-08-07,11:24:32,2026-08-07 11:00:00,8766.T,7930,12,95160,OK,Yahoo Finance JP full-market screener (delayed)
2026-08-07,11:24:20,2026-08-07 11:00:00,8795.T,5013,14,70182,OK,Yahoo Finance JP full-market screener (delayed)
2026-08-07,11:24:32,2026-08-07 11:00:00,9432.T,158.1,500,79050,OK,Yahoo Finance JP full-market screener (delayed)
2026-08-07,11:24:32,2026-08-07 11:00:00,9433.T,2964,23,68172,OK,Yahoo Finance JP full-market screener (delayed)
2026-08-07,11:24:32,2026-08-07 11:00:00,9697.T,4118,7,28826,OK,Yahoo Finance JP full-market screener (delayed)
2026-08-07,11:24:32,2026-08-07 11:00:00,9983.T,79140,2,158280,OK,Yahoo Finance JP full-market screener (delayed)
2026-08-07,11:30:00,2026-08-07 12:00:00,1801.T,13145,3,39435,OK,Yahoo Finance JP full-market screener (delayed)
2026-08-07,11:30:00,2026-08-07 12:00:00,1812.T,5124,14,71736,OK,Yahoo Finance JP full-market screener (delayed)
2026-08-07,11:30:00,2026-08-07 12:00:00,5333.T,5594,5,27970,OK,Yahoo Finance JP full-market screener (delayed)
2026-08-07,11:30:00,2026-08-07 12:00:00,5803.T,4502,8,36016,OK,Yahoo Finance JP full-market screener (delayed)
2026-08-07,11:30:00,2026-08-07 12:00:00,6146.T,58210,1,58210,OK,Yahoo Finance JP full-market screener (delayed)
2026-08-07,11:30:00,2026-08-07 12:00:00,6383.T,6151,6,36906,OK,Yahoo Finance JP full-market screener (delayed)
2026-08-07,11:30:00,2026-08-07 12:00:00,6501.T,5520,15,82800,OK,Yahoo Finance JP full-market screener (delayed)
2026-08-07,11:30:00,2026-08-07 12:00:00,6503.T,5797,14,81158,OK,Yahoo Finance JP full-market screener (delayed)
2026-08-07,11:30:00,2026-08-07 12:00:00,6504.T,14235,6,85410,OK,Yahoo Finance JP full-market screener (delayed)
2026-08-07,11:30:00,2026-08-07 12:00:00,6762.T,2975,23,68425,OK,Yahoo Finance JP full-market screener (delayed)
2026-08-07,11:30:00,2026-08-07 12:00:00,6861.T,83940,2,167880,OK,Yahoo Finance JP full-market screener (delayed)
2026-08-07,11:30:00,2026-08-07 12:00:00,7012.T,2885,25,72125,OK,Yahoo Finance JP full-market screener (delayed)
2026-08-07,11:30:00,2026-08-07 12:00:00,7203.T,2982,23,68586,OK,Yahoo Finance JP full-market screener (delayed)
2026-08-07,11:30:00,2026-08-07 12:00:00,7269.T,1973.5,20,39470,OK,Yahoo Finance JP full-market screener (delayed)
2026-08-07,11:30:00,2026-08-07 12:00:00,7532.T,914,70,63980,OK,Yahoo Finance JP full-market screener (delayed)
2026-08-07,11:30:00,2026-08-07 12:00:00,7832.T,5365,16,85840,OK,Yahoo Finance JP full-market screener (delayed)
2026-08-07,11:30:00,2026-08-07 12:00:00,8035.T,54230,1,54230,OK,Yahoo Finance JP full-market screener (delayed)
2026-08-07,11:30:00,2026-08-07 12:00:00,8306.T,3576,18,64368,OK,Yahoo Finance JP full-market screener (delayed)
2026-08-07,11:30:00,2026-08-07 12:00:00,8316.T,6818,13,88634,OK,Yahoo Finance JP full-market screener (delayed)
2026-08-07,11:30:00,2026-08-07 12:00:00,8411.T,8517,10,85170,OK,Yahoo Finance JP full-market screener (delayed)
2026-08-07,11:30:00,2026-08-07 12:00:00,8591.T,6473,13,84149,OK,Yahoo Finance JP full-market screener (delayed)
2026-08-07,11:30:00,2026-08-07 12:00:00,8630.T,7082,12,84984,OK,Yahoo Finance JP full-market screener (delayed)
2026-08-07,11:30:00,2026-08-07 12:00:00,8750.T,1923.5,10,19235,OK,Yahoo Finance JP full-market screener (delayed)
2026-08-07,11:30:00,2026-08-07 12:00:00,8766.T,7935,12,95220,OK,Yahoo Finance JP full-market screener (delayed)
2026-08-07,11:30:00,2026-08-07 12:00:00,8795.T,5012,14,70168,OK,Yahoo Finance JP full-market screener (delayed)
2026-08-07,11:30:00,2026-08-07 12:00:00,9432.T,158.2,500,79100,OK,Yahoo Finance JP full-market screener (delayed)
2026-08-07,11:30:00,2026-08-07 12:00:00,9433.T,2969,23,68287,OK,Yahoo Finance JP full-market screener (delayed)
2026-08-07,11:30:00,2026-08-07 12:00:00,9697.T,4128,7,28896,OK,Yahoo Finance JP full-market screener (delayed)
2026-08-07,11:30:00,2026-08-07 12:00:00,9983.T,79190,2,158380,OK,Yahoo Finance JP full-market screener (delayed)
2026-08-07,13:27:10,2026-08-07 13:00:00,1801.T,12900,3,38700,OK,Yahoo Finance JP full-market screener (delayed)
2026-08-07,13:27:14,2026-08-07 13:00:00,1812.T,5076,14,71064,OK,Yahoo Finance JP full-market screener (delayed)
2026-08-07,13:27:08,2026-08-07 13:00:00,5333.T,5631,5,28155,OK,Yahoo Finance JP full-market screener (delayed)
2026-08-07,13:27:22,2026-08-07 13:00:00,5803.T,4557,8,36456,OK,Yahoo Finance JP full-market screener (delayed)
2026-08-07,13:27:19,2026-08-07 13:00:00,6146.T,58950,1,58950,OK,Yahoo Finance JP full-market screener (delayed)
2026-08-07,13:27:22,2026-08-07 13:00:00,6383.T,6213,6,37278,OK,Yahoo Finance JP full-market screener (delayed)
2026-08-07,13:27:18,2026-08-07 13:00:00,6501.T,5578,15,83670,OK,Yahoo Finance JP full-market screener (delayed)
2026-08-07,13:27:20,2026-08-07 13:00:00,6503.T,5864,14,82096,OK,Yahoo Finance JP full-market screener (delayed)
2026-08-07,13:27:22,2026-08-07 13:00:00,6504.T,14565,6,87390,OK,Yahoo Finance JP full-market screener (delayed)
2026-08-07,13:27:20,2026-08-07 13:00:00,6762.T,3002,23,69046,OK,Yahoo Finance JP full-market screener (delayed)
2026-08-07,13:27:06,2026-08-07 13:00:00,6861.T,84960,2,169920,OK,Yahoo Finance JP full-market screener (delayed)
2026-08-07,13:27:21,2026-08-07 13:00:00,7012.T,2780,25,69500,OK,Yahoo Finance JP full-market screener (delayed)
2026-08-07,13:27:19,2026-08-07 13:00:00,7203.T,2981,23,68563,OK,Yahoo Finance JP full-market screener (delayed)
2026-08-07,13:27:15,2026-08-07 13:00:00,7269.T,1986.5,20,39730,OK,Yahoo Finance JP full-market screener (delayed)
2026-08-07,13:27:13,2026-08-07 13:00:00,7532.T,917,70,64190,OK,Yahoo Finance JP full-market screener (delayed)
2026-08-07,13:27:20,2026-08-07 13:00:00,7832.T,5348,16,85568,OK,Yahoo Finance JP full-market screener (delayed)
2026-08-07,13:27:22,2026-08-07 13:00:00,8035.T,54880,1,54880,OK,Yahoo Finance JP full-market screener (delayed)
2026-08-07,13:27:21,2026-08-07 13:00:00,8306.T,3551,18,63918,OK,Yahoo Finance JP full-market screener (delayed)
2026-08-07,13:27:21,2026-08-07 13:00:00,8316.T,6782,13,88166,OK,Yahoo Finance JP full-market screener (delayed)
2026-08-07,13:27:21,2026-08-07 13:00:00,8411.T,8460,10,84600,OK,Yahoo Finance JP full-market screener (delayed)
2026-08-07,13:27:06,2026-08-07 13:00:00,8591.T,6403,13,83239,OK,Yahoo Finance JP full-market screener (delayed)
2026-08-07,13:27:06,2026-08-07 13:00:00,8630.T,7075,12,84900,OK,Yahoo Finance JP full-market screener (delayed)
2026-08-07,13:27:09,2026-08-07 13:00:00,8750.T,1932,10,19320,OK,Yahoo Finance JP full-market screener (delayed)
2026-08-07,13:27:21,2026-08-07 13:00:00,8766.T,7962,12,95544,OK,Yahoo Finance JP full-market screener (delayed)
2026-08-07,13:27:16,2026-08-07 13:00:00,8795.T,5083,14,71162,OK,Yahoo Finance JP full-market screener (delayed)
2026-08-07,13:27:22,2026-08-07 13:00:00,9432.T,159.1,500,79550,OK,Yahoo Finance JP full-market screener (delayed)
2026-08-07,13:27:20,2026-08-07 13:00:00,9433.T,2965.5,23,68206.5,OK,Yahoo Finance JP full-market screener (delayed)
2026-08-07,13:27:13,2026-08-07 13:00:00,9697.T,4166,7,29162,OK,Yahoo Finance JP full-market screener (delayed)
2026-08-07,13:27:18,2026-08-07 13:00:00,9983.T,79300,2,158600,OK,Yahoo Finance JP full-market screener (delayed)
2026-08-07,14:28:09,2026-08-07 14:00:00,1801.T,12925,3,38775,OK,Yahoo Finance JP full-market screener (delayed)
2026-08-07,14:28:09,2026-08-07 14:00:00,1812.T,5059,14,70826,OK,Yahoo Finance JP full-market screener (delayed)
2026-08-07,14:27:41,2026-08-07 14:00:00,5333.T,5677,5,28385,OK,Yahoo Finance JP full-market screener (delayed)
2026-08-07,14:28:12,2026-08-07 14:00:00,5803.T,5010,8,40080,OK,Yahoo Finance JP full-market screener (delayed)
2026-08-07,14:28:11,2026-08-07 14:00:00,6146.T,59620,1,59620,OK,Yahoo Finance JP full-market screener (delayed)
2026-08-07,14:28:09,2026-08-07 14:00:00,6383.T,6211,6,37266,OK,Yahoo Finance JP full-market screener (delayed)
2026-08-07,14:28:03,2026-08-07 14:00:00,6501.T,5601,15,84015,OK,Yahoo Finance JP full-market screener (delayed)
2026-08-07,14:28:09,2026-08-07 14:00:00,6503.T,5870,14,82180,OK,Yahoo Finance JP full-market screener (delayed)
2026-08-07,14:28:03,2026-08-07 14:00:00,6504.T,14740,6,88440,OK,Yahoo Finance JP full-market screener (delayed)
2026-08-07,14:28:11,2026-08-07 14:00:00,6762.T,3009,23,69207,OK,Yahoo Finance JP full-market screener (delayed)
2026-08-07,14:28:11,2026-08-07 14:00:00,6861.T,85670,2,171340,OK,Yahoo Finance JP full-market screener (delayed)
2026-08-07,14:28:11,2026-08-07 14:00:00,7012.T,2780,25,69500,OK,Yahoo Finance JP full-market screener (delayed)
2026-08-07,14:28:07,2026-08-07 14:00:00,7203.T,2970.5,23,68321.5,OK,Yahoo Finance JP full-market screener (delayed)
2026-08-07,14:28:03,2026-08-07 14:00:00,7269.T,1967,20,39340,OK,Yahoo Finance JP full-market screener (delayed)
2026-08-07,14:28:11,2026-08-07 14:00:00,7532.T,916.8,70,64176,OK,Yahoo Finance JP full-market screener (delayed)
2026-08-07,14:28:09,2026-08-07 14:00:00,7832.T,5372,16,85952,OK,Yahoo Finance JP full-market screener (delayed)
2026-08-07,14:28:11,2026-08-07 14:00:00,8035.T,55110,1,55110,OK,Yahoo Finance JP full-market screener (delayed)
2026-08-07,14:28:11,2026-08-07 14:00:00,8306.T,3569,18,64242,OK,Yahoo Finance JP full-market screener (delayed)
2026-08-07,14:28:12,2026-08-07 14:00:00,8316.T,6789,13,88257,OK,Yahoo Finance JP full-market screener (delayed)
2026-08-07,14:28:12,2026-08-07 14:00:00,8411.T,8485,10,84850,OK,Yahoo Finance JP full-market screener (delayed)
2026-08-07,14:28:06,2026-08-07 14:00:00,8591.T,6372,13,82836,OK,Yahoo Finance JP full-market screener (delayed)
2026-08-07,14:28:02,2026-08-07 14:00:00,8630.T,7064,12,84768,OK,Yahoo Finance JP full-market screener (delayed)
2026-08-07,14:28:07,2026-08-07 14:00:00,8750.T,1929,10,19290,OK,Yahoo Finance JP full-market screener (delayed)
2026-08-07,14:28:03,2026-08-07 14:00:00,8766.T,7952,12,95424,OK,Yahoo Finance JP full-market screener (delayed)
2026-08-07,14:28:06,2026-08-07 14:00:00,8795.T,5051,14,70714,OK,Yahoo Finance JP full-market screener (delayed)
2026-08-07,14:27:58,2026-08-07 14:00:00,9432.T,158.5,500,79250,OK,Yahoo Finance JP full-market screener (delayed)
2026-08-07,14:28:03,2026-08-07 14:00:00,9433.T,2955.5,23,67976.5,OK,Yahoo Finance JP full-market screener (delayed)
2026-08-07,14:28:02,2026-08-07 14:00:00,9697.T,4158,7,29106,OK,Yahoo Finance JP full-market screener (delayed)
2026-08-07,14:27:58,2026-08-07 14:00:00,9983.T,79390,2,158780,OK,Yahoo Finance JP full-market screener (delayed)
2026-08-07,15:30:00,2026-08-07 15:00:00,1801.T,12890,3,38670,OK,Yahoo Finance JP full-market screener (delayed)
2026-08-07,15:30:00,2026-08-07 15:00:00,1812.T,5059,14,70826,OK,Yahoo Finance JP full-market screener (delayed)
2026-08-07,15:30:00,2026-08-07 15:00:00,5333.T,5642,5,28210,OK,Yahoo Finance JP full-market screener (delayed)
2026-08-07,15:30:00,2026-08-07 15:00:00,5803.T,5185,8,41480,OK,Yahoo Finance JP full-market screener (delayed)
2026-08-07,15:30:00,2026-08-07 15:00:00,6146.T,58440,1,58440,OK,Yahoo Finance JP full-market screener (delayed)
2026-08-07,15:30:00,2026-08-07 15:00:00,6383.T,6176,6,37056,OK,Yahoo Finance JP full-market screener (delayed)
2026-08-07,15:30:00,2026-08-07 15:00:00,6501.T,5620,15,84300,OK,Yahoo Finance JP full-market screener (delayed)
2026-08-07,15:30:00,2026-08-07 15:00:00,6503.T,5826,14,81564,OK,Yahoo Finance JP full-market screener (delayed)
2026-08-07,15:30:00,2026-08-07 15:00:00,6504.T,14630,6,87780,OK,Yahoo Finance JP full-market screener (delayed)
2026-08-07,15:30:00,2026-08-07 15:00:00,6762.T,2988,23,68724,OK,Yahoo Finance JP full-market screener (delayed)
2026-08-07,15:30:00,2026-08-07 15:00:00,6861.T,85110,2,170220,OK,Yahoo Finance JP full-market screener (delayed)
2026-08-07,15:30:00,2026-08-07 15:00:00,7012.T,2778.5,25,69462.5,OK,Yahoo Finance JP full-market screener (delayed)
2026-08-07,15:30:00,2026-08-07 15:00:00,7203.T,2980,23,68540,OK,Yahoo Finance JP full-market screener (delayed)
2026-08-07,15:30:00,2026-08-07 15:00:00,7269.T,1956,20,39120,OK,Yahoo Finance JP full-market screener (delayed)
2026-08-07,15:30:00,2026-08-07 15:00:00,7532.T,917.7,70,64239,OK,Yahoo Finance JP full-market screener (delayed)
2026-08-07,15:30:00,2026-08-07 15:00:00,7832.T,5398,16,86368,OK,Yahoo Finance JP full-market screener (delayed)
2026-08-07,15:30:00,2026-08-07 15:00:00,8035.T,54500,1,54500,OK,Yahoo Finance JP full-market screener (delayed)
2026-08-07,15:30:00,2026-08-07 15:00:00,8306.T,3564,18,64152,OK,Yahoo Finance JP full-market screener (delayed)
2026-08-07,15:30:00,2026-08-07 15:00:00,8316.T,6782,13,88166,OK,Yahoo Finance JP full-market screener (delayed)
2026-08-07,15:30:00,2026-08-07 15:00:00,8411.T,8446,10,84460,OK,Yahoo Finance JP full-market screener (delayed)
2026-08-07,15:30:00,2026-08-07 15:00:00,8591.T,6336,13,82368,OK,Yahoo Finance JP full-market screener (delayed)
2026-08-07,15:30:00,2026-08-07 15:00:00,8630.T,7068,12,84816,OK,Yahoo Finance JP full-market screener (delayed)
2026-08-07,15:30:00,2026-08-07 15:00:00,8750.T,1932.5,10,19325,OK,Yahoo Finance JP full-market screener (delayed)
2026-08-07,15:30:00,2026-08-07 15:00:00,8766.T,7939,12,95268,OK,Yahoo Finance JP full-market screener (delayed)
2026-08-07,15:30:00,2026-08-07 15:00:00,8795.T,5006,14,70084,OK,Yahoo Finance JP full-market screener (delayed)
2026-08-07,15:30:00,2026-08-07 15:00:00,9432.T,158.5,500,79250,OK,Yahoo Finance JP full-market screener (delayed)
2026-08-07,15:30:00,2026-08-07 15:00:00,9433.T,2981,23,68563,OK,Yahoo Finance JP full-market screener (delayed)
2026-08-07,15:30:00,2026-08-07 15:00:00,9697.T,4149,7,29043,OK,Yahoo Finance JP full-market screener (delayed)
2026-08-07,15:30:00,2026-08-07 15:00:00,9983.T,79310,2,158620,OK,Yahoo Finance JP full-market screener (delayed)
2026-08-07,15:30:00,2026-08-07 16:00:00,1801.T,12890,3,38670,OK,Yahoo Finance JP full-market screener (delayed)
2026-08-07,15:30:00,2026-08-07 16:00:00,1812.T,5059,14,70826,OK,Yahoo Finance JP full-market screener (delayed)
2026-08-07,15:30:00,2026-08-07 16:00:00,5333.T,5642,5,28210,OK,Yahoo Finance JP full-market screener (delayed)
2026-08-07,15:30:00,2026-08-07 16:00:00,5803.T,5185,8,41480,OK,Yahoo Finance JP full-market screener (delayed)
2026-08-07,15:30:00,2026-08-07 16:00:00,6146.T,58440,1,58440,OK,Yahoo Finance JP full-market screener (delayed)
2026-08-07,15:30:00,2026-08-07 16:00:00,6383.T,6176,6,37056,OK,Yahoo Finance JP full-market screener (delayed)
2026-08-07,15:30:00,2026-08-07 16:00:00,6501.T,5620,15,84300,OK,Yahoo Finance JP full-market screener (delayed)
2026-08-07,15:30:00,2026-08-07 16:00:00,6503.T,5826,14,81564,OK,Yahoo Finance JP full-market screener (delayed)
2026-08-07,15:30:00,2026-08-07 16:00:00,6504.T,14630,6,87780,OK,Yahoo Finance JP full-market screener (delayed)
2026-08-07,15:30:00,2026-08-07 16:00:00,6762.T,2988,23,68724,OK,Yahoo Finance JP full-market screener (delayed)
2026-08-07,15:30:00,2026-08-07 16:00:00,6861.T,85110,2,170220,OK,Yahoo Finance JP full-market screener (delayed)
2026-08-07,15:30:00,2026-08-07 16:00:00,7012.T,2778.5,25,69462.5,OK,Yahoo Finance JP full-market screener (delayed)
2026-08-07,15:30:00,2026-08-07 16:00:00,7203.T,2980,23,68540,OK,Yahoo Finance JP full-market screener (delayed)
2026-08-07,15:30:00,2026-08-07 16:00:00,7269.T,1956,20,39120,OK,Yahoo Finance JP full-market screener (delayed)
2026-08-07,15:30:00,2026-08-07 16:00:00,7532.T,917.7,70,64239,OK,Yahoo Finance JP full-market screener (delayed)
2026-08-07,15:30:00,2026-08-07 16:00:00,7832.T,5398,16,86368,OK,Yahoo Finance JP full-market screener (delayed)
2026-08-07,15:30:00,2026-08-07 16:00:00,8035.T,54500,1,54500,OK,Yahoo Finance JP full-market screener (delayed)
2026-08-07,15:30:00,2026-08-07 16:00:00,8306.T,3564,18,64152,OK,Yahoo Finance JP full-market screener (delayed)
2026-08-07,15:30:00,2026-08-07 16:00:00,8316.T,6782,13,88166,OK,Yahoo Finance JP full-market screener (delayed)
2026-08-07,15:30:00,2026-08-07 16:00:00,8411.T,8446,10,84460,OK,Yahoo Finance JP full-market screener (delayed)
2026-08-07,15:30:00,2026-08-07 16:00:00,8591.T,6336,13,82368,OK,Yahoo Finance JP full-market screener (delayed)
2026-08-07,15:30:00,2026-08-07 16:00:00,8630.T,7068,12,84816,OK,Yahoo Finance JP full-market screener (delayed)
2026-08-07,15:30:00,2026-08-07 16:00:00,8750.T,1932.5,10,19325,OK,Yahoo Finance JP full-market screener (delayed)
2026-08-07,15:30:00,2026-08-07 16:00:00,8766.T,7939,12,95268,OK,Yahoo Finance JP full-market screener (delayed)
2026-08-07,15:30:00,2026-08-07 16:00:00,8795.T,5006,14,70084,OK,Yahoo Finance JP full-market screener (delayed)
2026-08-07,15:30:00,2026-08-07 16:00:00,9432.T,158.5,500,79250,OK,Yahoo Finance JP full-market screener (delayed)
2026-08-07,15:30:00,2026-08-07 16:00:00,9433.T,2981,23,68563,OK,Yahoo Finance JP full-market screener (delayed)
2026-08-07,15:30:00,2026-08-07 16:00:00,9697.T,4149,7,29043,OK,Yahoo Finance JP full-market screener (delayed)
2026-08-07,15:30:00,2026-08-07 16:00:00,9983.T,79310,2,158620,OK,Yahoo Finance JP full-market screener (delayed)
2026-08-07,15:30:00,2026-08-07 17:00:00,1801.T,12890,3,38670,OK,Yahoo Finance JP full-market screener (delayed)
2026-08-07,15:30:00,2026-08-07 17:00:00,1812.T,5059,14,70826,OK,Yahoo Finance JP full-market screener (delayed)
2026-08-07,15:30:00,2026-08-07 17:00:00,5333.T,5642,5,28210,OK,Yahoo Finance JP full-market screener (delayed)
2026-08-07,15:30:00,2026-08-07 17:00:00,5803.T,5185,8,41480,OK,Yahoo Finance JP full-market screener (delayed)
2026-08-07,15:30:00,2026-08-07 17:00:00,6146.T,58440,1,58440,OK,Yahoo Finance JP full-market screener (delayed)
2026-08-07,15:30:00,2026-08-07 17:00:00,6383.T,6176,6,37056,OK,Yahoo Finance JP full-market screener (delayed)
2026-08-07,15:30:00,2026-08-07 17:00:00,6501.T,5620,15,84300,OK,Yahoo Finance JP full-market screener (delayed)
2026-08-07,15:30:00,2026-08-07 17:00:00,6503.T,5826,14,81564,OK,Yahoo Finance JP full-market screener (delayed)
2026-08-07,15:30:00,2026-08-07 17:00:00,6504.T,14630,6,87780,OK,Yahoo Finance JP full-market screener (delayed)
2026-08-07,15:30:00,2026-08-07 17:00:00,6762.T,2988,23,68724,OK,Yahoo Finance JP full-market screener (delayed)
2026-08-07,15:30:00,2026-08-07 17:00:00,6861.T,85110,2,170220,OK,Yahoo Finance JP full-market screener (delayed)
2026-08-07,15:30:00,2026-08-07 17:00:00,7012.T,2778.5,25,69462.5,OK,Yahoo Finance JP full-market screener (delayed)
2026-08-07,15:30:00,2026-08-07 17:00:00,7203.T,2980,23,68540,OK,Yahoo Finance JP full-market screener (delayed)
2026-08-07,15:30:00,2026-08-07 17:00:00,7269.T,1956,20,39120,OK,Yahoo Finance JP full-market screener (delayed)
2026-08-07,15:30:00,2026-08-07 17:00:00,7532.T,917.7,70,64239,OK,Yahoo Finance JP full-market screener (delayed)
2026-08-07,15:30:00,2026-08-07 17:00:00,7832.T,5398,16,86368,OK,Yahoo Finance JP full-market screener (delayed)
2026-08-07,15:30:00,2026-08-07 17:00:00,8035.T,54500,1,54500,OK,Yahoo Finance JP full-market screener (delayed)
2026-08-07,15:30:00,2026-08-07 17:00:00,8306.T,3564,18,64152,OK,Yahoo Finance JP full-market screener (delayed)
2026-08-07,15:30:00,2026-08-07 17:00:00,8316.T,6782,13,88166,OK,Yahoo Finance JP full-market screener (delayed)
2026-08-07,15:30:00,2026-08-07 17:00:00,8411.T,8446,10,84460,OK,Yahoo Finance JP full-market screener (delayed)
2026-08-07,15:30:00,2026-08-07 17:00:00,8591.T,6336,13,82368,OK,Yahoo Finance JP full-market screener (delayed)
2026-08-07,15:30:00,2026-08-07 17:00:00,8630.T,7068,12,84816,OK,Yahoo Finance JP full-market screener (delayed)
2026-08-07,15:30:00,2026-08-07 17:00:00,8750.T,1932.5,10,19325,OK,Yahoo Finance JP full-market screener (delayed)
2026-08-07,15:30:00,2026-08-07 17:00:00,8766.T,7939,12,95268,OK,Yahoo Finance JP full-market screener (delayed)
2026-08-07,15:30:00,2026-08-07 17:00:00,8795.T,5006,14,70084,OK,Yahoo Finance JP full-market screener (delayed)
2026-08-07,15:30:00,2026-08-07 17:00:00,9432.T,158.5,500,79250,OK,Yahoo Finance JP full-market screener (delayed)
2026-08-07,15:30:00,2026-08-07 17:00:00,9433.T,2981,23,68563,OK,Yahoo Finance JP full-market screener (delayed)
2026-08-07,15:30:00,2026-08-07 17:00:00,9697.T,4149,7,29043,OK,Yahoo Finance JP full-market screener (delayed)
2026-08-07,15:30:00,2026-08-07 17:00:00,9983.T,79310,2,158620,OK,Yahoo Finance JP full-market screener (delayed)
2026-08-10,09:04:48,2026-08-10 09:00:00,1801.T,12680,3,38040,OK,Yahoo Finance JP full-market screener (delayed)
2026-08-10,09:05:03,2026-08-10 09:00:00,1812.T,4966,14,69524,OK,Yahoo Finance JP full-market screener (delayed)
2026-08-10,09:04:56,2026-08-10 09:00:00,5333.T,5712,5,28560,OK,Yahoo Finance JP full-market screener (delayed)
2026-08-10,09:05:03,2026-08-10 09:00:00,5803.T,5346,8,42768,OK,Yahoo Finance JP full-market screener (delayed)
2026-08-10,09:05:03,2026-08-10 09:00:00,6146.T,60450,1,60450,OK,Yahoo Finance JP full-market screener (delayed)
2026-08-10,09:05:01,2026-08-10 09:00:00,6383.T,6109,6,36654,OK,Yahoo Finance JP full-market screener (delayed)
2026-08-10,09:05:02,2026-08-10 09:00:00,6501.T,5595,15,83925,OK,Yahoo Finance JP full-market screener (delayed)
2026-08-10,09:05:02,2026-08-10 09:00:00,6503.T,5900,14,82600,OK,Yahoo Finance JP full-market screener (delayed)
2026-08-10,09:05:00,2026-08-10 09:00:00,6504.T,15025,6,90150,OK,Yahoo Finance JP full-market screener (delayed)
2026-08-10,09:05:03,2026-08-10 09:00:00,6762.T,3019,23,69437,OK,Yahoo Finance JP full-market screener (delayed)
2026-08-10,09:04:54,2026-08-10 09:00:00,6861.T,84860,2,169720,OK,Yahoo Finance JP full-market screener (delayed)
2026-08-10,09:05:01,2026-08-10 09:00:00,7012.T,2759,25,68975,OK,Yahoo Finance JP full-market screener (delayed)
2026-08-10,09:05:02,2026-08-10 09:00:00,7203.T,2946.5,23,67769.5,OK,Yahoo Finance JP full-market screener (delayed)
2026-08-10,09:05:02,2026-08-10 09:00:00,7269.T,1962,20,39240,OK,Yahoo Finance JP full-market screener (delayed)
2026-08-10,09:05:03,2026-08-10 09:00:00,7532.T,903.7,70,63259,OK,Yahoo Finance JP full-market screener (delayed)
2026-08-10,09:05:02,2026-08-10 09:00:00,7832.T,5249,16,83984,OK,Yahoo Finance JP full-market screener (delayed)
2026-08-10,09:05:00,2026-08-10 09:00:00,8035.T,56030,1,56030,OK,Yahoo Finance JP full-market screener (delayed)
2026-08-10,09:05:03,2026-08-10 09:00:00,8306.T,3519,18,63342,OK,Yahoo Finance JP full-market screener (delayed)
2026-08-10,09:05:02,2026-08-10 09:00:00,8316.T,6688,13,86944,OK,Yahoo Finance JP full-market screener (delayed)
2026-08-10,09:05:03,2026-08-10 09:00:00,8411.T,8383,10,83830,OK,Yahoo Finance JP full-market screener (delayed)
2026-08-10,09:05:03,2026-08-10 09:00:00,8591.T,6360,13,82680,OK,Yahoo Finance JP full-market screener (delayed)
2026-08-10,09:04:55,2026-08-10 09:00:00,8630.T,6963,12,83556,OK,Yahoo Finance JP full-market screener (delayed)
2026-08-10,09:05:01,2026-08-10 09:00:00,8750.T,1882.5,10,18825,OK,Yahoo Finance JP full-market screener (delayed)
2026-08-10,09:05:03,2026-08-10 09:00:00,8766.T,7832,12,93984,OK,Yahoo Finance JP full-market screener (delayed)
2026-08-10,09:05:02,2026-08-10 09:00:00,8795.T,5010,14,70140,OK,Yahoo Finance JP full-market screener (delayed)
2026-08-10,09:05:03,2026-08-10 09:00:00,9432.T,157.2,500,78600,OK,Yahoo Finance JP full-market screener (delayed)
2026-08-07,15:30:00,2026-08-10 09:00:00,9433.T,2981,23,68563,OK,Yahoo Finance JP full-market screener (delayed)
2026-08-10,09:05:03,2026-08-10 09:00:00,9697.T,4132,7,28924,OK,Yahoo Finance JP full-market screener (delayed)
2026-08-10,09:05:02,2026-08-10 09:00:00,9983.T,77740,2,155480,OK,Yahoo Finance JP full-market screener (delayed)
2026-08-10,10:04:37,2026-08-10 10:00:00,1801.T,12660,3,37980,OK,Yahoo Finance JP full-market screener (delayed)
2026-08-10,10:05:16,2026-08-10 10:00:00,1812.T,4892,14,68488,OK,Yahoo Finance JP full-market screener (delayed)
2026-08-10,10:05:16,2026-08-10 10:00:00,5333.T,5684,5,28420,OK,Yahoo Finance JP full-market screener (delayed)
2026-08-10,10:05:20,2026-08-10 10:00:00,5803.T,5504,8,44032,OK,Yahoo Finance JP full-market screener (delayed)
2026-08-10,10:05:20,2026-08-10 10:00:00,6146.T,61570,1,61570,OK,Yahoo Finance JP full-market screener (delayed)
2026-08-10,10:05:17,2026-08-10 10:00:00,6383.T,6093,6,36558,OK,Yahoo Finance JP full-market screener (delayed)
2026-08-10,10:05:17,2026-08-10 10:00:00,6501.T,5629,15,84435,OK,Yahoo Finance JP full-market screener (delayed)
2026-08-10,10:05:17,2026-08-10 10:00:00,6503.T,5876,14,82264,OK,Yahoo Finance JP full-market screener (delayed)
2026-08-10,10:05:15,2026-08-10 10:00:00,6504.T,14950,6,89700,OK,Yahoo Finance JP full-market screener (delayed)
2026-08-10,10:05:17,2026-08-10 10:00:00,6762.T,3044,23,70012,OK,Yahoo Finance JP full-market screener (delayed)
2026-08-10,10:05:16,2026-08-10 10:00:00,6861.T,84940,2,169880,OK,Yahoo Finance JP full-market screener (delayed)
2026-08-10,10:05:20,2026-08-10 10:00:00,7012.T,2671,25,66775,OK,Yahoo Finance JP full-market screener (delayed)
2026-08-10,10:05:17,2026-08-10 10:00:00,7203.T,2960,23,68080,OK,Yahoo Finance JP full-market screener (delayed)
2026-08-10,10:05:13,2026-08-10 10:00:00,7269.T,2008.5,20,40170,OK,Yahoo Finance JP full-market screener (delayed)
2026-08-10,10:05:17,2026-08-10 10:00:00,7532.T,922.1,70,64547,OK,Yahoo Finance JP full-market screener (delayed)
2026-08-10,10:05:16,2026-08-10 10:00:00,7832.T,5469,16,87504,OK,Yahoo Finance JP full-market screener (delayed)
2026-08-10,10:05:19,2026-08-10 10:00:00,8035.T,56080,1,56080,OK,Yahoo Finance JP full-market screener (delayed)
2026-08-10,10:05:19,2026-08-10 10:00:00,8306.T,3491,18,62838,OK,Yahoo Finance JP full-market screener (delayed)
2026-08-10,10:05:18,2026-08-10 10:00:00,8316.T,6627,13,86151,OK,Yahoo Finance JP full-market screener (delayed)
2026-08-10,10:05:18,2026-08-10 10:00:00,8411.T,8251,10,82510,OK,Yahoo Finance JP full-market screener (delayed)
2026-08-10,10:05:18,2026-08-10 10:00:00,8591.T,6285,13,81705,OK,Yahoo Finance JP full-market screener (delayed)
2026-08-10,10:05:17,2026-08-10 10:00:00,8630.T,6906,12,82872,OK,Yahoo Finance JP full-market screener (delayed)
2026-08-10,10:05:19,2026-08-10 10:00:00,8750.T,1849,10,18490,OK,Yahoo Finance JP full-market screener (delayed)
2026-08-10,10:05:16,2026-08-10 10:00:00,8766.T,7751,12,93012,OK,Yahoo Finance JP full-market screener (delayed)
2026-08-10,10:05:19,2026-08-10 10:00:00,8795.T,4901,14,68614,OK,Yahoo Finance JP full-market screener (delayed)
2026-08-10,10:05:18,2026-08-10 10:00:00,9432.T,158.5,500,79250,OK,Yahoo Finance JP full-market screener (delayed)
2026-08-10,10:05:17,2026-08-10 10:00:00,9433.T,2813.5,23,64710.5,OK,Yahoo Finance JP full-market screener (delayed)
2026-08-10,10:05:16,2026-08-10 10:00:00,9697.T,4234,7,29638,OK,Yahoo Finance JP full-market screener (delayed)
2026-08-10,10:05:10,2026-08-10 10:00:00,9983.T,78380,2,156760,OK,Yahoo Finance JP full-market screener (delayed)
2026-08-10,11:04:56,2026-08-10 11:00:00,1801.T,12830,3,38490,OK,Yahoo Finance JP full-market screener (delayed)
2026-08-10,11:04:53,2026-08-10 11:00:00,1812.T,4929,14,69006,OK,Yahoo Finance JP full-market screener (delayed)
2026-08-10,11:04:53,2026-08-10 11:00:00,5333.T,5680,5,28400,OK,Yahoo Finance JP full-market screener (delayed)
2026-08-10,11:05:00,2026-08-10 11:00:00,5803.T,5672,8,45376,OK,Yahoo Finance JP full-market screener (delayed)
2026-08-10,11:04:59,2026-08-10 11:00:00,6146.T,62860,1,62860,OK,Yahoo Finance JP full-market screener (delayed)
2026-08-10,11:05:00,2026-08-10 11:00:00,6383.T,6144,6,36864,OK,Yahoo Finance JP full-market screener (delayed)
2026-08-10,11:05:00,2026-08-10 11:00:00,6501.T,5677,15,85155,OK,Yahoo Finance JP full-market screener (delayed)
2026-08-10,11:05:01,2026-08-10 11:00:00,6503.T,5916,14,82824,OK,Yahoo Finance JP full-market screener (delayed)
2026-08-10,11:04:33,2026-08-10 11:00:00,6504.T,14925,6,89550,OK,Yahoo Finance JP full-market screener (delayed)
2026-08-10,11:04:59,2026-08-10 11:00:00,6762.T,3029,23,69667,OK,Yahoo Finance JP full-market screener (delayed)
2026-08-10,11:04:35,2026-08-10 11:00:00,6861.T,84970,2,169940,OK,Yahoo Finance JP full-market screener (delayed)
2026-08-10,11:05:00,2026-08-10 11:00:00,7012.T,2676.5,25,66912.5,OK,Yahoo Finance JP full-market screener (delayed)
2026-08-10,11:04:54,2026-08-10 11:00:00,7203.T,2977,23,68471,OK,Yahoo Finance JP full-market screener (delayed)
2026-08-10,11:04:54,2026-08-10 11:00:00,7269.T,2027,20,40540,OK,Yahoo Finance JP full-market screener (delayed)
2026-08-10,11:04:52,2026-08-10 11:00:00,7532.T,927.4,70,64918,OK,Yahoo Finance JP full-market screener (delayed)
2026-08-10,11:05:00,2026-08-10 11:00:00,7832.T,5484,16,87744,OK,Yahoo Finance JP full-market screener (delayed)
2026-08-10,11:04:57,2026-08-10 11:00:00,8035.T,56510,1,56510,OK,Yahoo Finance JP full-market screener (delayed)
2026-08-10,11:05:00,2026-08-10 11:00:00,8306.T,3508,18,63144,OK,Yahoo Finance JP full-market screener (delayed)
2026-08-10,11:04:59,2026-08-10 11:00:00,8316.T,6670,13,86710,OK,Yahoo Finance JP full-market screener (delayed)
2026-08-10,11:05:00,2026-08-10 11:00:00,8411.T,8301,10,83010,OK,Yahoo Finance JP full-market screener (delayed)
2026-08-10,11:04:54,2026-08-10 11:00:00,8591.T,6319,13,82147,OK,Yahoo Finance JP full-market screener (delayed)
2026-08-10,11:04:49,2026-08-10 11:00:00,8630.T,6974,12,83688,OK,Yahoo Finance JP full-market screener (delayed)
2026-08-10,11:05:00,2026-08-10 11:00:00,8750.T,1856,10,18560,OK,Yahoo Finance JP full-market screener (delayed)
2026-08-10,11:04:54,2026-08-10 11:00:00,8766.T,7801,12,93612,OK,Yahoo Finance JP full-market screener (delayed)
2026-08-10,11:05:00,2026-08-10 11:00:00,8795.T,4949,14,69286,OK,Yahoo Finance JP full-market screener (delayed)
2026-08-10,11:04:51,2026-08-10 11:00:00,9432.T,158.6,500,79300,OK,Yahoo Finance JP full-market screener (delayed)
2026-08-10,11:04:49,2026-08-10 11:00:00,9433.T,2817.5,23,64802.5,OK,Yahoo Finance JP full-market screener (delayed)
2026-08-10,11:05:00,2026-08-10 11:00:00,9697.T,4262,7,29834,OK,Yahoo Finance JP full-market screener (delayed)
2026-08-10,11:04:50,2026-08-10 11:00:00,9983.T,79160,2,158320,OK,Yahoo Finance JP full-market screener (delayed)
2026-08-10,11:30:00,2026-08-10 12:00:00,1801.T,12730,3,38190,OK,Yahoo Finance JP full-market screener (delayed)
2026-08-10,11:30:00,2026-08-10 12:00:00,1812.T,4941,14,69174,OK,Yahoo Finance JP full-market screener (delayed)
2026-08-10,11:30:00,2026-08-10 12:00:00,5333.T,5674,5,28370,OK,Yahoo Finance JP full-market screener (delayed)
2026-08-10,11:30:00,2026-08-10 12:00:00,5803.T,5680,8,45440,OK,Yahoo Finance JP full-market screener (delayed)
2026-08-10,11:30:00,2026-08-10 12:00:00,6146.T,62740,1,62740,OK,Yahoo Finance JP full-market screener (delayed)
2026-08-10,11:30:00,2026-08-10 12:00:00,6383.T,6151,6,36906,OK,Yahoo Finance JP full-market screener (delayed)
2026-08-10,11:30:00,2026-08-10 12:00:00,6501.T,5658,15,84870,OK,Yahoo Finance JP full-market screener (delayed)
2026-08-10,11:30:00,2026-08-10 12:00:00,6503.T,5923,14,82922,OK,Yahoo Finance JP full-market screener (delayed)
2026-08-10,11:30:00,2026-08-10 12:00:00,6504.T,14895,6,89370,OK,Yahoo Finance JP full-market screener (delayed)
2026-08-10,11:30:00,2026-08-10 12:00:00,6762.T,3035,23,69805,OK,Yahoo Finance JP full-market screener (delayed)
2026-08-10,11:30:00,2026-08-10 12:00:00,6861.T,85220,2,170440,OK,Yahoo Finance JP full-market screener (delayed)
2026-08-10,11:30:00,2026-08-10 12:00:00,7012.T,2692.5,25,67312.5,OK,Yahoo Finance JP full-market screener (delayed)
2026-08-10,11:30:00,2026-08-10 12:00:00,7203.T,2976,23,68448,OK,Yahoo Finance JP full-market screener (delayed)
2026-08-10,11:30:00,2026-08-10 12:00:00,7269.T,2015,20,40300,OK,Yahoo Finance JP full-market screener (delayed)
2026-08-10,11:30:00,2026-08-10 12:00:00,7532.T,931.9,70,65233,OK,Yahoo Finance JP full-market screener (delayed)
2026-08-10,11:30:00,2026-08-10 12:00:00,7832.T,5467,16,87472,OK,Yahoo Finance JP full-market screener (delayed)
2026-08-10,11:30:00,2026-08-10 12:00:00,8035.T,56390,1,56390,OK,Yahoo Finance JP full-market screener (delayed)
2026-08-10,11:30:00,2026-08-10 12:00:00,8306.T,3507,18,63126,OK,Yahoo Finance JP full-market screener (delayed)
2026-08-10,11:30:00,2026-08-10 12:00:00,8316.T,6670,13,86710,OK,Yahoo Finance JP full-market screener (delayed)
2026-08-10,11:30:00,2026-08-10 12:00:00,8411.T,8290,10,82900,OK,Yahoo Finance JP full-market screener (delayed)
2026-08-10,11:30:00,2026-08-10 12:00:00,8591.T,6273,13,81549,OK,Yahoo Finance JP full-market screener (delayed)
2026-08-10,11:30:00,2026-08-10 12:00:00,8630.T,6987,12,83844,OK,Yahoo Finance JP full-market screener (delayed)
2026-08-10,11:30:00,2026-08-10 12:00:00,8750.T,1862.5,10,18625,OK,Yahoo Finance JP full-market screener (delayed)
2026-08-10,11:30:00,2026-08-10 12:00:00,8766.T,7801,12,93612,OK,Yahoo Finance JP full-market screener (delayed)
2026-08-10,11:30:00,2026-08-10 12:00:00,8795.T,4929,14,69006,OK,Yahoo Finance JP full-market screener (delayed)
2026-08-10,11:30:00,2026-08-10 12:00:00,9432.T,158.8,500,79400,OK,Yahoo Finance JP full-market screener (delayed)
2026-08-10,11:30:00,2026-08-10 12:00:00,9433.T,2820,23,64860,OK,Yahoo Finance JP full-market screener (delayed)
2026-08-10,11:30:00,2026-08-10 12:00:00,9697.T,4230,7,29610,OK,Yahoo Finance JP full-market screener (delayed)
2026-08-10,11:30:00,2026-08-10 12:00:00,9983.T,79040,2,158080,OK,Yahoo Finance JP full-market screener (delayed)
2026-08-10,13:04:58,2026-08-10 13:00:00,1801.T,12680,3,38040,OK,Yahoo Finance JP full-market screener (delayed)
2026-08-10,13:04:59,2026-08-10 13:00:00,1812.T,4888,14,68432,OK,Yahoo Finance JP full-market screener (delayed)
2026-08-10,13:04:45,2026-08-10 13:00:00,5333.T,5653,5,28265,OK,Yahoo Finance JP full-market screener (delayed)
2026-08-10,13:05:04,2026-08-10 13:00:00,5803.T,5692,8,45536,OK,Yahoo Finance JP full-market screener (delayed)
2026-08-10,13:04:57,2026-08-10 13:00:00,6146.T,62870,1,62870,OK,Yahoo Finance JP full-market screener (delayed)
2026-08-10,13:04:59,2026-08-10 13:00:00,6383.T,6117,6,36702,OK,Yahoo Finance JP full-market screener (delayed)
2026-08-10,13:04:51,2026-08-10 13:00:00,6501.T,5661,15,84915,OK,Yahoo Finance JP full-market screener (delayed)
2026-08-10,13:05:04,2026-08-10 13:00:00,6503.T,5870,14,82180,OK,Yahoo Finance JP full-market screener (delayed)
2026-08-10,13:05:03,2026-08-10 13:00:00,6504.T,14770,6,88620,OK,Yahoo Finance JP full-market screener (delayed)
2026-08-10,13:05:03,2026-08-10 13:00:00,6762.T,3032,23,69736,OK,Yahoo Finance JP full-market screener (delayed)
2026-08-10,13:04:49,2026-08-10 13:00:00,6861.T,85000,2,170000,OK,Yahoo Finance JP full-market screener (delayed)
2026-08-10,13:05:04,2026-08-10 13:00:00,7012.T,2687,25,67175,OK,Yahoo Finance JP full-market screener (delayed)
2026-08-10,13:05:02,2026-08-10 13:00:00,7203.T,2974,23,68402,OK,Yahoo Finance JP full-market screener (delayed)
2026-08-10,13:05:02,2026-08-10 13:00:00,7269.T,2018.5,20,40370,OK,Yahoo Finance JP full-market screener (delayed)
2026-08-10,13:05:01,2026-08-10 13:00:00,7532.T,927,70,64890,OK,Yahoo Finance JP full-market screener (delayed)
2026-08-10,13:05:01,2026-08-10 13:00:00,7832.T,5443,16,87088,OK,Yahoo Finance JP full-market screener (delayed)
2026-08-10,13:05:00,2026-08-10 13:00:00,8035.T,56530,1,56530,OK,Yahoo Finance JP full-market screener (delayed)
2026-08-10,13:05:01,2026-08-10 13:00:00,8306.T,3513,18,63234,OK,Yahoo Finance JP full-market screener (delayed)
2026-08-10,13:05:00,2026-08-10 13:00:00,8316.T,6660,13,86580,OK,Yahoo Finance JP full-market screener (delayed)
2026-08-10,13:05:01,2026-08-10 13:00:00,8411.T,8260,10,82600,OK,Yahoo Finance JP full-market screener (delayed)
2026-08-10,13:05:00,2026-08-10 13:00:00,8591.T,6289,13,81757,OK,Yahoo Finance JP full-market screener (delayed)
2026-08-10,13:04:56,2026-08-10 13:00:00,8630.T,6986,12,83832,OK,Yahoo Finance JP full-market screener (delayed)
2026-08-10,13:05:04,2026-08-10 13:00:00,8750.T,1836,10,18360,OK,Yahoo Finance JP full-market screener (delayed)
2026-08-10,13:04:56,2026-08-10 13:00:00,8766.T,7812,12,93744,OK,Yahoo Finance JP full-market screener (delayed)
2026-08-10,13:04:55,2026-08-10 13:00:00,8795.T,4890,14,68460,OK,Yahoo Finance JP full-market screener (delayed)
2026-08-10,13:05:04,2026-08-10 13:00:00,9432.T,158.8,500,79400,OK,Yahoo Finance JP full-market screener (delayed)
2026-08-10,13:05:03,2026-08-10 13:00:00,9433.T,2849.5,23,65538.5,OK,Yahoo Finance JP full-market screener (delayed)
2026-08-10,13:04:37,2026-08-10 13:00:00,9697.T,4214,7,29498,OK,Yahoo Finance JP full-market screener (delayed)
2026-08-10,13:04:37,2026-08-10 13:00:00,9983.T,78860,2,157720,OK,Yahoo Finance JP full-market screener (delayed)
2026-08-10,14:04:47,2026-08-10 14:00:00,1801.T,12720,3,38160,OK,Yahoo Finance JP full-market screener (delayed)
2026-08-10,14:04:52,2026-08-10 14:00:00,1812.T,4881,14,68334,OK,Yahoo Finance JP full-market screener (delayed)
2026-08-10,14:04:43,2026-08-10 14:00:00,5333.T,5673,5,28365,OK,Yahoo Finance JP full-market screener (delayed)
2026-08-10,14:04:53,2026-08-10 14:00:00,5803.T,5657,8,45256,OK,Yahoo Finance JP full-market screener (delayed)
2026-08-10,14:04:51,2026-08-10 14:00:00,6146.T,62890,1,62890,OK,Yahoo Finance JP full-market screener (delayed)
2026-08-10,14:04:53,2026-08-10 14:00:00,6383.T,6181,6,37086,OK,Yahoo Finance JP full-market screener (delayed)
2026-08-10,14:04:52,2026-08-10 14:00:00,6501.T,5654,15,84810,OK,Yahoo Finance JP full-market screener (delayed)
2026-08-10,14:04:53,2026-08-10 14:00:00,6503.T,5825,14,81550,OK,Yahoo Finance JP full-market screener (delayed)
2026-08-10,14:04:51,2026-08-10 14:00:00,6504.T,14660,6,87960,OK,Yahoo Finance JP full-market screener (delayed)
2026-08-10,14:04:52,2026-08-10 14:00:00,6762.T,3029,23,69667,OK,Yahoo Finance JP full-market screener (delayed)
2026-08-10,14:04:40,2026-08-10 14:00:00,6861.T,84810,2,169620,OK,Yahoo Finance JP full-market screener (delayed)
2026-08-10,14:04:52,2026-08-10 14:00:00,7012.T,2680.5,25,67012.5,OK,Yahoo Finance JP full-market screener (delayed)
2026-08-10,14:04:52,2026-08-10 14:00:00,7203.T,2975.5,23,68436.5,OK,Yahoo Finance JP full-market screener (delayed)
2026-08-10,14:04:54,2026-08-10 14:00:00,7269.T,2022,20,40440,OK,Yahoo Finance JP full-market screener (delayed)
2026-08-10,14:04:52,2026-08-10 14:00:00,7532.T,929.4,70,65058,OK,Yahoo Finance JP full-market screener (delayed)
2026-08-10,14:04:52,2026-08-10 14:00:00,7832.T,5459,16,87344,OK,Yahoo Finance JP full-market screener (delayed)
2026-08-10,14:04:51,2026-08-10 14:00:00,8035.T,56350,1,56350,OK,Yahoo Finance JP full-market screener (delayed)
2026-08-10,14:04:54,2026-08-10 14:00:00,8306.T,3513,18,63234,OK,Yahoo Finance JP full-market screener (delayed)
2026-08-10,14:04:52,2026-08-10 14:00:00,8316.T,6665,13,86645,OK,Yahoo Finance JP full-market screener (delayed)
2026-08-10,14:04:49,2026-08-10 14:00:00,8411.T,8269,10,82690,OK,Yahoo Finance JP full-market screener (delayed)
2026-08-10,14:04:52,2026-08-10 14:00:00,8591.T,6263,13,81419,OK,Yahoo Finance JP full-market screener (delayed)
2026-08-10,14:04:50,2026-08-10 14:00:00,8630.T,7008,12,84096,OK,Yahoo Finance JP full-market screener (delayed)
2026-08-10,14:04:53,2026-08-10 14:00:00,8750.T,1837,10,18370,OK,Yahoo Finance JP full-market screener (delayed)
2026-08-10,14:04:52,2026-08-10 14:00:00,8766.T,7806,12,93672,OK,Yahoo Finance JP full-market screener (delayed)
2026-08-10,14:04:45,2026-08-10 14:00:00,8795.T,4896,14,68544,OK,Yahoo Finance JP full-market screener (delayed)
2026-08-10,14:04:53,2026-08-10 14:00:00,9432.T,159.5,500,79750,OK,Yahoo Finance JP full-market screener (delayed)
2026-08-10,14:04:52,2026-08-10 14:00:00,9433.T,2856,23,65688,OK,Yahoo Finance JP full-market screener (delayed)
2026-08-10,14:04:52,2026-08-10 14:00:00,9697.T,4216,7,29512,OK,Yahoo Finance JP full-market screener (delayed)
2026-08-10,14:04:46,2026-08-10 14:00:00,9983.T,78800,2,157600,OK,Yahoo Finance JP full-market screener (delayed)
2026-08-10,15:06:37,2026-08-10 15:00:00,1801.T,12705,3,38115,OK,Yahoo Finance JP full-market screener (delayed)
2026-08-10,15:06:38,2026-08-10 15:00:00,1812.T,4888,14,68432,OK,Yahoo Finance JP full-market screener (delayed)
2026-08-10,15:06:34,2026-08-10 15:00:00,5333.T,5660,5,28300,OK,Yahoo Finance JP full-market screener (delayed)
2026-08-10,15:06:44,2026-08-10 15:00:00,5803.T,5587,8,44696,OK,Yahoo Finance JP full-market screener (delayed)
2026-08-10,15:06:43,2026-08-10 15:00:00,6146.T,62720,1,62720,OK,Yahoo Finance JP full-market screener (delayed)
2026-08-10,15:06:38,2026-08-10 15:00:00,6383.T,6180,6,37080,OK,Yahoo Finance JP full-market screener (delayed)
2026-08-10,15:06:44,2026-08-10 15:00:00,6501.T,5644,15,84660,OK,Yahoo Finance JP full-market screener (delayed)
2026-08-10,15:06:44,2026-08-10 15:00:00,6503.T,5861,14,82054,OK,Yahoo Finance JP full-market screener (delayed)
2026-08-10,15:06:34,2026-08-10 15:00:00,6504.T,14645,6,87870,OK,Yahoo Finance JP full-market screener (delayed)
2026-08-10,15:06:34,2026-08-10 15:00:00,6762.T,3030,23,69690,OK,Yahoo Finance JP full-market screener (delayed)
2026-08-10,15:06:37,2026-08-10 15:00:00,6861.T,84790,2,169580,OK,Yahoo Finance JP full-market screener (delayed)
2026-08-10,15:06:44,2026-08-10 15:00:00,7012.T,2683.5,25,67087.5,OK,Yahoo Finance JP full-market screener (delayed)
2026-08-10,15:06:44,2026-08-10 15:00:00,7203.T,2984,23,68632,OK,Yahoo Finance JP full-market screener (delayed)
2026-08-10,15:06:44,2026-08-10 15:00:00,7269.T,2031.5,20,40630,OK,Yahoo Finance JP full-market screener (delayed)
2026-08-10,15:06:44,2026-08-10 15:00:00,7532.T,931.6,70,65212,OK,Yahoo Finance JP full-market screener (delayed)
2026-08-10,15:06:42,2026-08-10 15:00:00,7832.T,5439,16,87024,OK,Yahoo Finance JP full-market screener (delayed)
2026-08-10,15:06:34,2026-08-10 15:00:00,8035.T,56490,1,56490,OK,Yahoo Finance JP full-market screener (delayed)
2026-08-10,15:06:41,2026-08-10 15:00:00,8306.T,3516,18,63288,OK,Yahoo Finance JP full-market screener (delayed)
2026-08-10,15:06:36,2026-08-10 15:00:00,8316.T,6664,13,86632,OK,Yahoo Finance JP full-market screener (delayed)
2026-08-10,15:06:44,2026-08-10 15:00:00,8411.T,8264,10,82640,OK,Yahoo Finance JP full-market screener (delayed)
2026-08-10,15:06:42,2026-08-10 15:00:00,8591.T,6265,13,81445,OK,Yahoo Finance JP full-market screener (delayed)
2026-08-10,15:06:30,2026-08-10 15:00:00,8630.T,7005,12,84060,OK,Yahoo Finance JP full-market screener (delayed)
2026-08-10,15:06:39,2026-08-10 15:00:00,8750.T,1838,10,18380,OK,Yahoo Finance JP full-market screener (delayed)
2026-08-10,15:06:36,2026-08-10 15:00:00,8766.T,7803,12,93636,OK,Yahoo Finance JP full-market screener (delayed)
2026-08-10,15:06:44,2026-08-10 15:00:00,8795.T,4883,14,68362,OK,Yahoo Finance JP full-market screener (delayed)
2026-08-10,15:06:42,2026-08-10 15:00:00,9432.T,159.5,500,79750,OK,Yahoo Finance JP full-market screener (delayed)
2026-08-10,15:06:44,2026-08-10 15:00:00,9433.T,2858,23,65734,OK,Yahoo Finance JP full-market screener (delayed)
2026-08-10,15:06:44,2026-08-10 15:00:00,9697.T,4209,7,29463,OK,Yahoo Finance JP full-market screener (delayed)
2026-08-10,15:06:37,2026-08-10 15:00:00,9983.T,78780,2,157560,OK,Yahoo Finance JP full-market screener (delayed)
2026-08-10,15:30:00,2026-08-10 16:00:00,1801.T,12635,3,37905,OK,Yahoo Finance JP full-market screener (delayed)
2026-08-10,15:30:00,2026-08-10 16:00:00,1812.T,4902,14,68628,OK,Yahoo Finance JP full-market screener (delayed)
2026-08-10,15:30:00,2026-08-10 16:00:00,5333.T,5690,5,28450,OK,Yahoo Finance JP full-market screener (delayed)
2026-08-10,15:30:00,2026-08-10 16:00:00,5803.T,5580,8,44640,OK,Yahoo Finance JP full-market screener (delayed)
2026-08-10,15:30:00,2026-08-10 16:00:00,6146.T,62980,1,62980,OK,Yahoo Finance JP full-market screener (delayed)
2026-08-10,15:30:00,2026-08-10 16:00:00,6383.T,6154,6,36924,OK,Yahoo Finance JP full-market screener (delayed)
2026-08-10,15:30:00,2026-08-10 16:00:00,6501.T,5620,15,84300,OK,Yahoo Finance JP full-market screener (delayed)
2026-08-10,15:30:00,2026-08-10 16:00:00,6503.T,5844,14,81816,OK,Yahoo Finance JP full-market screener (delayed)
2026-08-10,15:30:00,2026-08-10 16:00:00,6504.T,14630,6,87780,OK,Yahoo Finance JP full-market screener (delayed)
2026-08-10,15:30:00,2026-08-10 16:00:00,6762.T,3045,23,70035,OK,Yahoo Finance JP full-market screener (delayed)
2026-08-10,15:30:00,2026-08-10 16:00:00,6861.T,85000,2,170000,OK,Yahoo Finance JP full-market screener (delayed)
2026-08-10,15:30:00,2026-08-10 16:00:00,7012.T,2694,25,67350,OK,Yahoo Finance JP full-market screener (delayed)
2026-08-10,15:30:00,2026-08-10 16:00:00,7203.T,2981,23,68563,OK,Yahoo Finance JP full-market screener (delayed)
2026-08-10,15:30:00,2026-08-10 16:00:00,7269.T,2028,20,40560,OK,Yahoo Finance JP full-market screener (delayed)
2026-08-10,15:30:00,2026-08-10 16:00:00,7532.T,926.4,70,64848,OK,Yahoo Finance JP full-market screener (delayed)
2026-08-10,15:30:00,2026-08-10 16:00:00,7832.T,5429,16,86864,OK,Yahoo Finance JP full-market screener (delayed)
2026-08-10,15:30:00,2026-08-10 16:00:00,8035.T,56750,1,56750,OK,Yahoo Finance JP full-market screener (delayed)
2026-08-10,15:30:00,2026-08-10 16:00:00,8306.T,3510,18,63180,OK,Yahoo Finance JP full-market screener (delayed)
2026-08-10,15:30:00,2026-08-10 16:00:00,8316.T,6629,13,86177,OK,Yahoo Finance JP full-market screener (delayed)
2026-08-10,15:30:00,2026-08-10 16:00:00,8411.T,8244,10,82440,OK,Yahoo Finance JP full-market screener (delayed)
2026-08-10,15:30:00,2026-08-10 16:00:00,8591.T,6272,13,81536,OK,Yahoo Finance JP full-market screener (delayed)
2026-08-10,15:30:00,2026-08-10 16:00:00,8630.T,6959,12,83508,OK,Yahoo Finance JP full-market screener (delayed)
2026-08-10,15:30:00,2026-08-10 16:00:00,8750.T,1839.5,10,18395,OK,Yahoo Finance JP full-market screener (delayed)
2026-08-10,15:30:00,2026-08-10 16:00:00,8766.T,7752,12,93024,OK,Yahoo Finance JP full-market screener (delayed)
2026-08-10,15:30:00,2026-08-10 16:00:00,8795.T,4847,14,67858,OK,Yahoo Finance JP full-market screener (delayed)
2026-08-10,15:30:00,2026-08-10 16:00:00,9432.T,159.9,500,79950,OK,Yahoo Finance JP full-market screener (delayed)
2026-08-10,15:30:00,2026-08-10 16:00:00,9433.T,2830,23,65090,OK,Yahoo Finance JP full-market screener (delayed)
2026-08-10,15:30:00,2026-08-10 16:00:00,9697.T,4223,7,29561,OK,Yahoo Finance JP full-market screener (delayed)
2026-08-10,15:30:00,2026-08-10 16:00:00,9983.T,78720,2,157440,OK,Yahoo Finance JP full-market screener (delayed)
2026-08-10,15:30:00,2026-08-10 17:00:00,1801.T,12635,3,37905,OK,Yahoo Finance JP full-market screener (delayed)
2026-08-10,15:30:00,2026-08-10 17:00:00,1812.T,4902,14,68628,OK,Yahoo Finance JP full-market screener (delayed)
2026-08-10,15:30:00,2026-08-10 17:00:00,5333.T,5690,5,28450,OK,Yahoo Finance JP full-market screener (delayed)
2026-08-10,15:30:00,2026-08-10 17:00:00,5803.T,5580,8,44640,OK,Yahoo Finance JP full-market screener (delayed)
2026-08-10,15:30:00,2026-08-10 17:00:00,6146.T,62980,1,62980,OK,Yahoo Finance JP full-market screener (delayed)
2026-08-10,15:30:00,2026-08-10 17:00:00,6383.T,6154,6,36924,OK,Yahoo Finance JP full-market screener (delayed)
2026-08-10,15:30:00,2026-08-10 17:00:00,6501.T,5620,15,84300,OK,Yahoo Finance JP full-market screener (delayed)
2026-08-10,15:30:00,2026-08-10 17:00:00,6503.T,5844,14,81816,OK,Yahoo Finance JP full-market screener (delayed)
2026-08-10,15:30:00,2026-08-10 17:00:00,6504.T,14630,6,87780,OK,Yahoo Finance JP full-market screener (delayed)
2026-08-10,15:30:00,2026-08-10 17:00:00,6762.T,3045,23,70035,OK,Yahoo Finance JP full-market screener (delayed)
2026-08-10,15:30:00,2026-08-10 17:00:00,6861.T,85000,2,170000,OK,Yahoo Finance JP full-market screener (delayed)
2026-08-10,15:30:00,2026-08-10 17:00:00,7012.T,2694,25,67350,OK,Yahoo Finance JP full-market screener (delayed)
2026-08-10,15:30:00,2026-08-10 17:00:00,7203.T,2981,23,68563,OK,Yahoo Finance JP full-market screener (delayed)
2026-08-10,15:30:00,2026-08-10 17:00:00,7269.T,2028,20,40560,OK,Yahoo Finance JP full-market screener (delayed)
2026-08-10,15:30:00,2026-08-10 17:00:00,7532.T,926.4,70,64848,OK,Yahoo Finance JP full-market screener (delayed)
2026-08-10,15:30:00,2026-08-10 17:00:00,7832.T,5429,16,86864,OK,Yahoo Finance JP full-market screener (delayed)
2026-08-10,15:30:00,2026-08-10 17:00:00,8035.T,56750,1,56750,OK,Yahoo Finance JP full-market screener (delayed)
2026-08-10,15:30:00,2026-08-10 17:00:00,8306.T,3510,18,63180,OK,Yahoo Finance JP full-market screener (delayed)
2026-08-10,15:30:00,2026-08-10 17:00:00,8316.T,6629,13,86177,OK,Yahoo Finance JP full-market screener (delayed)
2026-08-10,15:30:00,2026-08-10 17:00:00,8411.T,8244,10,82440,OK,Yahoo Finance JP full-market screener (delayed)
2026-08-10,15:30:00,2026-08-10 17:00:00,8591.T,6272,13,81536,OK,Yahoo Finance JP full-market screener (delayed)
2026-08-10,15:30:00,2026-08-10 17:00:00,8630.T,6959,12,83508,OK,Yahoo Finance JP full-market screener (delayed)
2026-08-10,15:30:00,2026-08-10 17:00:00,8750.T,1839.5,10,18395,OK,Yahoo Finance JP full-market screener (delayed)
2026-08-10,15:30:00,2026-08-10 17:00:00,8766.T,7752,12,93024,OK,Yahoo Finance JP full-market screener (delayed)
2026-08-10,15:30:00,2026-08-10 17:00:00,8795.T,4847,14,67858,OK,Yahoo Finance JP full-market screener (delayed)
2026-08-10,15:30:00,2026-08-10 17:00:00,9432.T,159.9,500,79950,OK,Yahoo Finance JP full-market screener (delayed)
2026-08-10,15:30:00,2026-08-10 17:00:00,9433.T,2830,23,65090,OK,Yahoo Finance JP full-market screener (delayed)
2026-08-10,15:30:00,2026-08-10 17:00:00,9697.T,4223,7,29561,OK,Yahoo Finance JP full-market screener (delayed)
2026-08-10,15:30:00,2026-08-10 17:00:00,9983.T,78720,2,157440,OK,Yahoo Finance JP full-market screener (delayed)
2026-08-10,15:30:00,2026-08-11 09:00:00,1801.T,12635,3,37905,OK,Yahoo Finance JP full-market screener (delayed)
2026-08-10,15:30:00,2026-08-11 09:00:00,1812.T,4902,14,68628,OK,Yahoo Finance JP full-market screener (delayed)
2026-08-10,15:30:00,2026-08-11 09:00:00,5333.T,5690,5,28450,OK,Yahoo Finance JP full-market screener (delayed)
2026-08-10,15:30:00,2026-08-11 09:00:00,5803.T,5580,8,44640,OK,Yahoo Finance JP full-market screener (delayed)
2026-08-10,15:30:00,2026-08-11 09:00:00,6146.T,62980,1,62980,OK,Yahoo Finance JP full-market screener (delayed)
2026-08-10,15:30:00,2026-08-11 09:00:00,6383.T,6154,6,36924,OK,Yahoo Finance JP full-market screener (delayed)
2026-08-10,15:30:00,2026-08-11 09:00:00,6501.T,5620,15,84300,OK,Yahoo Finance JP full-market screener (delayed)
2026-08-10,15:30:00,2026-08-11 09:00:00,6503.T,5844,14,81816,OK,Yahoo Finance JP full-market screener (delayed)
2026-08-10,15:30:00,2026-08-11 09:00:00,6504.T,14630,6,87780,OK,Yahoo Finance JP full-market screener (delayed)
2026-08-10,15:30:00,2026-08-11 09:00:00,6762.T,3045,23,70035,OK,Yahoo Finance JP full-market screener (delayed)
2026-08-10,15:30:00,2026-08-11 09:00:00,6861.T,85000,2,170000,OK,Yahoo Finance JP full-market screener (delayed)
2026-08-10,15:30:00,2026-08-11 09:00:00,7012.T,2694,25,67350,OK,Yahoo Finance JP full-market screener (delayed)
2026-08-10,15:30:00,2026-08-11 09:00:00,7203.T,2981,23,68563,OK,Yahoo Finance JP full-market screener (delayed)
2026-08-10,15:30:00,2026-08-11 09:00:00,7269.T,2028,20,40560,OK,Yahoo Finance JP full-market screener (delayed)
2026-08-10,15:30:00,2026-08-11 09:00:00,7532.T,926.4,70,64848,OK,Yahoo Finance JP full-market screener (delayed)
2026-08-10,15:30:00,2026-08-11 09:00:00,7832.T,5429,16,86864,OK,Yahoo Finance JP full-market screener (delayed)
2026-08-10,15:30:00,2026-08-11 09:00:00,8035.T,56750,1,56750,OK,Yahoo Finance JP full-market screener (delayed)
2026-08-10,15:30:00,2026-08-11 09:00:00,8306.T,3510,18,63180,OK,Yahoo Finance JP full-market screener (delayed)
2026-08-10,15:30:00,2026-08-11 09:00:00,8316.T,6629,13,86177,OK,Yahoo Finance JP full-market screener (delayed)
2026-08-10,15:30:00,2026-08-11 09:00:00,8411.T,8244,10,82440,OK,Yahoo Finance JP full-market screener (delayed)
2026-08-10,15:30:00,2026-08-11 09:00:00,8591.T,6272,13,81536,OK,Yahoo Finance JP full-market screener (delayed)
2026-08-10,15:30:00,2026-08-11 09:00:00,8630.T,6959,12,83508,OK,Yahoo Finance JP full-market screener (delayed)
2026-08-10,15:30:00,2026-08-11 09:00:00,8750.T,1839.5,10,18395,OK,Yahoo Finance JP full-market screener (delayed)
2026-08-10,15:30:00,2026-08-11 09:00:00,8766.T,7752,12,93024,OK,Yahoo Finance JP full-market screener (delayed)
2026-08-10,15:30:00,2026-08-11 09:00:00,8795.T,4847,14,67858,OK,Yahoo Finance JP full-market screener (delayed)
2026-08-10,15:30:00,2026-08-11 09:00:00,9432.T,159.9,500,79950,OK,Yahoo Finance JP full-market screener (delayed)
2026-08-10,15:30:00,2026-08-11 09:00:00,9433.T,2830,23,65090,OK,Yahoo Finance JP full-market screener (delayed)
2026-08-10,15:30:00,2026-08-11 09:00:00,9697.T,4223,7,29561,OK,Yahoo Finance JP full-market screener (delayed)
2026-08-10,15:30:00,2026-08-11 09:00:00,9983.T,78720,2,157440,OK,Yahoo Finance JP full-market screener (delayed)
2026-08-10,15:30:00,2026-08-11 10:00:00,1801.T,12635,3,37905,OK,Yahoo Finance JP full-market screener (delayed)
2026-08-10,15:30:00,2026-08-11 10:00:00,1812.T,4902,14,68628,OK,Yahoo Finance JP full-market screener (delayed)
2026-08-10,15:30:00,2026-08-11 10:00:00,5333.T,5690,5,28450,OK,Yahoo Finance JP full-market screener (delayed)
2026-08-10,15:30:00,2026-08-11 10:00:00,5803.T,5580,8,44640,OK,Yahoo Finance JP full-market screener (delayed)
2026-08-10,15:30:00,2026-08-11 10:00:00,6146.T,62980,1,62980,OK,Yahoo Finance JP full-market screener (delayed)
2026-08-10,15:30:00,2026-08-11 10:00:00,6383.T,6154,6,36924,OK,Yahoo Finance JP full-market screener (delayed)
2026-08-10,15:30:00,2026-08-11 10:00:00,6501.T,5620,15,84300,OK,Yahoo Finance JP full-market screener (delayed)
2026-08-10,15:30:00,2026-08-11 10:00:00,6503.T,5844,14,81816,OK,Yahoo Finance JP full-market screener (delayed)
2026-08-10,15:30:00,2026-08-11 10:00:00,6504.T,14630,6,87780,OK,Yahoo Finance JP full-market screener (delayed)
2026-08-10,15:30:00,2026-08-11 10:00:00,6762.T,3045,23,70035,OK,Yahoo Finance JP full-market screener (delayed)
2026-08-10,15:30:00,2026-08-11 10:00:00,6861.T,85000,2,170000,OK,Yahoo Finance JP full-market screener (delayed)
2026-08-10,15:30:00,2026-08-11 10:00:00,7012.T,2694,25,67350,OK,Yahoo Finance JP full-market screener (delayed)
2026-08-10,15:30:00,2026-08-11 10:00:00,7203.T,2981,23,68563,OK,Yahoo Finance JP full-market screener (delayed)
2026-08-10,15:30:00,2026-08-11 10:00:00,7269.T,2028,20,40560,OK,Yahoo Finance JP full-market screener (delayed)
2026-08-10,15:30:00,2026-08-11 10:00:00,7532.T,926.4,70,64848,OK,Yahoo Finance JP full-market screener (delayed)
2026-08-10,15:30:00,2026-08-11 10:00:00,7832.T,5429,16,86864,OK,Yahoo Finance JP full-market screener (delayed)
2026-08-10,15:30:00,2026-08-11 10:00:00,8035.T,56750,1,56750,OK,Yahoo Finance JP full-market screener (delayed)
2026-08-10,15:30:00,2026-08-11 10:00:00,8306.T,3510,18,63180,OK,Yahoo Finance JP full-market screener (delayed)
2026-08-10,15:30:00,2026-08-11 10:00:00,8316.T,6629,13,86177,OK,Yahoo Finance JP full-market screener (delayed)
2026-08-10,15:30:00,2026-08-11 10:00:00,8411.T,8244,10,82440,OK,Yahoo Finance JP full-market screener (delayed)
2026-08-10,15:30:00,2026-08-11 10:00:00,8591.T,6272,13,81536,OK,Yahoo Finance JP full-market screener (delayed)
2026-08-10,15:30:00,2026-08-11 10:00:00,8630.T,6959,12,83508,OK,Yahoo Finance JP full-market screener (delayed)
2026-08-10,15:30:00,2026-08-11 10:00:00,8750.T,1839.5,10,18395,OK,Yahoo Finance JP full-market screener (delayed)
2026-08-10,15:30:00,2026-08-11 10:00:00,8766.T,7752,12,93024,OK,Yahoo Finance JP full-market screener (delayed)
2026-08-10,15:30:00,2026-08-11 10:00:00,8795.T,4847,14,67858,OK,Yahoo Finance JP full-market screener (delayed)
2026-08-10,15:30:00,2026-08-11 10:00:00,9432.T,159.9,500,79950,OK,Yahoo Finance JP full-market screener (delayed)
2026-08-10,15:30:00,2026-08-11 10:00:00,9433.T,2830,23,65090,OK,Yahoo Finance JP full-market screener (delayed)
2026-08-10,15:30:00,2026-08-11 10:00:00,9697.T,4223,7,29561,OK,Yahoo Finance JP full-market screener (delayed)
2026-08-10,15:30:00,2026-08-11 10:00:00,9983.T,78720,2,157440,OK,Yahoo Finance JP full-market screener (delayed)
2026-08-10,15:30:00,2026-08-11 11:00:00,1801.T,12635,3,37905,OK,Yahoo Finance JP full-market screener (delayed)
2026-08-10,15:30:00,2026-08-11 11:00:00,1812.T,4902,14,68628,OK,Yahoo Finance JP full-market screener (delayed)
2026-08-10,15:30:00,2026-08-11 11:00:00,5333.T,5690,5,28450,OK,Yahoo Finance JP full-market screener (delayed)
2026-08-10,15:30:00,2026-08-11 11:00:00,5803.T,5580,8,44640,OK,Yahoo Finance JP full-market screener (delayed)
2026-08-10,15:30:00,2026-08-11 11:00:00,6146.T,62980,1,62980,OK,Yahoo Finance JP full-market screener (delayed)
2026-08-10,15:30:00,2026-08-11 11:00:00,6383.T,6154,6,36924,OK,Yahoo Finance JP full-market screener (delayed)
2026-08-10,15:30:00,2026-08-11 11:00:00,6501.T,5620,15,84300,OK,Yahoo Finance JP full-market screener (delayed)
2026-08-10,15:30:00,2026-08-11 11:00:00,6503.T,5844,14,81816,OK,Yahoo Finance JP full-market screener (delayed)
2026-08-10,15:30:00,2026-08-11 11:00:00,6504.T,14630,6,87780,OK,Yahoo Finance JP full-market screener (delayed)
2026-08-10,15:30:00,2026-08-11 11:00:00,6762.T,3045,23,70035,OK,Yahoo Finance JP full-market screener (delayed)
2026-08-10,15:30:00,2026-08-11 11:00:00,6861.T,85000,2,170000,OK,Yahoo Finance JP full-market screener (delayed)
2026-08-10,15:30:00,2026-08-11 11:00:00,7012.T,2694,25,67350,OK,Yahoo Finance JP full-market screener (delayed)
2026-08-10,15:30:00,2026-08-11 11:00:00,7203.T,2981,23,68563,OK,Yahoo Finance JP full-market screener (delayed)
2026-08-10,15:30:00,2026-08-11 11:00:00,7269.T,2028,20,40560,OK,Yahoo Finance JP full-market screener (delayed)
2026-08-10,15:30:00,2026-08-11 11:00:00,7532.T,926.4,70,64848,OK,Yahoo Finance JP full-market screener (delayed)
2026-08-10,15:30:00,2026-08-11 11:00:00,7832.T,5429,16,86864,OK,Yahoo Finance JP full-market screener (delayed)
2026-08-10,15:30:00,2026-08-11 11:00:00,8035.T,56750,1,56750,OK,Yahoo Finance JP full-market screener (delayed)
2026-08-10,15:30:00,2026-08-11 11:00:00,8306.T,3510,18,63180,OK,Yahoo Finance JP full-market screener (delayed)
2026-08-10,15:30:00,2026-08-11 11:00:00,8316.T,6629,13,86177,OK,Yahoo Finance JP full-market screener (delayed)
2026-08-10,15:30:00,2026-08-11 11:00:00,8411.T,8244,10,82440,OK,Yahoo Finance JP full-market screener (delayed)
2026-08-10,15:30:00,2026-08-11 11:00:00,8591.T,6272,13,81536,OK,Yahoo Finance JP full-market screener (delayed)
2026-08-10,15:30:00,2026-08-11 11:00:00,8630.T,6959,12,83508,OK,Yahoo Finance JP full-market screener (delayed)
2026-08-10,15:30:00,2026-08-11 11:00:00,8750.T,1839.5,10,18395,OK,Yahoo Finance JP full-market screener (delayed)
2026-08-10,15:30:00,2026-08-11 11:00:00,8766.T,7752,12,93024,OK,Yahoo Finance JP full-market screener (delayed)
2026-08-10,15:30:00,2026-08-11 11:00:00,8795.T,4847,14,67858,OK,Yahoo Finance JP full-market screener (delayed)
2026-08-10,15:30:00,2026-08-11 11:00:00,9432.T,159.9,500,79950,OK,Yahoo Finance JP full-market screener (delayed)
2026-08-10,15:30:00,2026-08-11 11:00:00,9433.T,2830,23,65090,OK,Yahoo Finance JP full-market screener (delayed)
2026-08-10,15:30:00,2026-08-11 11:00:00,9697.T,4223,7,29561,OK,Yahoo Finance JP full-market screener (delayed)
2026-08-10,15:30:00,2026-08-11 11:00:00,9983.T,78720,2,157440,OK,Yahoo Finance JP full-market screener (delayed)
2026-08-10,15:30:00,2026-08-11 12:00:00,1801.T,12635,3,37905,OK,Yahoo Finance JP full-market screener (delayed)
2026-08-10,15:30:00,2026-08-11 12:00:00,1812.T,4902,14,68628,OK,Yahoo Finance JP full-market screener (delayed)
2026-08-10,15:30:00,2026-08-11 12:00:00,5333.T,5690,5,28450,OK,Yahoo Finance JP full-market screener (delayed)
2026-08-10,15:30:00,2026-08-11 12:00:00,5803.T,5580,8,44640,OK,Yahoo Finance JP full-market screener (delayed)
2026-08-10,15:30:00,2026-08-11 12:00:00,6146.T,62980,1,62980,OK,Yahoo Finance JP full-market screener (delayed)
2026-08-10,15:30:00,2026-08-11 12:00:00,6383.T,6154,6,36924,OK,Yahoo Finance JP full-market screener (delayed)
2026-08-10,15:30:00,2026-08-11 12:00:00,6501.T,5620,15,84300,OK,Yahoo Finance JP full-market screener (delayed)
2026-08-10,15:30:00,2026-08-11 12:00:00,6503.T,5844,14,81816,OK,Yahoo Finance JP full-market screener (delayed)
2026-08-10,15:30:00,2026-08-11 12:00:00,6504.T,14630,6,87780,OK,Yahoo Finance JP full-market screener (delayed)
2026-08-10,15:30:00,2026-08-11 12:00:00,6762.T,3045,23,70035,OK,Yahoo Finance JP full-market screener (delayed)
2026-08-10,15:30:00,2026-08-11 12:00:00,6861.T,85000,2,170000,OK,Yahoo Finance JP full-market screener (delayed)
2026-08-10,15:30:00,2026-08-11 12:00:00,7012.T,2694,25,67350,OK,Yahoo Finance JP full-market screener (delayed)
2026-08-10,15:30:00,2026-08-11 12:00:00,7203.T,2981,23,68563,OK,Yahoo Finance JP full-market screener (delayed)
2026-08-10,15:30:00,2026-08-11 12:00:00,7269.T,2028,20,40560,OK,Yahoo Finance JP full-market screener (delayed)
2026-08-10,15:30:00,2026-08-11 12:00:00,7532.T,926.4,70,64848,OK,Yahoo Finance JP full-market screener (delayed)
2026-08-10,15:30:00,2026-08-11 12:00:00,7832.T,5429,16,86864,OK,Yahoo Finance JP full-market screener (delayed)
2026-08-10,15:30:00,2026-08-11 12:00:00,8035.T,56750,1,56750,OK,Yahoo Finance JP full-market screener (delayed)
2026-08-10,15:30:00,2026-08-11 12:00:00,8306.T,3510,18,63180,OK,Yahoo Finance JP full-market screener (delayed)
2026-08-10,15:30:00,2026-08-11 12:00:00,8316.T,6629,13,86177,OK,Yahoo Finance JP full-market screener (delayed)
2026-08-10,15:30:00,2026-08-11 12:00:00,8411.T,8244,10,82440,OK,Yahoo Finance JP full-market screener (delayed)
2026-08-10,15:30:00,2026-08-11 12:00:00,8591.T,6272,13,81536,OK,Yahoo Finance JP full-market screener (delayed)
2026-08-10,15:30:00,2026-08-11 12:00:00,8630.T,6959,12,83508,OK,Yahoo Finance JP full-market screener (delayed)
2026-08-10,15:30:00,2026-08-11 12:00:00,8750.T,1839.5,10,18395,OK,Yahoo Finance JP full-market screener (delayed)
2026-08-10,15:30:00,2026-08-11 12:00:00,8766.T,7752,12,93024,OK,Yahoo Finance JP full-market screener (delayed)
2026-08-10,15:30:00,2026-08-11 12:00:00,8795.T,4847,14,67858,OK,Yahoo Finance JP full-market screener (delayed)
2026-08-10,15:30:00,2026-08-11 12:00:00,9432.T,159.9,500,79950,OK,Yahoo Finance JP full-market screener (delayed)
2026-08-10,15:30:00,2026-08-11 12:00:00,9433.T,2830,23,65090,OK,Yahoo Finance JP full-market screener (delayed)
2026-08-10,15:30:00,2026-08-11 12:00:00,9697.T,4223,7,29561,OK,Yahoo Finance JP full-market screener (delayed)
2026-08-10,15:30:00,2026-08-11 12:00:00,9983.T,78720,2,157440,OK,Yahoo Finance JP full-market screener (delayed)
2026-08-10,15:30:00,2026-08-11 13:00:00,1801.T,12635,3,37905,OK,Yahoo Finance JP full-market screener (delayed)
2026-08-10,15:30:00,2026-08-11 13:00:00,1812.T,4902,14,68628,OK,Yahoo Finance JP full-market screener (delayed)
2026-08-10,15:30:00,2026-08-11 13:00:00,5333.T,5690,5,28450,OK,Yahoo Finance JP full-market screener (delayed)
2026-08-10,15:30:00,2026-08-11 13:00:00,5803.T,5580,8,44640,OK,Yahoo Finance JP full-market screener (delayed)
2026-08-10,15:30:00,2026-08-11 13:00:00,6146.T,62980,1,62980,OK,Yahoo Finance JP full-market screener (delayed)
2026-08-10,15:30:00,2026-08-11 13:00:00,6383.T,6154,6,36924,OK,Yahoo Finance JP full-market screener (delayed)
2026-08-10,15:30:00,2026-08-11 13:00:00,6501.T,5620,15,84300,OK,Yahoo Finance JP full-market screener (delayed)
2026-08-10,15:30:00,2026-08-11 13:00:00,6503.T,5844,14,81816,OK,Yahoo Finance JP full-market screener (delayed)
2026-08-10,15:30:00,2026-08-11 13:00:00,6504.T,14630,6,87780,OK,Yahoo Finance JP full-market screener (delayed)
2026-08-10,15:30:00,2026-08-11 13:00:00,6762.T,3045,23,70035,OK,Yahoo Finance JP full-market screener (delayed)
2026-08-10,15:30:00,2026-08-11 13:00:00,6861.T,85000,2,170000,OK,Yahoo Finance JP full-market screener (delayed)
2026-08-10,15:30:00,2026-08-11 13:00:00,7012.T,2694,25,67350,OK,Yahoo Finance JP full-market screener (delayed)
2026-08-10,15:30:00,2026-08-11 13:00:00,7203.T,2981,23,68563,OK,Yahoo Finance JP full-market screener (delayed)
2026-08-10,15:30:00,2026-08-11 13:00:00,7269.T,2028,20,40560,OK,Yahoo Finance JP full-market screener (delayed)
2026-08-10,15:30:00,2026-08-11 13:00:00,7532.T,926.4,70,64848,OK,Yahoo Finance JP full-market screener (delayed)
2026-08-10,15:30:00,2026-08-11 13:00:00,7832.T,5429,16,86864,OK,Yahoo Finance JP full-market screener (delayed)
2026-08-10,15:30:00,2026-08-11 13:00:00,8035.T,56750,1,56750,OK,Yahoo Finance JP full-market screener (delayed)
2026-08-10,15:30:00,2026-08-11 13:00:00,8306.T,3510,18,63180,OK,Yahoo Finance JP full-market screener (delayed)
2026-08-10,15:30:00,2026-08-11 13:00:00,8316.T,6629,13,86177,OK,Yahoo Finance JP full-market screener (delayed)
2026-08-10,15:30:00,2026-08-11 13:00:00,8411.T,8244,10,82440,OK,Yahoo Finance JP full-market screener (delayed)
2026-08-10,15:30:00,2026-08-11 13:00:00,8591.T,6272,13,81536,OK,Yahoo Finance JP full-market screener (delayed)
2026-08-10,15:30:00,2026-08-11 13:00:00,8630.T,6959,12,83508,OK,Yahoo Finance JP full-market screener (delayed)
2026-08-10,15:30:00,2026-08-11 13:00:00,8750.T,1839.5,10,18395,OK,Yahoo Finance JP full-market screener (delayed)
2026-08-10,15:30:00,2026-08-11 13:00:00,8766.T,7752,12,93024,OK,Yahoo Finance JP full-market screener (delayed)
2026-08-10,15:30:00,2026-08-11 13:00:00,8795.T,4847,14,67858,OK,Yahoo Finance JP full-market screener (delayed)
2026-08-10,15:30:00,2026-08-11 13:00:00,9432.T,159.9,500,79950,OK,Yahoo Finance JP full-market screener (delayed)
2026-08-10,15:30:00,2026-08-11 13:00:00,9433.T,2830,23,65090,OK,Yahoo Finance JP full-market screener (delayed)
2026-08-10,15:30:00,2026-08-11 13:00:00,9697.T,4223,7,29561,OK,Yahoo Finance JP full-market screener (delayed)
2026-08-10,15:30:00,2026-08-11 13:00:00,9983.T,78720,2,157440,OK,Yahoo Finance JP full-market screener (delayed)
2026-08-10,15:30:00,2026-08-11 14:00:00,1801.T,12635,3,37905,OK,Yahoo Finance JP full-market screener (delayed)
2026-08-10,15:30:00,2026-08-11 14:00:00,1812.T,4902,14,68628,OK,Yahoo Finance JP full-market screener (delayed)
2026-08-10,15:30:00,2026-08-11 14:00:00,5333.T,5690,5,28450,OK,Yahoo Finance JP full-market screener (delayed)
2026-08-10,15:30:00,2026-08-11 14:00:00,5803.T,5580,8,44640,OK,Yahoo Finance JP full-market screener (delayed)
2026-08-10,15:30:00,2026-08-11 14:00:00,6146.T,62980,1,62980,OK,Yahoo Finance JP full-market screener (delayed)
2026-08-10,15:30:00,2026-08-11 14:00:00,6383.T,6154,6,36924,OK,Yahoo Finance JP full-market screener (delayed)
2026-08-10,15:30:00,2026-08-11 14:00:00,6501.T,5620,15,84300,OK,Yahoo Finance JP full-market screener (delayed)
2026-08-10,15:30:00,2026-08-11 14:00:00,6503.T,5844,14,81816,OK,Yahoo Finance JP full-market screener (delayed)
2026-08-10,15:30:00,2026-08-11 14:00:00,6504.T,14630,6,87780,OK,Yahoo Finance JP full-market screener (delayed)
2026-08-10,15:30:00,2026-08-11 14:00:00,6762.T,3045,23,70035,OK,Yahoo Finance JP full-market screener (delayed)
2026-08-10,15:30:00,2026-08-11 14:00:00,6861.T,85000,2,170000,OK,Yahoo Finance JP full-market screener (delayed)
2026-08-10,15:30:00,2026-08-11 14:00:00,7012.T,2694,25,67350,OK,Yahoo Finance JP full-market screener (delayed)
2026-08-10,15:30:00,2026-08-11 14:00:00,7203.T,2981,23,68563,OK,Yahoo Finance JP full-market screener (delayed)
2026-08-10,15:30:00,2026-08-11 14:00:00,7269.T,2028,20,40560,OK,Yahoo Finance JP full-market screener (delayed)
2026-08-10,15:30:00,2026-08-11 14:00:00,7532.T,926.4,70,64848,OK,Yahoo Finance JP full-market screener (delayed)
2026-08-10,15:30:00,2026-08-11 14:00:00,7832.T,5429,16,86864,OK,Yahoo Finance JP full-market screener (delayed)
2026-08-10,15:30:00,2026-08-11 14:00:00,8035.T,56750,1,56750,OK,Yahoo Finance JP full-market screener (delayed)
2026-08-10,15:30:00,2026-08-11 14:00:00,8306.T,3510,18,63180,OK,Yahoo Finance JP full-market screener (delayed)
2026-08-10,15:30:00,2026-08-11 14:00:00,8316.T,6629,13,86177,OK,Yahoo Finance JP full-market screener (delayed)
2026-08-10,15:30:00,2026-08-11 14:00:00,8411.T,8244,10,82440,OK,Yahoo Finance JP full-market screener (delayed)
2026-08-10,15:30:00,2026-08-11 14:00:00,8591.T,6272,13,81536,OK,Yahoo Finance JP full-market screener (delayed)
2026-08-10,15:30:00,2026-08-11 14:00:00,8630.T,6959,12,83508,OK,Yahoo Finance JP full-market screener (delayed)
2026-08-10,15:30:00,2026-08-11 14:00:00,8750.T,1839.5,10,18395,OK,Yahoo Finance JP full-market screener (delayed)
2026-08-10,15:30:00,2026-08-11 14:00:00,8766.T,7752,12,93024,OK,Yahoo Finance JP full-market screener (delayed)
2026-08-10,15:30:00,2026-08-11 14:00:00,8795.T,4847,14,67858,OK,Yahoo Finance JP full-market screener (delayed)
2026-08-10,15:30:00,2026-08-11 14:00:00,9432.T,159.9,500,79950,OK,Yahoo Finance JP full-market screener (delayed)
2026-08-10,15:30:00,2026-08-11 14:00:00,9433.T,2830,23,65090,OK,Yahoo Finance JP full-market screener (delayed)
2026-08-10,15:30:00,2026-08-11 14:00:00,9697.T,4223,7,29561,OK,Yahoo Finance JP full-market screener (delayed)
2026-08-10,15:30:00,2026-08-11 14:00:00,9983.T,78720,2,157440,OK,Yahoo Finance JP full-market screener (delayed)
2026-08-10,15:30:00,2026-08-11 15:00:00,1801.T,12635,3,37905,OK,Yahoo Finance JP full-market screener (delayed)
2026-08-10,15:30:00,2026-08-11 15:00:00,1812.T,4902,14,68628,OK,Yahoo Finance JP full-market screener (delayed)
2026-08-10,15:30:00,2026-08-11 15:00:00,5333.T,5690,5,28450,OK,Yahoo Finance JP full-market screener (delayed)
2026-08-10,15:30:00,2026-08-11 15:00:00,5803.T,5580,8,44640,OK,Yahoo Finance JP full-market screener (delayed)
2026-08-10,15:30:00,2026-08-11 15:00:00,6146.T,62980,1,62980,OK,Yahoo Finance JP full-market screener (delayed)
2026-08-10,15:30:00,2026-08-11 15:00:00,6383.T,6154,6,36924,OK,Yahoo Finance JP full-market screener (delayed)
2026-08-10,15:30:00,2026-08-11 15:00:00,6501.T,5620,15,84300,OK,Yahoo Finance JP full-market screener (delayed)
2026-08-10,15:30:00,2026-08-11 15:00:00,6503.T,5844,14,81816,OK,Yahoo Finance JP full-market screener (delayed)
2026-08-10,15:30:00,2026-08-11 15:00:00,6504.T,14630,6,87780,OK,Yahoo Finance JP full-market screener (delayed)
2026-08-10,15:30:00,2026-08-11 15:00:00,6762.T,3045,23,70035,OK,Yahoo Finance JP full-market screener (delayed)
2026-08-10,15:30:00,2026-08-11 15:00:00,6861.T,85000,2,170000,OK,Yahoo Finance JP full-market screener (delayed)
2026-08-10,15:30:00,2026-08-11 15:00:00,7012.T,2694,25,67350,OK,Yahoo Finance JP full-market screener (delayed)
2026-08-10,15:30:00,2026-08-11 15:00:00,7203.T,2981,23,68563,OK,Yahoo Finance JP full-market screener (delayed)
2026-08-10,15:30:00,2026-08-11 15:00:00,7269.T,2028,20,40560,OK,Yahoo Finance JP full-market screener (delayed)
2026-08-10,15:30:00,2026-08-11 15:00:00,7532.T,926.4,70,64848,OK,Yahoo Finance JP full-market screener (delayed)
2026-08-10,15:30:00,2026-08-11 15:00:00,7832.T,5429,16,86864,OK,Yahoo Finance JP full-market screener (delayed)
2026-08-10,15:30:00,2026-08-11 15:00:00,8035.T,56750,1,56750,OK,Yahoo Finance JP full-market screener (delayed)
2026-08-10,15:30:00,2026-08-11 15:00:00,8306.T,3510,18,63180,OK,Yahoo Finance JP full-market screener (delayed)
2026-08-10,15:30:00,2026-08-11 15:00:00,8316.T,6629,13,86177,OK,Yahoo Finance JP full-market screener (delayed)
2026-08-10,15:30:00,2026-08-11 15:00:00,8411.T,8244,10,82440,OK,Yahoo Finance JP full-market screener (delayed)
2026-08-10,15:30:00,2026-08-11 15:00:00,8591.T,6272,13,81536,OK,Yahoo Finance JP full-market screener (delayed)
2026-08-10,15:30:00,2026-08-11 15:00:00,8630.T,6959,12,83508,OK,Yahoo Finance JP full-market screener (delayed)
2026-08-10,15:30:00,2026-08-11 15:00:00,8750.T,1839.5,10,18395,OK,Yahoo Finance JP full-market screener (delayed)
2026-08-10,15:30:00,2026-08-11 15:00:00,8766.T,7752,12,93024,OK,Yahoo Finance JP full-market screener (delayed)
2026-08-10,15:30:00,2026-08-11 15:00:00,8795.T,4847,14,67858,OK,Yahoo Finance JP full-market screener (delayed)
2026-08-10,15:30:00,2026-08-11 15:00:00,9432.T,159.9,500,79950,OK,Yahoo Finance JP full-market screener (delayed)
2026-08-10,15:30:00,2026-08-11 15:00:00,9433.T,2830,23,65090,OK,Yahoo Finance JP full-market screener (delayed)
2026-08-10,15:30:00,2026-08-11 15:00:00,9697.T,4223,7,29561,OK,Yahoo Finance JP full-market screener (delayed)
2026-08-10,15:30:00,2026-08-11 15:00:00,9983.T,78720,2,157440,OK,Yahoo Finance JP full-market screener (delayed)
2026-08-10,15:30:00,2026-08-11 16:00:00,1801.T,12635,3,37905,OK,Yahoo Finance JP full-market screener (delayed)
2026-08-10,15:30:00,2026-08-11 16:00:00,1812.T,4902,14,68628,OK,Yahoo Finance JP full-market screener (delayed)
2026-08-10,15:30:00,2026-08-11 16:00:00,5333.T,5690,5,28450,OK,Yahoo Finance JP full-market screener (delayed)
2026-08-10,15:30:00,2026-08-11 16:00:00,5803.T,5580,8,44640,OK,Yahoo Finance JP full-market screener (delayed)
2026-08-10,15:30:00,2026-08-11 16:00:00,6146.T,62980,1,62980,OK,Yahoo Finance JP full-market screener (delayed)
2026-08-10,15:30:00,2026-08-11 16:00:00,6383.T,6154,6,36924,OK,Yahoo Finance JP full-market screener (delayed)
2026-08-10,15:30:00,2026-08-11 16:00:00,6501.T,5620,15,84300,OK,Yahoo Finance JP full-market screener (delayed)
2026-08-10,15:30:00,2026-08-11 16:00:00,6503.T,5844,14,81816,OK,Yahoo Finance JP full-market screener (delayed)
2026-08-10,15:30:00,2026-08-11 16:00:00,6504.T,14630,6,87780,OK,Yahoo Finance JP full-market screener (delayed)
2026-08-10,15:30:00,2026-08-11 16:00:00,6762.T,3045,23,70035,OK,Yahoo Finance JP full-market screener (delayed)
2026-08-10,15:30:00,2026-08-11 16:00:00,6861.T,85000,2,170000,OK,Yahoo Finance JP full-market screener (delayed)
2026-08-10,15:30:00,2026-08-11 16:00:00,7012.T,2694,25,67350,OK,Yahoo Finance JP full-market screener (delayed)
2026-08-10,15:30:00,2026-08-11 16:00:00,7203.T,2981,23,68563,OK,Yahoo Finance JP full-market screener (delayed)
2026-08-10,15:30:00,2026-08-11 16:00:00,7269.T,2028,20,40560,OK,Yahoo Finance JP full-market screener (delayed)
2026-08-10,15:30:00,2026-08-11 16:00:00,7532.T,926.4,70,64848,OK,Yahoo Finance JP full-market screener (delayed)
2026-08-10,15:30:00,2026-08-11 16:00:00,7832.T,5429,16,86864,OK,Yahoo Finance JP full-market screener (delayed)
2026-08-10,15:30:00,2026-08-11 16:00:00,8035.T,56750,1,56750,OK,Yahoo Finance JP full-market screener (delayed)
2026-08-10,15:30:00,2026-08-11 16:00:00,8306.T,3510,18,63180,OK,Yahoo Finance JP full-market screener (delayed)
2026-08-10,15:30:00,2026-08-11 16:00:00,8316.T,6629,13,86177,OK,Yahoo Finance JP full-market screener (delayed)
2026-08-10,15:30:00,2026-08-11 16:00:00,8411.T,8244,10,82440,OK,Yahoo Finance JP full-market screener (delayed)
2026-08-10,15:30:00,2026-08-11 16:00:00,8591.T,6272,13,81536,OK,Yahoo Finance JP full-market screener (delayed)
2026-08-10,15:30:00,2026-08-11 16:00:00,8630.T,6959,12,83508,OK,Yahoo Finance JP full-market screener (delayed)
2026-08-10,15:30:00,2026-08-11 16:00:00,8750.T,1839.5,10,18395,OK,Yahoo Finance JP full-market screener (delayed)
2026-08-10,15:30:00,2026-08-11 16:00:00,8766.T,7752,12,93024,OK,Yahoo Finance JP full-market screener (delayed)
2026-08-10,15:30:00,2026-08-11 16:00:00,8795.T,4847,14,67858,OK,Yahoo Finance JP full-market screener (delayed)
2026-08-10,15:30:00,2026-08-11 16:00:00,9432.T,159.9,500,79950,OK,Yahoo Finance JP full-market screener (delayed)
2026-08-10,15:30:00,2026-08-11 16:00:00,9433.T,2830,23,65090,OK,Yahoo Finance JP full-market screener (delayed)
2026-08-10,15:30:00,2026-08-11 16:00:00,9697.T,4223,7,29561,OK,Yahoo Finance JP full-market screener (delayed)
2026-08-10,15:30:00,2026-08-11 16:00:00,9983.T,78720,2,157440,OK,Yahoo Finance JP full-market screener (delayed)
2026-08-10,15:30:00,2026-08-11 17:00:00,1801.T,12635,3,37905,OK,Yahoo Finance JP full-market screener (delayed)
2026-08-10,15:30:00,2026-08-11 17:00:00,1812.T,4902,14,68628,OK,Yahoo Finance JP full-market screener (delayed)
2026-08-10,15:30:00,2026-08-11 17:00:00,5333.T,5690,5,28450,OK,Yahoo Finance JP full-market screener (delayed)
2026-08-10,15:30:00,2026-08-11 17:00:00,5803.T,5580,8,44640,OK,Yahoo Finance JP full-market screener (delayed)
2026-08-10,15:30:00,2026-08-11 17:00:00,6146.T,62980,1,62980,OK,Yahoo Finance JP full-market screener (delayed)
2026-08-10,15:30:00,2026-08-11 17:00:00,6383.T,6154,6,36924,OK,Yahoo Finance JP full-market screener (delayed)
2026-08-10,15:30:00,2026-08-11 17:00:00,6501.T,5620,15,84300,OK,Yahoo Finance JP full-market screener (delayed)
2026-08-10,15:30:00,2026-08-11 17:00:00,6503.T,5844,14,81816,OK,Yahoo Finance JP full-market screener (delayed)
2026-08-10,15:30:00,2026-08-11 17:00:00,6504.T,14630,6,87780,OK,Yahoo Finance JP full-market screener (delayed)
2026-08-10,15:30:00,2026-08-11 17:00:00,6762.T,3045,23,70035,OK,Yahoo Finance JP full-market screener (delayed)
2026-08-10,15:30:00,2026-08-11 17:00:00,6861.T,85000,2,170000,OK,Yahoo Finance JP full-market screener (delayed)
2026-08-10,15:30:00,2026-08-11 17:00:00,7012.T,2694,25,67350,OK,Yahoo Finance JP full-market screener (delayed)
2026-08-10,15:30:00,2026-08-11 17:00:00,7203.T,2981,23,68563,OK,Yahoo Finance JP full-market screener (delayed)
2026-08-10,15:30:00,2026-08-11 17:00:00,7269.T,2028,20,40560,OK,Yahoo Finance JP full-market screener (delayed)
2026-08-10,15:30:00,2026-08-11 17:00:00,7532.T,926.4,70,64848,OK,Yahoo Finance JP full-market screener (delayed)
2026-08-10,15:30:00,2026-08-11 17:00:00,7832.T,5429,16,86864,OK,Yahoo Finance JP full-market screener (delayed)
2026-08-10,15:30:00,2026-08-11 17:00:00,8035.T,56750,1,56750,OK,Yahoo Finance JP full-market screener (delayed)
2026-08-10,15:30:00,2026-08-11 17:00:00,8306.T,3510,18,63180,OK,Yahoo Finance JP full-market screener (delayed)
2026-08-10,15:30:00,2026-08-11 17:00:00,8316.T,6629,13,86177,OK,Yahoo Finance JP full-market screener (delayed)
2026-08-10,15:30:00,2026-08-11 17:00:00,8411.T,8244,10,82440,OK,Yahoo Finance JP full-market screener (delayed)
2026-08-10,15:30:00,2026-08-11 17:00:00,8591.T,6272,13,81536,OK,Yahoo Finance JP full-market screener (delayed)
2026-08-10,15:30:00,2026-08-11 17:00:00,8630.T,6959,12,83508,OK,Yahoo Finance JP full-market screener (delayed)
2026-08-10,15:30:00,2026-08-11 17:00:00,8750.T,1839.5,10,18395,OK,Yahoo Finance JP full-market screener (delayed)
2026-08-10,15:30:00,2026-08-11 17:00:00,8766.T,7752,12,93024,OK,Yahoo Finance JP full-market screener (delayed)
2026-08-10,15:30:00,2026-08-11 17:00:00,8795.T,4847,14,67858,OK,Yahoo Finance JP full-market screener (delayed)
2026-08-10,15:30:00,2026-08-11 17:00:00,9432.T,159.9,500,79950,OK,Yahoo Finance JP full-market screener (delayed)
2026-08-10,15:30:00,2026-08-11 17:00:00,9433.T,2830,23,65090,OK,Yahoo Finance JP full-market screener (delayed)
2026-08-10,15:30:00,2026-08-11 17:00:00,9697.T,4223,7,29561,OK,Yahoo Finance JP full-market screener (delayed)
2026-08-10,15:30:00,2026-08-11 17:00:00,9983.T,78720,2,157440,OK,Yahoo Finance JP full-market screener (delayed)
2026-08-10,15:30:00,2026-08-12 08:00:00,1801.T,12635,3,37905,OK,Yahoo Finance JP full-market screener (delayed)
2026-08-10,15:30:00,2026-08-12 08:00:00,1812.T,4902,14,68628,OK,Yahoo Finance JP full-market screener (delayed)
2026-08-10,15:30:00,2026-08-12 08:00:00,5333.T,5690,5,28450,OK,Yahoo Finance JP full-market screener (delayed)
2026-08-10,15:30:00,2026-08-12 08:00:00,5803.T,5580,8,44640,OK,Yahoo Finance JP full-market screener (delayed)
2026-08-10,15:30:00,2026-08-12 08:00:00,6146.T,62980,1,62980,OK,Yahoo Finance JP full-market screener (delayed)
2026-08-10,15:30:00,2026-08-12 08:00:00,6383.T,6154,6,36924,OK,Yahoo Finance JP full-market screener (delayed)
2026-08-10,15:30:00,2026-08-12 08:00:00,6501.T,5620,15,84300,OK,Yahoo Finance JP full-market screener (delayed)
2026-08-10,15:30:00,2026-08-12 08:00:00,6503.T,5844,14,81816,OK,Yahoo Finance JP full-market screener (delayed)
2026-08-10,15:30:00,2026-08-12 08:00:00,6504.T,14630,6,87780,OK,Yahoo Finance JP full-market screener (delayed)
2026-08-10,15:30:00,2026-08-12 08:00:00,6762.T,3045,23,70035,OK,Yahoo Finance JP full-market screener (delayed)
2026-08-10,15:30:00,2026-08-12 08:00:00,6861.T,85000,2,170000,OK,Yahoo Finance JP full-market screener (delayed)
2026-08-10,15:30:00,2026-08-12 08:00:00,7012.T,2694,25,67350,OK,Yahoo Finance JP full-market screener (delayed)
2026-08-10,15:30:00,2026-08-12 08:00:00,7203.T,2981,23,68563,OK,Yahoo Finance JP full-market screener (delayed)
2026-08-10,15:30:00,2026-08-12 08:00:00,7269.T,2028,20,40560,OK,Yahoo Finance JP full-market screener (delayed)
2026-08-10,15:30:00,2026-08-12 08:00:00,7532.T,926.4,70,64848,OK,Yahoo Finance JP full-market screener (delayed)
2026-08-10,15:30:00,2026-08-12 08:00:00,7832.T,5429,16,86864,OK,Yahoo Finance JP full-market screener (delayed)
2026-08-10,15:30:00,2026-08-12 08:00:00,8035.T,56750,1,56750,OK,Yahoo Finance JP full-market screener (delayed)
2026-08-10,15:30:00,2026-08-12 08:00:00,8306.T,3510,18,63180,OK,Yahoo Finance JP full-market screener (delayed)
2026-08-10,15:30:00,2026-08-12 08:00:00,8316.T,6629,13,86177,OK,Yahoo Finance JP full-market screener (delayed)
2026-08-10,15:30:00,2026-08-12 08:00:00,8411.T,8244,10,82440,OK,Yahoo Finance JP full-market screener (delayed)
2026-08-10,15:30:00,2026-08-12 08:00:00,8591.T,6272,13,81536,OK,Yahoo Finance JP full-market screener (delayed)
2026-08-10,15:30:00,2026-08-12 08:00:00,8630.T,6959,12,83508,OK,Yahoo Finance JP full-market screener (delayed)
2026-08-10,15:30:00,2026-08-12 08:00:00,8750.T,1839.5,10,18395,OK,Yahoo Finance JP full-market screener (delayed)
2026-08-10,15:30:00,2026-08-12 08:00:00,8766.T,7752,12,93024,OK,Yahoo Finance JP full-market screener (delayed)
2026-08-10,15:30:00,2026-08-12 08:00:00,8795.T,4847,14,67858,OK,Yahoo Finance JP full-market screener (delayed)
2026-08-10,15:30:00,2026-08-12 08:00:00,9432.T,159.9,500,79950,OK,Yahoo Finance JP full-market screener (delayed)
2026-08-10,15:30:00,2026-08-12 08:00:00,9433.T,2830,23,65090,OK,Yahoo Finance JP full-market screener (delayed)
2026-08-10,15:30:00,2026-08-12 08:00:00,9697.T,4223,7,29561,OK,Yahoo Finance JP full-market screener (delayed)
2026-08-10,15:30:00,2026-08-12 08:00:00,9983.T,78720,2,157440,OK,Yahoo Finance JP full-market screener (delayed)
2026-08-12,15:30:00,2026-08-12 20:00:00,1801.T,12835,3,38505,OK,Yahoo Finance JP full-market screener (delayed)
2026-08-12,15:30:00,2026-08-12 20:00:00,1812.T,4868,14,68152,OK,Yahoo Finance JP full-market screener (delayed)
2026-08-12,15:30:00,2026-08-12 20:00:00,5333.T,5763,5,28815,OK,Yahoo Finance JP full-market screener (delayed)
2026-08-12,15:30:00,2026-08-12 20:00:00,5803.T,5800,8,46400,OK,Yahoo Finance JP full-market screener (delayed)
2026-08-12,15:30:00,2026-08-12 20:00:00,6146.T,62960,1,62960,OK,Yahoo Finance JP full-market screener (delayed)
2026-08-12,15:30:00,2026-08-12 20:00:00,6383.T,6190,6,37140,OK,Yahoo Finance JP full-market screener (delayed)
2026-08-12,15:30:00,2026-08-12 20:00:00,6501.T,5669,15,85035,OK,Yahoo Finance JP full-market screener (delayed)
2026-08-12,15:30:00,2026-08-12 20:00:00,6503.T,5892,14,82488,OK,Yahoo Finance JP full-market screener (delayed)
2026-08-12,15:30:00,2026-08-12 20:00:00,6504.T,14490,6,86940,OK,Yahoo Finance JP full-market screener (delayed)
2026-08-12,15:30:00,2026-08-12 20:00:00,6762.T,3114,23,71622,OK,Yahoo Finance JP full-market screener (delayed)
2026-08-12,15:30:00,2026-08-12 20:00:00,6861.T,87200,2,174400,OK,Yahoo Finance JP full-market screener (delayed)
2026-08-12,15:30:00,2026-08-12 20:00:00,7012.T,2775,25,69375,OK,Yahoo Finance JP full-market screener (delayed)
2026-08-12,15:30:00,2026-08-12 20:00:00,7203.T,2999.5,23,68988.5,OK,Yahoo Finance JP full-market screener (delayed)
2026-08-12,15:30:00,2026-08-12 20:00:00,7269.T,2006,20,40120,OK,Yahoo Finance JP full-market screener (delayed)
2026-08-12,15:30:00,2026-08-12 20:00:00,7532.T,930,70,65100,OK,Yahoo Finance JP full-market screener (delayed)
2026-08-12,15:30:00,2026-08-12 20:00:00,7832.T,5362,16,85792,OK,Yahoo Finance JP full-market screener (delayed)
2026-08-12,15:30:00,2026-08-12 20:00:00,8035.T,58230,1,58230,OK,Yahoo Finance JP full-market screener (delayed)
2026-08-12,15:30:00,2026-08-12 20:00:00,8306.T,3606,18,64908,OK,Yahoo Finance JP full-market screener (delayed)
2026-08-12,15:30:00,2026-08-12 20:00:00,8316.T,6857,13,89141,OK,Yahoo Finance JP full-market screener (delayed)
2026-08-12,15:30:00,2026-08-12 20:00:00,8411.T,8502,10,85020,OK,Yahoo Finance JP full-market screener (delayed)
2026-08-12,15:30:00,2026-08-12 20:00:00,8591.T,6351,13,82563,OK,Yahoo Finance JP full-market screener (delayed)
2026-08-12,15:30:00,2026-08-12 20:00:00,8630.T,6984,12,83808,OK,Yahoo Finance JP full-market screener (delayed)
2026-08-12,15:30:00,2026-08-12 20:00:00,8750.T,1877,10,18770,OK,Yahoo Finance JP full-market screener (delayed)
2026-08-12,15:30:00,2026-08-12 20:00:00,8766.T,7751,12,93012,OK,Yahoo Finance JP full-market screener (delayed)
2026-08-12,15:30:00,2026-08-12 20:00:00,8795.T,4913,14,68782,OK,Yahoo Finance JP full-market screener (delayed)
2026-08-12,15:30:00,2026-08-12 20:00:00,9432.T,158.4,500,79200,OK,Yahoo Finance JP full-market screener (delayed)
2026-08-12,15:30:00,2026-08-12 20:00:00,9433.T,2833,23,65159,OK,Yahoo Finance JP full-market screener (delayed)
2026-08-12,15:30:00,2026-08-12 20:00:00,9697.T,4147,7,29029,OK,Yahoo Finance JP full-market screener (delayed)
2026-08-12,15:30:00,2026-08-12 20:00:00,9983.T,78050,2,156100,OK,Yahoo Finance JP full-market screener (delayed)
2026-08-13,10:29:26,2026-08-13 10:00:00,1801.T,12880,3,38640,OK,Yahoo Finance JP full-market screener (delayed)
2026-08-13,10:29:20,2026-08-13 10:00:00,1812.T,4879,14,68306,OK,Yahoo Finance JP full-market screener (delayed)
2026-08-13,10:29:36,2026-08-13 10:00:00,5333.T,6001,5,30005,OK,Yahoo Finance JP full-market screener (delayed)
2026-08-13,10:29:36,2026-08-13 10:00:00,5803.T,5885,8,47080,OK,Yahoo Finance JP full-market screener (delayed)
2026-08-13,10:29:35,2026-08-13 10:00:00,6146.T,65550,1,65550,OK,Yahoo Finance JP full-market screener (delayed)
2026-08-13,10:29:35,2026-08-13 10:00:00,6383.T,6291,6,37746,OK,Yahoo Finance JP full-market screener (delayed)
2026-08-13,10:29:35,2026-08-13 10:00:00,6501.T,5678,15,85170,OK,Yahoo Finance JP full-market screener (delayed)
2026-08-13,10:29:36,2026-08-13 10:00:00,6503.T,5994,14,83916,OK,Yahoo Finance JP full-market screener (delayed)
2026-08-13,10:29:32,2026-08-13 10:00:00,6504.T,14795,6,88770,OK,Yahoo Finance JP full-market screener (delayed)
2026-08-13,10:29:35,2026-08-13 10:00:00,6762.T,3236,23,74428,OK,Yahoo Finance JP full-market screener (delayed)
2026-08-13,10:29:37,2026-08-13 10:00:00,6861.T,86450,2,172900,OK,Yahoo Finance JP full-market screener (delayed)
2026-08-13,10:29:37,2026-08-13 10:00:00,7012.T,2787.5,25,69687.5,OK,Yahoo Finance JP full-market screener (delayed)
2026-08-13,10:29:36,2026-08-13 10:00:00,7203.T,2989,23,68747,OK,Yahoo Finance JP full-market screener (delayed)
2026-08-13,10:29:37,2026-08-13 10:00:00,7269.T,2001.5,20,40030,OK,Yahoo Finance JP full-market screener (delayed)
2026-08-13,10:29:35,2026-08-13 10:00:00,7532.T,921.3,70,64491,OK,Yahoo Finance JP full-market screener (delayed)
2026-08-13,10:29:35,2026-08-13 10:00:00,7832.T,5215,16,83440,OK,Yahoo Finance JP full-market screener (delayed)
2026-08-13,10:29:36,2026-08-13 10:00:00,8035.T,59430,1,59430,OK,Yahoo Finance JP full-market screener (delayed)
2026-08-13,10:29:37,2026-08-13 10:00:00,8306.T,3642,18,65556,OK,Yahoo Finance JP full-market screener (delayed)
2026-08-13,10:29:37,2026-08-13 10:00:00,8316.T,6855,13,89115,OK,Yahoo Finance JP full-market screener (delayed)
2026-08-13,10:29:32,2026-08-13 10:00:00,8411.T,8574,10,85740,OK,Yahoo Finance JP full-market screener (delayed)
2026-08-13,10:29:32,2026-08-13 10:00:00,8591.T,6307,13,81991,OK,Yahoo Finance JP full-market screener (delayed)
2026-08-13,10:29:37,2026-08-13 10:00:00,8630.T,6953,12,83436,OK,Yahoo Finance JP full-market screener (delayed)
2026-08-13,10:29:36,2026-08-13 10:00:00,8750.T,1862.5,10,18625,OK,Yahoo Finance JP full-market screener (delayed)
2026-08-13,10:29:35,2026-08-13 10:00:00,8766.T,7567,12,90804,OK,Yahoo Finance JP full-market screener (delayed)
2026-08-13,10:29:17,2026-08-13 10:00:00,8795.T,4909,14,68726,OK,Yahoo Finance JP full-market screener (delayed)
2026-08-13,10:29:35,2026-08-13 10:00:00,9432.T,159.3,500,79650,OK,Yahoo Finance JP full-market screener (delayed)
2026-08-13,10:29:32,2026-08-13 10:00:00,9433.T,2807,23,64561,OK,Yahoo Finance JP full-market screener (delayed)
2026-08-13,10:29:37,2026-08-13 10:00:00,9697.T,4023,7,28161,OK,Yahoo Finance JP full-market screener (delayed)
2026-08-13,10:29:27,2026-08-13 10:00:00,9983.T,77580,2,155160,OK,Yahoo Finance JP full-market screener (delayed)
2026-08-13,11:28:22,2026-08-13 11:00:00,1801.T,12935,3,38805,OK,Yahoo Finance JP full-market screener (delayed)
2026-08-13,11:28:23,2026-08-13 11:00:00,1812.T,4888,14,68432,OK,Yahoo Finance JP full-market screener (delayed)
2026-08-13,11:28:24,2026-08-13 11:00:00,5333.T,6033,5,30165,OK,Yahoo Finance JP full-market screener (delayed)
2026-08-13,11:28:31,2026-08-13 11:00:00,5803.T,5851,8,46808,OK,Yahoo Finance JP full-market screener (delayed)
2026-08-13,11:28:30,2026-08-13 11:00:00,6146.T,66570,1,66570,OK,Yahoo Finance JP full-market screener (delayed)
2026-08-13,11:28:25,2026-08-13 11:00:00,6383.T,6345,6,38070,OK,Yahoo Finance JP full-market screener (delayed)
2026-08-13,11:28:26,2026-08-13 11:00:00,6501.T,5666,15,84990,OK,Yahoo Finance JP full-market screener (delayed)
2026-08-13,11:28:28,2026-08-13 11:00:00,6503.T,6002,14,84028,OK,Yahoo Finance JP full-market screener (delayed)
2026-08-13,11:27:48,2026-08-13 11:00:00,6504.T,14905,6,89430,OK,Yahoo Finance JP full-market screener (delayed)
2026-08-13,11:28:32,2026-08-13 11:00:00,6762.T,3259,23,74957,OK,Yahoo Finance JP full-market screener (delayed)
2026-08-13,11:28:27,2026-08-13 11:00:00,6861.T,86900,2,173800,OK,Yahoo Finance JP full-market screener (delayed)
2026-08-13,11:28:26,2026-08-13 11:00:00,7012.T,2807,25,70175,OK,Yahoo Finance JP full-market screener (delayed)
2026-08-13,11:28:32,2026-08-13 11:00:00,7203.T,2972.5,23,68367.5,OK,Yahoo Finance JP full-market screener (delayed)
2026-08-13,11:28:31,2026-08-13 11:00:00,7269.T,1989.5,20,39790,OK,Yahoo Finance JP full-market screener (delayed)
2026-08-13,11:28:30,2026-08-13 11:00:00,7532.T,924.1,70,64687,OK,Yahoo Finance JP full-market screener (delayed)
2026-08-13,11:28:30,2026-08-13 11:00:00,7832.T,5221,16,83536,OK,Yahoo Finance JP full-market screener (delayed)
2026-08-13,11:28:32,2026-08-13 11:00:00,8035.T,60400,1,60400,OK,Yahoo Finance JP full-market screener (delayed)
2026-08-13,11:28:19,2026-08-13 11:00:00,8306.T,3631,18,65358,OK,Yahoo Finance JP full-market screener (delayed)
2026-08-13,11:28:28,2026-08-13 11:00:00,8316.T,6836,13,88868,OK,Yahoo Finance JP full-market screener (delayed)
2026-08-13,11:28:26,2026-08-13 11:00:00,8411.T,8546,10,85460,OK,Yahoo Finance JP full-market screener (delayed)
2026-08-13,11:28:27,2026-08-13 11:00:00,8591.T,6342,13,82446,OK,Yahoo Finance JP full-market screener (delayed)
2026-08-13,11:28:30,2026-08-13 11:00:00,8630.T,6941,12,83292,OK,Yahoo Finance JP full-market screener (delayed)
2026-08-13,11:28:22,2026-08-13 11:00:00,8750.T,1859.5,10,18595,OK,Yahoo Finance JP full-market screener (delayed)
2026-08-13,11:28:29,2026-08-13 11:00:00,8766.T,7558,12,90696,OK,Yahoo Finance JP full-market screener (delayed)
2026-08-13,11:28:18,2026-08-13 11:00:00,8795.T,4897,14,68558,OK,Yahoo Finance JP full-market screener (delayed)
2026-08-13,11:28:31,2026-08-13 11:00:00,9432.T,159.2,500,79600,OK,Yahoo Finance JP full-market screener (delayed)
2026-08-13,11:28:32,2026-08-13 11:00:00,9433.T,2810,23,64630,OK,Yahoo Finance JP full-market screener (delayed)
2026-08-13,11:28:24,2026-08-13 11:00:00,9697.T,4019,7,28133,OK,Yahoo Finance JP full-market screener (delayed)
2026-08-13,11:28:32,2026-08-13 11:00:00,9983.T,77400,2,154800,OK,Yahoo Finance JP full-market screener (delayed)
2026-08-13,11:30:00,2026-08-13 12:00:00,1801.T,12940,3,38820,OK,Yahoo Finance JP full-market screener (delayed)
2026-08-13,11:30:00,2026-08-13 12:00:00,1812.T,4893,14,68502,OK,Yahoo Finance JP full-market screener (delayed)
2026-08-13,11:30:00,2026-08-13 12:00:00,5333.T,6039,5,30195,OK,Yahoo Finance JP full-market screener (delayed)
2026-08-13,11:30:00,2026-08-13 12:00:00,5803.T,5858,8,46864,OK,Yahoo Finance JP full-market screener (delayed)
2026-08-13,11:30:00,2026-08-13 12:00:00,6146.T,66580,1,66580,OK,Yahoo Finance JP full-market screener (delayed)
2026-08-13,11:30:00,2026-08-13 12:00:00,6383.T,6347,6,38082,OK,Yahoo Finance JP full-market screener (delayed)
2026-08-13,11:30:00,2026-08-13 12:00:00,6501.T,5665,15,84975,OK,Yahoo Finance JP full-market screener (delayed)
2026-08-13,11:30:00,2026-08-13 12:00:00,6503.T,6010,14,84140,OK,Yahoo Finance JP full-market screener (delayed)
2026-08-13,11:30:00,2026-08-13 12:00:00,6504.T,14900,6,89400,OK,Yahoo Finance JP full-market screener (delayed)
2026-08-13,11:30:00,2026-08-13 12:00:00,6762.T,3259,23,74957,OK,Yahoo Finance JP full-market screener (delayed)
2026-08-13,11:30:00,2026-08-13 12:00:00,6861.T,86840,2,173680,OK,Yahoo Finance JP full-market screener (delayed)
2026-08-13,11:30:00,2026-08-13 12:00:00,7012.T,2809,25,70225,OK,Yahoo Finance JP full-market screener (delayed)
2026-08-13,11:30:00,2026-08-13 12:00:00,7203.T,2973,23,68379,OK,Yahoo Finance JP full-market screener (delayed)
2026-08-13,11:30:00,2026-08-13 12:00:00,7269.T,1990.5,20,39810,OK,Yahoo Finance JP full-market screener (delayed)
2026-08-13,11:30:00,2026-08-13 12:00:00,7532.T,925.5,70,64785,OK,Yahoo Finance JP full-market screener (delayed)
2026-08-13,11:30:00,2026-08-13 12:00:00,7832.T,5219,16,83504,OK,Yahoo Finance JP full-market screener (delayed)
2026-08-13,11:30:00,2026-08-13 12:00:00,8035.T,60400,1,60400,OK,Yahoo Finance JP full-market screener (delayed)
2026-08-13,11:30:00,2026-08-13 12:00:00,8306.T,3631,18,65358,OK,Yahoo Finance JP full-market screener (delayed)
2026-08-13,11:30:00,2026-08-13 12:00:00,8316.T,6844,13,88972,OK,Yahoo Finance JP full-market screener (delayed)
2026-08-13,11:30:00,2026-08-13 12:00:00,8411.T,8555,10,85550,OK,Yahoo Finance JP full-market screener (delayed)
2026-08-13,11:30:00,2026-08-13 12:00:00,8591.T,6348,13,82524,OK,Yahoo Finance JP full-market screener (delayed)
2026-08-13,11:30:00,2026-08-13 12:00:00,8630.T,6940,12,83280,OK,Yahoo Finance JP full-market screener (delayed)
2026-08-13,11:30:00,2026-08-13 12:00:00,8750.T,1859.5,10,18595,OK,Yahoo Finance JP full-market screener (delayed)
2026-08-13,11:30:00,2026-08-13 12:00:00,8766.T,7558,12,90696,OK,Yahoo Finance JP full-market screener (delayed)
2026-08-13,11:30:00,2026-08-13 12:00:00,8795.T,4895,14,68530,OK,Yahoo Finance JP full-market screener (delayed)
2026-08-13,11:30:00,2026-08-13 12:00:00,9432.T,159.3,500,79650,OK,Yahoo Finance JP full-market screener (delayed)
2026-08-13,11:30:00,2026-08-13 12:00:00,9433.T,2810.5,23,64641.5,OK,Yahoo Finance JP full-market screener (delayed)
2026-08-13,11:30:00,2026-08-13 12:00:00,9697.T,4011,7,28077,OK,Yahoo Finance JP full-market screener (delayed)
2026-08-13,11:30:00,2026-08-13 12:00:00,9983.T,77450,2,154900,OK,Yahoo Finance JP full-market screener (delayed)
2026-08-13,13:29:23,2026-08-13 13:00:00,1801.T,12910,3,38730,OK,Yahoo Finance JP full-market screener (delayed)
2026-08-13,13:29:29,2026-08-13 13:00:00,1812.T,4889,14,68446,OK,Yahoo Finance JP full-market screener (delayed)
2026-08-13,13:29:33,2026-08-13 13:00:00,5333.T,6057,5,30285,OK,Yahoo Finance JP full-market screener (delayed)
2026-08-13,13:29:38,2026-08-13 13:00:00,5803.T,5807,8,46456,OK,Yahoo Finance JP full-market screener (delayed)
2026-08-13,13:29:30,2026-08-13 13:00:00,6146.T,66540,1,66540,OK,Yahoo Finance JP full-market screener (delayed)
2026-08-13,13:29:30,2026-08-13 13:00:00,6383.T,6324,6,37944,OK,Yahoo Finance JP full-market screener (delayed)
2026-08-13,13:29:36,2026-08-13 13:00:00,6501.T,5687,15,85305,OK,Yahoo Finance JP full-market screener (delayed)
2026-08-13,13:29:35,2026-08-13 13:00:00,6503.T,5999,14,83986,OK,Yahoo Finance JP full-market screener (delayed)
2026-08-13,13:29:30,2026-08-13 13:00:00,6504.T,14935,6,89610,OK,Yahoo Finance JP full-market screener (delayed)
2026-08-13,13:29:37,2026-08-13 13:00:00,6762.T,3263,23,75049,OK,Yahoo Finance JP full-market screener (delayed)
2026-08-13,13:29:30,2026-08-13 13:00:00,6861.T,86730,2,173460,OK,Yahoo Finance JP full-market screener (delayed)
2026-08-13,13:29:37,2026-08-13 13:00:00,7012.T,2811,25,70275,OK,Yahoo Finance JP full-market screener (delayed)
2026-08-13,13:29:38,2026-08-13 13:00:00,7203.T,2983,23,68609,OK,Yahoo Finance JP full-market screener (delayed)
2026-08-13,13:29:33,2026-08-13 13:00:00,7269.T,1999,20,39980,OK,Yahoo Finance JP full-market screener (delayed)
2026-08-13,13:29:34,2026-08-13 13:00:00,7532.T,924.1,70,64687,OK,Yahoo Finance JP full-market screener (delayed)
2026-08-13,13:29:37,2026-08-13 13:00:00,7832.T,5271,16,84336,OK,Yahoo Finance JP full-market screener (delayed)
2026-08-13,13:29:32,2026-08-13 13:00:00,8035.T,60030,1,60030,OK,Yahoo Finance JP full-market screener (delayed)
2026-08-13,13:29:36,2026-08-13 13:00:00,8306.T,3669,18,66042,OK,Yahoo Finance JP full-market screener (delayed)
2026-08-13,13:29:33,2026-08-13 13:00:00,8316.T,6904,13,89752,OK,Yahoo Finance JP full-market screener (delayed)
2026-08-13,13:29:34,2026-08-13 13:00:00,8411.T,8662,10,86620,OK,Yahoo Finance JP full-market screener (delayed)
2026-08-13,13:29:32,2026-08-13 13:00:00,8591.T,6381,13,82953,OK,Yahoo Finance JP full-market screener (delayed)
2026-08-13,13:29:32,2026-08-13 13:00:00,8630.T,7016,12,84192,OK,Yahoo Finance JP full-market screener (delayed)
2026-08-13,13:29:31,2026-08-13 13:00:00,8750.T,1872.5,10,18725,OK,Yahoo Finance JP full-market screener (delayed)
2026-08-13,13:29:37,2026-08-13 13:00:00,8766.T,7613,12,91356,OK,Yahoo Finance JP full-market screener (delayed)
2026-08-13,13:29:37,2026-08-13 13:00:00,8795.T,4923,14,68922,OK,Yahoo Finance JP full-market screener (delayed)
2026-08-13,13:29:37,2026-08-13 13:00:00,9432.T,159.9,500,79950,OK,Yahoo Finance JP full-market screener (delayed)
2026-08-13,13:29:32,2026-08-13 13:00:00,9433.T,2817,23,64791,OK,Yahoo Finance JP full-market screener (delayed)
2026-08-13,13:29:30,2026-08-13 13:00:00,9697.T,4024,7,28168,OK,Yahoo Finance JP full-market screener (delayed)
2026-08-13,13:29:31,2026-08-13 13:00:00,9983.T,77650,2,155300,OK,Yahoo Finance JP full-market screener (delayed)
2026-08-13,14:29:11,2026-08-13 14:00:00,1801.T,12880,3,38640,OK,Yahoo Finance JP full-market screener (delayed)
2026-08-13,14:29:18,2026-08-13 14:00:00,1812.T,4878,14,68292,OK,Yahoo Finance JP full-market screener (delayed)
2026-08-13,14:29:19,2026-08-13 14:00:00,5333.T,6061,5,30305,OK,Yahoo Finance JP full-market screener (delayed)
2026-08-13,14:29:24,2026-08-13 14:00:00,5803.T,5798,8,46384,OK,Yahoo Finance JP full-market screener (delayed)
2026-08-13,14:29:16,2026-08-13 14:00:00,6146.T,67100,1,67100,OK,Yahoo Finance JP full-market screener (delayed)
2026-08-13,14:29:23,2026-08-13 14:00:00,6383.T,6343,6,38058,OK,Yahoo Finance JP full-market screener (delayed)
2026-08-13,14:29:18,2026-08-13 14:00:00,6501.T,5700,15,85500,OK,Yahoo Finance JP full-market screener (delayed)
2026-08-13,14:29:19,2026-08-13 14:00:00,6503.T,6023,14,84322,OK,Yahoo Finance JP full-market screener (delayed)
2026-08-13,14:29:18,2026-08-13 14:00:00,6504.T,14960,6,89760,OK,Yahoo Finance JP full-market screener (delayed)
2026-08-13,14:29:24,2026-08-13 14:00:00,6762.T,3266,23,75118,OK,Yahoo Finance JP full-market screener (delayed)
2026-08-13,14:29:02,2026-08-13 14:00:00,6861.T,86890,2,173780,OK,Yahoo Finance JP full-market screener (delayed)
2026-08-13,14:29:23,2026-08-13 14:00:00,7012.T,2814.5,25,70362.5,OK,Yahoo Finance JP full-market screener (delayed)
2026-08-13,14:29:22,2026-08-13 14:00:00,7203.T,2982.5,23,68597.5,OK,Yahoo Finance JP full-market screener (delayed)
2026-08-13,14:29:15,2026-08-13 14:00:00,7269.T,1997.5,20,39950,OK,Yahoo Finance JP full-market screener (delayed)
2026-08-13,14:29:11,2026-08-13 14:00:00,7532.T,927,70,64890,OK,Yahoo Finance JP full-market screener (delayed)
2026-08-13,14:29:18,2026-08-13 14:00:00,7832.T,5259,16,84144,OK,Yahoo Finance JP full-market screener (delayed)
2026-08-13,14:29:16,2026-08-13 14:00:00,8035.T,60140,1,60140,OK,Yahoo Finance JP full-market screener (delayed)
2026-08-13,14:29:24,2026-08-13 14:00:00,8306.T,3702,18,66636,OK,Yahoo Finance JP full-market screener (delayed)
2026-08-13,14:29:22,2026-08-13 14:00:00,8316.T,6959,13,90467,OK,Yahoo Finance JP full-market screener (delayed)
2026-08-13,14:29:21,2026-08-13 14:00:00,8411.T,8736,10,87360,OK,Yahoo Finance JP full-market screener (delayed)
2026-08-13,14:29:18,2026-08-13 14:00:00,8591.T,6373,13,82849,OK,Yahoo Finance JP full-market screener (delayed)
2026-08-13,14:29:11,2026-08-13 14:00:00,8630.T,7029,12,84348,OK,Yahoo Finance JP full-market screener (delayed)
2026-08-13,14:29:09,2026-08-13 14:00:00,8750.T,1883.5,10,18835,OK,Yahoo Finance JP full-market screener (delayed)
2026-08-13,14:29:13,2026-08-13 14:00:00,8766.T,7625,12,91500,OK,Yahoo Finance JP full-market screener (delayed)
2026-08-13,14:29:04,2026-08-13 14:00:00,8795.T,4959,14,69426,OK,Yahoo Finance JP full-market screener (delayed)
2026-08-13,14:29:23,2026-08-13 14:00:00,9432.T,160.2,500,80100,OK,Yahoo Finance JP full-market screener (delayed)
2026-08-13,14:29:20,2026-08-13 14:00:00,9433.T,2825,23,64975,OK,Yahoo Finance JP full-market screener (delayed)
2026-08-13,14:29:04,2026-08-13 14:00:00,9697.T,4022,7,28154,OK,Yahoo Finance JP full-market screener (delayed)
2026-08-13,14:29:04,2026-08-13 14:00:00,9983.T,77720,2,155440,OK,Yahoo Finance JP full-market screener (delayed)
2026-08-13,15:30:00,2026-08-13 15:00:00,1801.T,12900,3,38700,OK,Yahoo Finance JP full-market screener (delayed)
2026-08-13,15:30:00,2026-08-13 15:00:00,1812.T,4868,14,68152,OK,Yahoo Finance JP full-market screener (delayed)
2026-08-13,15:30:00,2026-08-13 15:00:00,5333.T,6006,5,30030,OK,Yahoo Finance JP full-market screener (delayed)
2026-08-13,15:30:00,2026-08-13 15:00:00,5803.T,5760,8,46080,OK,Yahoo Finance JP full-market screener (delayed)
2026-08-13,15:30:00,2026-08-13 15:00:00,6146.T,65830,1,65830,OK,Yahoo Finance JP full-market screener (delayed)
2026-08-13,15:30:00,2026-08-13 15:00:00,6383.T,6322,6,37932,OK,Yahoo Finance JP full-market screener (delayed)
2026-08-13,15:30:00,2026-08-13 15:00:00,6501.T,5702,15,85530,OK,Yahoo Finance JP full-market screener (delayed)
2026-08-13,15:30:00,2026-08-13 15:00:00,6503.T,6020,14,84280,OK,Yahoo Finance JP full-market screener (delayed)
2026-08-13,15:30:00,2026-08-13 15:00:00,6504.T,14970,6,89820,OK,Yahoo Finance JP full-market screener (delayed)
2026-08-13,15:30:00,2026-08-13 15:00:00,6762.T,3235,23,74405,OK,Yahoo Finance JP full-market screener (delayed)
2026-08-13,15:30:00,2026-08-13 15:00:00,6861.T,86630,2,173260,OK,Yahoo Finance JP full-market screener (delayed)
2026-08-13,15:30:00,2026-08-13 15:00:00,7012.T,2818,25,70450,OK,Yahoo Finance JP full-market screener (delayed)
2026-08-13,15:30:00,2026-08-13 15:00:00,7203.T,2985,23,68655,OK,Yahoo Finance JP full-market screener (delayed)
2026-08-13,15:30:00,2026-08-13 15:00:00,7269.T,2000.5,20,40010,OK,Yahoo Finance JP full-market screener (delayed)
2026-08-13,15:30:00,2026-08-13 15:00:00,7532.T,926.3,70,64841,OK,Yahoo Finance JP full-market screener (delayed)
2026-08-13,15:30:00,2026-08-13 15:00:00,7832.T,5252,16,84032,OK,Yahoo Finance JP full-market screener (delayed)
2026-08-13,15:30:00,2026-08-13 15:00:00,8035.T,59470,1,59470,OK,Yahoo Finance JP full-market screener (delayed)
2026-08-13,15:30:00,2026-08-13 15:00:00,8306.T,3709,18,66762,OK,Yahoo Finance JP full-market screener (delayed)
2026-08-13,15:30:00,2026-08-13 15:00:00,8316.T,6969,13,90597,OK,Yahoo Finance JP full-market screener (delayed)
2026-08-13,15:30:00,2026-08-13 15:00:00,8411.T,8775,10,87750,OK,Yahoo Finance JP full-market screener (delayed)
2026-08-13,15:30:00,2026-08-13 15:00:00,8591.T,6372,13,82836,OK,Yahoo Finance JP full-market screener (delayed)
2026-08-13,15:30:00,2026-08-13 15:00:00,8630.T,7029,12,84348,OK,Yahoo Finance JP full-market screener (delayed)
2026-08-13,15:30:00,2026-08-13 15:00:00,8750.T,1884,10,18840,OK,Yahoo Finance JP full-market screener (delayed)
2026-08-13,15:30:00,2026-08-13 15:00:00,8766.T,7622,12,91464,OK,Yahoo Finance JP full-market screener (delayed)
2026-08-13,15:30:00,2026-08-13 15:00:00,8795.T,4927,14,68978,OK,Yahoo Finance JP full-market screener (delayed)
2026-08-13,15:30:00,2026-08-13 15:00:00,9432.T,160.5,500,80250,OK,Yahoo Finance JP full-market screener (delayed)
2026-08-13,15:30:00,2026-08-13 15:00:00,9433.T,2830,23,65090,OK,Yahoo Finance JP full-market screener (delayed)
2026-08-13,15:30:00,2026-08-13 15:00:00,9697.T,4028,7,28196,OK,Yahoo Finance JP full-market screener (delayed)
2026-08-13,15:30:00,2026-08-13 15:00:00,9983.T,77350,2,154700,OK,Yahoo Finance JP full-market screener (delayed)
2026-08-13,15:30:00,2026-08-14 08:00:00,1801.T,12900,3,38700,OK,Yahoo Finance JP full-market screener (delayed)
2026-08-13,15:30:00,2026-08-14 08:00:00,1812.T,4868,14,68152,OK,Yahoo Finance JP full-market screener (delayed)
2026-08-13,15:30:00,2026-08-14 08:00:00,5333.T,6006,5,30030,OK,Yahoo Finance JP full-market screener (delayed)
2026-08-13,15:30:00,2026-08-14 08:00:00,5803.T,5760,8,46080,OK,Yahoo Finance JP full-market screener (delayed)
2026-08-13,15:30:00,2026-08-14 08:00:00,6146.T,65830,1,65830,OK,Yahoo Finance JP full-market screener (delayed)
2026-08-13,15:30:00,2026-08-14 08:00:00,6383.T,6322,6,37932,OK,Yahoo Finance JP full-market screener (delayed)
2026-08-13,15:30:00,2026-08-14 08:00:00,6501.T,5702,15,85530,OK,Yahoo Finance JP full-market screener (delayed)
2026-08-13,15:30:00,2026-08-14 08:00:00,6503.T,6020,14,84280,OK,Yahoo Finance JP full-market screener (delayed)
2026-08-13,15:30:00,2026-08-14 08:00:00,6504.T,14970,6,89820,OK,Yahoo Finance JP full-market screener (delayed)
2026-08-13,15:30:00,2026-08-14 08:00:00,6762.T,3235,23,74405,OK,Yahoo Finance JP full-market screener (delayed)
2026-08-13,15:30:00,2026-08-14 08:00:00,6861.T,86630,2,173260,OK,Yahoo Finance JP full-market screener (delayed)
2026-08-13,15:30:00,2026-08-14 08:00:00,7012.T,2818,25,70450,OK,Yahoo Finance JP full-market screener (delayed)
2026-08-13,15:30:00,2026-08-14 08:00:00,7203.T,2985,23,68655,OK,Yahoo Finance JP full-market screener (delayed)
2026-08-13,15:30:00,2026-08-14 08:00:00,7269.T,2000.5,20,40010,OK,Yahoo Finance JP full-market screener (delayed)
2026-08-13,15:30:00,2026-08-14 08:00:00,7532.T,926.3,70,64841,OK,Yahoo Finance JP full-market screener (delayed)
2026-08-13,15:30:00,2026-08-14 08:00:00,7832.T,5252,16,84032,OK,Yahoo Finance JP full-market screener (delayed)
2026-08-13,15:30:00,2026-08-14 08:00:00,8035.T,59470,1,59470,OK,Yahoo Finance JP full-market screener (delayed)
2026-08-13,15:30:00,2026-08-14 08:00:00,8306.T,3709,18,66762,OK,Yahoo Finance JP full-market screener (delayed)
2026-08-13,15:30:00,2026-08-14 08:00:00,8316.T,6969,13,90597,OK,Yahoo Finance JP full-market screener (delayed)
2026-08-13,15:30:00,2026-08-14 08:00:00,8411.T,8775,10,87750,OK,Yahoo Finance JP full-market screener (delayed)
2026-08-13,15:30:00,2026-08-14 08:00:00,8591.T,6372,13,82836,OK,Yahoo Finance JP full-market screener (delayed)
2026-08-13,15:30:00,2026-08-14 08:00:00,8630.T,7029,12,84348,OK,Yahoo Finance JP full-market screener (delayed)
2026-08-13,15:30:00,2026-08-14 08:00:00,8750.T,1884,10,18840,OK,Yahoo Finance JP full-market screener (delayed)
2026-08-13,15:30:00,2026-08-14 08:00:00,8766.T,7622,12,91464,OK,Yahoo Finance JP full-market screener (delayed)
2026-08-13,15:30:00,2026-08-14 08:00:00,8795.T,4927,14,68978,OK,Yahoo Finance JP full-market screener (delayed)
2026-08-13,15:30:00,2026-08-14 08:00:00,9432.T,160.5,500,80250,OK,Yahoo Finance JP full-market screener (delayed)
2026-08-13,15:30:00,2026-08-14 08:00:00,9433.T,2830,23,65090,OK,Yahoo Finance JP full-market screener (delayed)
2026-08-13,15:30:00,2026-08-14 08:00:00,9697.T,4028,7,28196,OK,Yahoo Finance JP full-market screener (delayed)
2026-08-13,15:30:00,2026-08-14 08:00:00,9983.T,77350,2,154700,OK,Yahoo Finance JP full-market screener (delayed)
2026-08-14,09:31:44,2026-08-14 09:00:00,1801.T,12855,3,38565,OK,Yahoo Finance JP full-market screener (delayed)
2026-08-14,09:31:45,2026-08-14 09:00:00,1812.T,4906,14,68684,OK,Yahoo Finance JP full-market screener (delayed)
2026-08-14,09:31:44,2026-08-14 09:00:00,5333.T,5996,5,29980,OK,Yahoo Finance JP full-market screener (delayed)
2026-08-14,09:31:48,2026-08-14 09:00:00,5803.T,5745,8,45960,OK,Yahoo Finance JP full-market screener (delayed)
2026-08-14,09:31:42,2026-08-14 09:00:00,6146.T,66870,1,66870,OK,Yahoo Finance JP full-market screener (delayed)
2026-08-14,09:31:48,2026-08-14 09:00:00,6383.T,6388,6,38328,OK,Yahoo Finance JP full-market screener (delayed)
2026-08-14,09:31:44,2026-08-14 09:00:00,6501.T,5760,15,86400,OK,Yahoo Finance JP full-market screener (delayed)
2026-08-14,09:31:44,2026-08-14 09:00:00,6503.T,6242,14,87388,OK,Yahoo Finance JP full-market screener (delayed)
2026-08-14,09:31:41,2026-08-14 09:00:00,6504.T,15000,6,90000,OK,Yahoo Finance JP full-market screener (delayed)
2026-08-14,09:31:45,2026-08-14 09:00:00,6762.T,3250,23,74750,OK,Yahoo Finance JP full-market screener (delayed)
2026-08-14,09:31:40,2026-08-14 09:00:00,6861.T,86890,2,173780,OK,Yahoo Finance JP full-market screener (delayed)
2026-08-14,09:31:47,2026-08-14 09:00:00,7012.T,2866.5,25,71662.5,OK,Yahoo Finance JP full-market screener (delayed)
2026-08-14,09:31:48,2026-08-14 09:00:00,7203.T,3001,23,69023,OK,Yahoo Finance JP full-market screener (delayed)
2026-08-14,09:31:47,2026-08-14 09:00:00,7269.T,2055.5,20,41110,OK,Yahoo Finance JP full-market screener (delayed)
2026-08-14,09:31:40,2026-08-14 09:00:00,7532.T,916.8,70,64176,OK,Yahoo Finance JP full-market screener (delayed)
2026-08-14,09:31:40,2026-08-14 09:00:00,7832.T,5326,16,85216,OK,Yahoo Finance JP full-market screener (delayed)
2026-08-14,09:31:48,2026-08-14 09:00:00,8035.T,60270,1,60270,OK,Yahoo Finance JP full-market screener (delayed)
2026-08-14,09:31:48,2026-08-14 09:00:00,8306.T,3692,18,66456,OK,Yahoo Finance JP full-market screener (delayed)
2026-08-14,09:31:47,2026-08-14 09:00:00,8316.T,6993,13,90909,OK,Yahoo Finance JP full-market screener (delayed)
2026-08-14,09:31:47,2026-08-14 09:00:00,8411.T,8784,10,87840,OK,Yahoo Finance JP full-market screener (delayed)
2026-08-14,09:31:45,2026-08-14 09:00:00,8591.T,6464,13,84032,OK,Yahoo Finance JP full-market screener (delayed)
2026-08-14,09:31:47,2026-08-14 09:00:00,8630.T,7047,12,84564,OK,Yahoo Finance JP full-market screener (delayed)
2026-08-14,09:31:43,2026-08-14 09:00:00,8750.T,1880.5,10,18805,OK,Yahoo Finance JP full-market screener (delayed)
2026-08-14,09:31:47,2026-08-14 09:00:00,8766.T,7583,12,90996,OK,Yahoo Finance JP full-market screener (delayed)
2026-08-14,09:31:47,2026-08-14 09:00:00,8795.T,4948,14,69272,OK,Yahoo Finance JP full-market screener (delayed)
2026-08-14,09:31:45,2026-08-14 09:00:00,9432.T,159.9,500,79950,OK,Yahoo Finance JP full-market screener (delayed)
2026-08-14,09:31:43,2026-08-14 09:00:00,9433.T,2850.5,23,65561.5,OK,Yahoo Finance JP full-market screener (delayed)
2026-08-14,09:31:45,2026-08-14 09:00:00,9697.T,4083,7,28581,OK,Yahoo Finance JP full-market screener (delayed)
2026-08-14,09:31:40,2026-08-14 09:00:00,9983.T,77450,2,154900,OK,Yahoo Finance JP full-market screener (delayed)
2026-08-14,10:04:54,2026-08-14 10:00:00,1801.T,12910,3,38730,OK,Yahoo Finance JP full-market screener (delayed)
2026-08-14,10:05:03,2026-08-14 10:00:00,1812.T,4936,14,69104,OK,Yahoo Finance JP full-market screener (delayed)
2026-08-14,10:05:02,2026-08-14 10:00:00,5333.T,5910,5,29550,OK,Yahoo Finance JP full-market screener (delayed)
2026-08-14,10:05:04,2026-08-14 10:00:00,5803.T,5717,8,45736,OK,Yahoo Finance JP full-market screener (delayed)
2026-08-14,10:05:04,2026-08-14 10:00:00,6146.T,65850,1,65850,OK,Yahoo Finance JP full-market screener (delayed)
2026-08-14,10:04:59,2026-08-14 10:00:00,6383.T,6356,6,38136,OK,Yahoo Finance JP full-market screener (delayed)
2026-08-14,10:05:03,2026-08-14 10:00:00,6501.T,5806,15,87090,OK,Yahoo Finance JP full-market screener (delayed)
2026-08-14,10:05:02,2026-08-14 10:00:00,6503.T,6198,14,86772,OK,Yahoo Finance JP full-market screener (delayed)
2026-08-14,10:04:59,2026-08-14 10:00:00,6504.T,14920,6,89520,OK,Yahoo Finance JP full-market screener (delayed)
2026-08-14,10:05:04,2026-08-14 10:00:00,6762.T,3227,23,74221,OK,Yahoo Finance JP full-market screener (delayed)
2026-08-14,10:04:56,2026-08-14 10:00:00,6861.T,87000,2,174000,OK,Yahoo Finance JP full-market screener (delayed)
2026-08-14,10:05:03,2026-08-14 10:00:00,7012.T,2845.5,25,71137.5,OK,Yahoo Finance JP full-market screener (delayed)
2026-08-14,10:05:03,2026-08-14 10:00:00,7203.T,3012,23,69276,OK,Yahoo Finance JP full-market screener (delayed)
2026-08-14,10:05:00,2026-08-14 10:00:00,7269.T,2055.5,20,41110,OK,Yahoo Finance JP full-market screener (delayed)
2026-08-14,10:05:00,2026-08-14 10:00:00,7532.T,918.5,70,64295,OK,Yahoo Finance JP full-market screener (delayed)
2026-08-14,10:05:00,2026-08-14 10:00:00,7832.T,5386,16,86176,OK,Yahoo Finance JP full-market screener (delayed)
2026-08-14,10:05:03,2026-08-14 10:00:00,8035.T,59450,1,59450,OK,Yahoo Finance JP full-market screener (delayed)
2026-08-14,10:05:04,2026-08-14 10:00:00,8306.T,3711,18,66798,OK,Yahoo Finance JP full-market screener (delayed)
2026-08-14,10:05:03,2026-08-14 10:00:00,8316.T,7006,13,91078,OK,Yahoo Finance JP full-market screener (delayed)
2026-08-14,10:04:59,2026-08-14 10:00:00,8411.T,8776,10,87760,OK,Yahoo Finance JP full-market screener (delayed)
2026-08-14,10:05:00,2026-08-14 10:00:00,8591.T,6458,13,83954,OK,Yahoo Finance JP full-market screener (delayed)
2026-08-14,10:05:03,2026-08-14 10:00:00,8630.T,7091,12,85092,OK,Yahoo Finance JP full-market screener (delayed)
2026-08-14,10:05:03,2026-08-14 10:00:00,8750.T,1884,10,18840,OK,Yahoo Finance JP full-market screener (delayed)
2026-08-14,10:05:00,2026-08-14 10:00:00,8766.T,7593,12,91116,OK,Yahoo Finance JP full-market screener (delayed)
2026-08-14,10:05:03,2026-08-14 10:00:00,8795.T,4951,14,69314,OK,Yahoo Finance JP full-market screener (delayed)
2026-08-14,10:05:03,2026-08-14 10:00:00,9432.T,160.7,500,80350,OK,Yahoo Finance JP full-market screener (delayed)
2026-08-14,10:05:01,2026-08-14 10:00:00,9433.T,2862,23,65826,OK,Yahoo Finance JP full-market screener (delayed)
2026-08-14,10:05:00,2026-08-14 10:00:00,9697.T,4135,7,28945,OK,Yahoo Finance JP full-market screener (delayed)
2026-08-14,10:04:59,2026-08-14 10:00:00,9983.T,77270,2,154540,OK,Yahoo Finance JP full-market screener (delayed)
2026-08-14,15:04:33,2026-08-14 15:00:00,1801.T,12965,3,38895,OK,Yahoo Finance JP full-market screener (delayed)
2026-08-14,15:04:56,2026-08-14 15:00:00,1812.T,4946,14,69244,OK,Yahoo Finance JP full-market screener (delayed)
2026-08-14,15:04:50,2026-08-14 15:00:00,5333.T,5920,5,29600,OK,Yahoo Finance JP full-market screener (delayed)
2026-08-14,15:05:05,2026-08-14 15:00:00,5803.T,5692,8,45536,OK,Yahoo Finance JP full-market screener (delayed)
2026-08-14,15:04:59,2026-08-14 15:00:00,6146.T,65060,1,65060,OK,Yahoo Finance JP full-market screener (delayed)
2026-08-14,15:05:05,2026-08-14 15:00:00,6383.T,6259,6,37554,OK,Yahoo Finance JP full-market screener (delayed)
2026-08-14,15:04:48,2026-08-14 15:00:00,6501.T,5751,15,86265,OK,Yahoo Finance JP full-market screener (delayed)
2026-08-14,15:05:02,2026-08-14 15:00:00,6503.T,6178,14,86492,OK,Yahoo Finance JP full-market screener (delayed)
2026-08-14,15:05:03,2026-08-14 15:00:00,6504.T,14790,6,88740,OK,Yahoo Finance JP full-market screener (delayed)
2026-08-14,15:05:03,2026-08-14 15:00:00,6762.T,3202,23,73646,OK,Yahoo Finance JP full-market screener (delayed)
2026-08-14,15:04:48,2026-08-14 15:00:00,6861.T,87480,2,174960,OK,Yahoo Finance JP full-market screener (delayed)
2026-08-14,15:05:04,2026-08-14 15:00:00,7012.T,2840.5,25,71012.5,OK,Yahoo Finance JP full-market screener (delayed)
2026-08-14,15:04:45,2026-08-14 15:00:00,7203.T,3020,23,69460,OK,Yahoo Finance JP full-market screener (delayed)
2026-08-14,15:05:04,2026-08-14 15:00:00,7269.T,2080.5,20,41610,OK,Yahoo Finance JP full-market screener (delayed)
2026-08-14,15:05:01,2026-08-14 15:00:00,7532.T,928.1,70,64967,OK,Yahoo Finance JP full-market screener (delayed)
2026-08-14,15:05:04,2026-08-14 15:00:00,7832.T,5437,16,86992,OK,Yahoo Finance JP full-market screener (delayed)
2026-08-14,15:05:05,2026-08-14 15:00:00,8035.T,59160,1,59160,OK,Yahoo Finance JP full-market screener (delayed)
2026-08-14,15:05:03,2026-08-14 15:00:00,8306.T,3676,18,66168,OK,Yahoo Finance JP full-market screener (delayed)
2026-08-14,15:05:01,2026-08-14 15:00:00,8316.T,6952,13,90376,OK,Yahoo Finance JP full-market screener (delayed)
2026-08-14,15:05:05,2026-08-14 15:00:00,8411.T,8656,10,86560,OK,Yahoo Finance JP full-market screener (delayed)
2026-08-14,15:05:04,2026-08-14 15:00:00,8591.T,6396,13,83148,OK,Yahoo Finance JP full-market screener (delayed)
2026-08-14,15:04:57,2026-08-14 15:00:00,8630.T,7027,12,84324,OK,Yahoo Finance JP full-market screener (delayed)
2026-08-14,15:05:04,2026-08-14 15:00:00,8750.T,1858.5,10,18585,OK,Yahoo Finance JP full-market screener (delayed)
2026-08-14,15:04:58,2026-08-14 15:00:00,8766.T,7551,12,90612,OK,Yahoo Finance JP full-market screener (delayed)
2026-08-14,15:05:01,2026-08-14 15:00:00,8795.T,4895,14,68530,OK,Yahoo Finance JP full-market screener (delayed)
2026-08-14,15:05:03,2026-08-14 15:00:00,9432.T,162.4,500,81200,OK,Yahoo Finance JP full-market screener (delayed)
2026-08-14,15:05:04,2026-08-14 15:00:00,9433.T,2869,23,65987,OK,Yahoo Finance JP full-market screener (delayed)
2026-08-14,15:05:03,2026-08-14 15:00:00,9697.T,4180,7,29260,OK,Yahoo Finance JP full-market screener (delayed)
2026-08-14,15:05:02,2026-08-14 15:00:00,9983.T,77100,2,154200,OK,Yahoo Finance JP full-market screener (delayed)
2026-08-14,15:30:00,2026-08-14 16:00:00,1801.T,13050,3,39150,OK,Yahoo Finance JP full-market screener (delayed)
2026-08-14,15:30:00,2026-08-14 16:00:00,1812.T,4937,14,69118,OK,Yahoo Finance JP full-market screener (delayed)
2026-08-14,15:30:00,2026-08-14 16:00:00,5333.T,5925,5,29625,OK,Yahoo Finance JP full-market screener (delayed)
2026-08-14,15:30:00,2026-08-14 16:00:00,5803.T,5665,8,45320,OK,Yahoo Finance JP full-market screener (delayed)
2026-08-14,15:30:00,2026-08-14 16:00:00,6146.T,65470,1,65470,OK,Yahoo Finance JP full-market screener (delayed)
2026-08-14,15:30:00,2026-08-14 16:00:00,6383.T,6303,6,37818,OK,Yahoo Finance JP full-market screener (delayed)
2026-08-14,15:30:00,2026-08-14 16:00:00,6501.T,5767,15,86505,OK,Yahoo Finance JP full-market screener (delayed)
2026-08-14,15:30:00,2026-08-14 16:00:00,6503.T,6153,14,86142,OK,Yahoo Finance JP full-market screener (delayed)
2026-08-14,15:30:00,2026-08-14 16:00:00,6504.T,14900,6,89400,OK,Yahoo Finance JP full-market screener (delayed)
2026-08-14,15:30:00,2026-08-14 16:00:00,6762.T,3210,23,73830,OK,Yahoo Finance JP full-market screener (delayed)
2026-08-14,15:30:00,2026-08-14 16:00:00,6861.T,87660,2,175320,OK,Yahoo Finance JP full-market screener (delayed)
2026-08-14,15:30:00,2026-08-14 16:00:00,7012.T,2849.5,25,71237.5,OK,Yahoo Finance JP full-market screener (delayed)
2026-08-14,15:30:00,2026-08-14 16:00:00,7203.T,3020,23,69460,OK,Yahoo Finance JP full-market screener (delayed)
2026-08-14,15:30:00,2026-08-14 16:00:00,7269.T,2086.5,20,41730,OK,Yahoo Finance JP full-market screener (delayed)
2026-08-14,15:30:00,2026-08-14 16:00:00,7532.T,926.4,70,64848,OK,Yahoo Finance JP full-market screener (delayed)
2026-08-14,15:30:00,2026-08-14 16:00:00,7832.T,5435,16,86960,OK,Yahoo Finance JP full-market screener (delayed)
2026-08-14,15:30:00,2026-08-14 16:00:00,8035.T,59130,1,59130,OK,Yahoo Finance JP full-market screener (delayed)
2026-08-14,15:30:00,2026-08-14 16:00:00,8306.T,3686,18,66348,OK,Yahoo Finance JP full-market screener (delayed)
2026-08-14,15:30:00,2026-08-14 16:00:00,8316.T,6969,13,90597,OK,Yahoo Finance JP full-market screener (delayed)
2026-08-14,15:30:00,2026-08-14 16:00:00,8411.T,8620,10,86200,OK,Yahoo Finance JP full-market screener (delayed)
2026-08-14,15:30:00,2026-08-14 16:00:00,8591.T,6376,13,82888,OK,Yahoo Finance JP full-market screener (delayed)
2026-08-14,15:30:00,2026-08-14 16:00:00,8630.T,7011,12,84132,OK,Yahoo Finance JP full-market screener (delayed)
2026-08-14,15:30:00,2026-08-14 16:00:00,8750.T,1874,10,18740,OK,Yahoo Finance JP full-market screener (delayed)
2026-08-14,15:30:00,2026-08-14 16:00:00,8766.T,7540,12,90480,OK,Yahoo Finance JP full-market screener (delayed)
2026-08-14,15:30:00,2026-08-14 16:00:00,8795.T,4926,14,68964,OK,Yahoo Finance JP full-market screener (delayed)
2026-08-14,15:30:00,2026-08-14 16:00:00,9432.T,162.7,500,81350,OK,Yahoo Finance JP full-market screener (delayed)
2026-08-14,15:30:00,2026-08-14 16:00:00,9433.T,2877.5,23,66182.5,OK,Yahoo Finance JP full-market screener (delayed)
2026-08-14,15:30:00,2026-08-14 16:00:00,9697.T,4180,7,29260,OK,Yahoo Finance JP full-market screener (delayed)
2026-08-14,15:30:00,2026-08-14 16:00:00,9983.T,77120,2,154240,OK,Yahoo Finance JP full-market screener (delayed)
2026-08-14,15:30:00,2026-08-17 08:00:00,1801.T,13050,3,39150,OK,Yahoo Finance JP full-market screener (delayed)
2026-08-14,15:30:00,2026-08-17 08:00:00,1812.T,4937,14,69118,OK,Yahoo Finance JP full-market screener (delayed)
2026-08-14,15:30:00,2026-08-17 08:00:00,5333.T,5925,5,29625,OK,Yahoo Finance JP full-market screener (delayed)
2026-08-14,15:30:00,2026-08-17 08:00:00,5803.T,5665,8,45320,OK,Yahoo Finance JP full-market screener (delayed)
2026-08-14,15:30:00,2026-08-17 08:00:00,6146.T,65470,1,65470,OK,Yahoo Finance JP full-market screener (delayed)
2026-08-14,15:30:00,2026-08-17 08:00:00,6383.T,6303,6,37818,OK,Yahoo Finance JP full-market screener (delayed)
2026-08-14,15:30:00,2026-08-17 08:00:00,6501.T,5767,15,86505,OK,Yahoo Finance JP full-market screener (delayed)
2026-08-14,15:30:00,2026-08-17 08:00:00,6503.T,6153,14,86142,OK,Yahoo Finance JP full-market screener (delayed)
2026-08-14,15:30:00,2026-08-17 08:00:00,6504.T,14900,6,89400,OK,Yahoo Finance JP full-market screener (delayed)
2026-08-14,15:30:00,2026-08-17 08:00:00,6762.T,3210,23,73830,OK,Yahoo Finance JP full-market screener (delayed)
2026-08-14,15:30:00,2026-08-17 08:00:00,6861.T,87660,2,175320,OK,Yahoo Finance JP full-market screener (delayed)
2026-08-14,15:30:00,2026-08-17 08:00:00,7012.T,2849.5,25,71237.5,OK,Yahoo Finance JP full-market screener (delayed)
2026-08-14,15:30:00,2026-08-17 08:00:00,7203.T,3020,23,69460,OK,Yahoo Finance JP full-market screener (delayed)
2026-08-14,15:30:00,2026-08-17 08:00:00,7269.T,2086.5,20,41730,OK,Yahoo Finance JP full-market screener (delayed)
2026-08-14,15:30:00,2026-08-17 08:00:00,7532.T,926.4,70,64848,OK,Yahoo Finance JP full-market screener (delayed)
2026-08-14,15:30:00,2026-08-17 08:00:00,7832.T,5435,16,86960,OK,Yahoo Finance JP full-market screener (delayed)
2026-08-14,15:30:00,2026-08-17 08:00:00,8035.T,59130,1,59130,OK,Yahoo Finance JP full-market screener (delayed)
2026-08-14,15:30:00,2026-08-17 08:00:00,8306.T,3686,18,66348,OK,Yahoo Finance JP full-market screener (delayed)
2026-08-14,15:30:00,2026-08-17 08:00:00,8316.T,6969,13,90597,OK,Yahoo Finance JP full-market screener (delayed)
2026-08-14,15:30:00,2026-08-17 08:00:00,8411.T,8620,10,86200,OK,Yahoo Finance JP full-market screener (delayed)
2026-08-14,15:30:00,2026-08-17 08:00:00,8591.T,6376,13,82888,OK,Yahoo Finance JP full-market screener (delayed)
2026-08-14,15:30:00,2026-08-17 08:00:00,8630.T,7011,12,84132,OK,Yahoo Finance JP full-market screener (delayed)
2026-08-14,15:30:00,2026-08-17 08:00:00,8750.T,1874,10,18740,OK,Yahoo Finance JP full-market screener (delayed)
2026-08-14,15:30:00,2026-08-17 08:00:00,8766.T,7540,12,90480,OK,Yahoo Finance JP full-market screener (delayed)
2026-08-14,15:30:00,2026-08-17 08:00:00,8795.T,4926,14,68964,OK,Yahoo Finance JP full-market screener (delayed)
2026-08-14,15:30:00,2026-08-17 08:00:00,9432.T,162.7,500,81350,OK,Yahoo Finance JP full-market screener (delayed)
2026-08-14,15:30:00,2026-08-17 08:00:00,9433.T,2877.5,23,66182.5,OK,Yahoo Finance JP full-market screener (delayed)
2026-08-14,15:30:00,2026-08-17 08:00:00,9697.T,4180,7,29260,OK,Yahoo Finance JP full-market screener (delayed)
2026-08-14,15:30:00,2026-08-17 08:00:00,9983.T,77120,2,154240,OK,Yahoo Finance JP full-market screener (delayed)
2026-08-17,09:04:35,2026-08-17 09:00:00,1801.T,13155,3,39465,OK,Yahoo Finance JP full-market screener (delayed)
2026-08-17,09:05:03,2026-08-17 09:00:00,1812.T,5015,14,70210,OK,Yahoo Finance JP full-market screener (delayed)
2026-08-17,09:04:54,2026-08-17 09:00:00,5333.T,5993,5,29965,OK,Yahoo Finance JP full-market screener (delayed)
2026-08-17,09:05:04,2026-08-17 09:00:00,5803.T,5773,8,46184,OK,Yahoo Finance JP full-market screener (delayed)
2026-08-17,09:05:00,2026-08-17 09:00:00,6146.T,64980,1,64980,OK,Yahoo Finance JP full-market screener (delayed)
2026-08-17,09:05:04,2026-08-17 09:00:00,6383.T,6299,6,37794,OK,Yahoo Finance JP full-market screener (delayed)
2026-08-17,09:05:04,2026-08-17 09:00:00,6501.T,5601,15,84015,OK,Yahoo Finance JP full-market screener (delayed)
2026-08-17,09:05:04,2026-08-17 09:00:00,6503.T,6108,14,85512,OK,Yahoo Finance JP full-market screener (delayed)
2026-08-17,09:05:04,2026-08-17 09:00:00,6504.T,14810,6,88860,OK,Yahoo Finance JP full-market screener (delayed)
2026-08-17,09:05:03,2026-08-17 09:00:00,6762.T,3201,23,73623,OK,Yahoo Finance JP full-market screener (delayed)
2026-08-17,09:05:01,2026-08-17 09:00:00,6861.T,86620,2,173240,OK,Yahoo Finance JP full-market screener (delayed)
2026-08-17,09:05:04,2026-08-17 09:00:00,7012.T,2858.5,25,71462.5,OK,Yahoo Finance JP full-market screener (delayed)
2026-08-17,09:05:02,2026-08-17 09:00:00,7203.T,3036,23,69828,OK,Yahoo Finance JP full-market screener (delayed)
2026-08-17,09:05:00,2026-08-17 09:00:00,7269.T,2093,20,41860,OK,Yahoo Finance JP full-market screener (delayed)
2026-08-17,09:05:04,2026-08-17 09:00:00,7532.T,919.7,70,64379,OK,Yahoo Finance JP full-market screener (delayed)
2026-08-17,09:05:03,2026-08-17 09:00:00,7832.T,5403,16,86448,OK,Yahoo Finance JP full-market screener (delayed)
2026-08-17,09:05:03,2026-08-17 09:00:00,8035.T,59830,1,59830,OK,Yahoo Finance JP full-market screener (delayed)
2026-08-17,09:05:04,2026-08-17 09:00:00,8306.T,3699,18,66582,OK,Yahoo Finance JP full-market screener (delayed)
2026-08-17,09:05:04,2026-08-17 09:00:00,8316.T,6960,13,90480,OK,Yahoo Finance JP full-market screener (delayed)
2026-08-17,09:05:04,2026-08-17 09:00:00,8411.T,8570,10,85700,OK,Yahoo Finance JP full-market screener (delayed)
2026-08-17,09:05:00,2026-08-17 09:00:00,8591.T,6363,13,82719,OK,Yahoo Finance JP full-market screener (delayed)
2026-08-17,09:05:02,2026-08-17 09:00:00,8630.T,6840,12,82080,OK,Yahoo Finance JP full-market screener (delayed)
2026-08-17,09:05:00,2026-08-17 09:00:00,8750.T,1871.5,10,18715,OK,Yahoo Finance JP full-market screener (delayed)
2026-08-17,09:05:03,2026-08-17 09:00:00,8766.T,7586,12,91032,OK,Yahoo Finance JP full-market screener (delayed)
2026-08-17,09:04:56,2026-08-17 09:00:00,8795.T,4938,14,69132,OK,Yahoo Finance JP full-market screener (delayed)
2026-08-17,09:05:04,2026-08-17 09:00:00,9432.T,162.4,500,81200,OK,Yahoo Finance JP full-market screener (delayed)
2026-08-17,09:05:03,2026-08-17 09:00:00,9433.T,2860,23,65780,OK,Yahoo Finance JP full-market screener (delayed)
2026-08-17,09:05:04,2026-08-17 09:00:00,9697.T,4187,7,29309,OK,Yahoo Finance JP full-market screener (delayed)
2026-08-17,09:05:02,2026-08-17 09:00:00,9983.T,76470,2,152940,OK,Yahoo Finance JP full-market screener (delayed)
2026-08-17,10:05:03,2026-08-17 10:00:00,1801.T,13050,3,39150,OK,Yahoo Finance JP full-market screener (delayed)
2026-08-17,10:05:03,2026-08-17 10:00:00,1812.T,5015,14,70210,OK,Yahoo Finance JP full-market screener (delayed)
2026-08-17,10:05:01,2026-08-17 10:00:00,5333.T,6000,5,30000,OK,Yahoo Finance JP full-market screener (delayed)
2026-08-17,10:05:03,2026-08-17 10:00:00,5803.T,5759,8,46072,OK,Yahoo Finance JP full-market screener (delayed)
2026-08-17,10:04:58,2026-08-17 10:00:00,6146.T,64650,1,64650,OK,Yahoo Finance JP full-market screener (delayed)
2026-08-17,10:04:59,2026-08-17 10:00:00,6383.T,6213,6,37278,OK,Yahoo Finance JP full-market screener (delayed)
2026-08-17,10:04:55,2026-08-17 10:00:00,6501.T,5608,15,84120,OK,Yahoo Finance JP full-market screener (delayed)
2026-08-17,10:04:58,2026-08-17 10:00:00,6503.T,6132,14,85848,OK,Yahoo Finance JP full-market screener (delayed)
2026-08-17,10:04:57,2026-08-17 10:00:00,6504.T,14905,6,89430,OK,Yahoo Finance JP full-market screener (delayed)
2026-08-17,10:04:59,2026-08-17 10:00:00,6762.T,3221,23,74083,OK,Yahoo Finance JP full-market screener (delayed)
2026-08-17,10:04:55,2026-08-17 10:00:00,6861.T,86200,2,172400,OK,Yahoo Finance JP full-market screener (delayed)
2026-08-17,10:05:03,2026-08-17 10:00:00,7012.T,2826,25,70650,OK,Yahoo Finance JP full-market screener (delayed)
2026-08-17,10:04:50,2026-08-17 10:00:00,7203.T,3030,23,69690,OK,Yahoo Finance JP full-market screener (delayed)
2026-08-17,10:04:49,2026-08-17 10:00:00,7269.T,2091.5,20,41830,OK,Yahoo Finance JP full-market screener (delayed)
2026-08-17,10:05:03,2026-08-17 10:00:00,7532.T,918.3,70,64281,OK,Yahoo Finance JP full-market screener (delayed)
2026-08-17,10:05:01,2026-08-17 10:00:00,7832.T,5377,16,86032,OK,Yahoo Finance JP full-market screener (delayed)
2026-08-17,10:05:03,2026-08-17 10:00:00,8035.T,59340,1,59340,OK,Yahoo Finance JP full-market screener (delayed)
2026-08-17,10:04:56,2026-08-17 10:00:00,8306.T,3675,18,66150,OK,Yahoo Finance JP full-market screener (delayed)
2026-08-17,10:05:03,2026-08-17 10:00:00,8316.T,6930,13,90090,OK,Yahoo Finance JP full-market screener (delayed)
2026-08-17,10:05:03,2026-08-17 10:00:00,8411.T,8495,10,84950,OK,Yahoo Finance JP full-market screener (delayed)
2026-08-17,10:04:31,2026-08-17 10:00:00,8591.T,6365,13,82745,OK,Yahoo Finance JP full-market screener (delayed)
2026-08-17,10:04:59,2026-08-17 10:00:00,8630.T,6773,12,81276,OK,Yahoo Finance JP full-market screener (delayed)
2026-08-17,10:05:03,2026-08-17 10:00:00,8750.T,1851.5,10,18515,OK,Yahoo Finance JP full-market screener (delayed)
2026-08-17,10:05:01,2026-08-17 10:00:00,8766.T,7518,12,90216,OK,Yahoo Finance JP full-market screener (delayed)
2026-08-17,10:04:05,2026-08-17 10:00:00,8795.T,4910,14,68740,OK,Yahoo Finance JP full-market screener (delayed)
2026-08-17,10:05:03,2026-08-17 10:00:00,9432.T,162.4,500,81200,OK,Yahoo Finance JP full-market screener (delayed)
2026-08-17,10:05:02,2026-08-17 10:00:00,9433.T,2850,23,65550,OK,Yahoo Finance JP full-market screener (delayed)
2026-08-17,10:05:00,2026-08-17 10:00:00,9697.T,4170,7,29190,OK,Yahoo Finance JP full-market screener (delayed)
2026-08-17,10:05:01,2026-08-17 10:00:00,9983.T,76150,2,152300,OK,Yahoo Finance JP full-market screener (delayed)
2026-08-17,11:04:49,2026-08-17 11:00:00,1801.T,12975,3,38925,OK,Yahoo Finance JP full-market screener (delayed)
2026-08-17,11:04:49,2026-08-17 11:00:00,1812.T,4987,14,69818,OK,Yahoo Finance JP full-market screener (delayed)
2026-08-17,11:05:03,2026-08-17 11:00:00,5333.T,6030,5,30150,OK,Yahoo Finance JP full-market screener (delayed)
2026-08-17,11:05:02,2026-08-17 11:00:00,5803.T,5849,8,46792,OK,Yahoo Finance JP full-market screener (delayed)
2026-08-17,11:05:00,2026-08-17 11:00:00,6146.T,65250,1,65250,OK,Yahoo Finance JP full-market screener (delayed)
2026-08-17,11:05:02,2026-08-17 11:00:00,6383.T,6268,6,37608,OK,Yahoo Finance JP full-market screener (delayed)
2026-08-17,11:05:02,2026-08-17 11:00:00,6501.T,5596,15,83940,OK,Yahoo Finance JP full-market screener (delayed)
2026-08-17,11:05:00,2026-08-17 11:00:00,6503.T,6109,14,85526,OK,Yahoo Finance JP full-market screener (delayed)
2026-08-17,11:04:21,2026-08-17 11:00:00,6504.T,14845,6,89070,OK,Yahoo Finance JP full-market screener (delayed)
2026-08-17,11:05:00,2026-08-17 11:00:00,6762.T,3208,23,73784,OK,Yahoo Finance JP full-market screener (delayed)
2026-08-17,11:04:30,2026-08-17 11:00:00,6861.T,86490,2,172980,OK,Yahoo Finance JP full-market screener (delayed)
2026-08-17,11:05:02,2026-08-17 11:00:00,7012.T,2834.5,25,70862.5,OK,Yahoo Finance JP full-market screener (delayed)
2026-08-17,11:05:00,2026-08-17 11:00:00,7203.T,3030,23,69690,OK,Yahoo Finance JP full-market screener (delayed)
2026-08-17,11:04:55,2026-08-17 11:00:00,7269.T,2077.5,20,41550,OK,Yahoo Finance JP full-market screener (delayed)
2026-08-17,11:04:59,2026-08-17 11:00:00,7532.T,918.4,70,64288,OK,Yahoo Finance JP full-market screener (delayed)
2026-08-17,11:04:42,2026-08-17 11:00:00,7832.T,5326,16,85216,OK,Yahoo Finance JP full-market screener (delayed)
2026-08-17,11:04:52,2026-08-17 11:00:00,8035.T,59770,1,59770,OK,Yahoo Finance JP full-market screener (delayed)
2026-08-17,11:05:02,2026-08-17 11:00:00,8306.T,3673,18,66114,OK,Yahoo Finance JP full-market screener (delayed)
2026-08-17,11:05:03,2026-08-17 11:00:00,8316.T,6928,13,90064,OK,Yahoo Finance JP full-market screener (delayed)
2026-08-17,11:05:03,2026-08-17 11:00:00,8411.T,8475,10,84750,OK,Yahoo Finance JP full-market screener (delayed)
2026-08-17,11:05:02,2026-08-17 11:00:00,8591.T,6359,13,82667,OK,Yahoo Finance JP full-market screener (delayed)
2026-08-17,11:05:03,2026-08-17 11:00:00,8630.T,6748,12,80976,OK,Yahoo Finance JP full-market screener (delayed)
2026-08-17,11:05:02,2026-08-17 11:00:00,8750.T,1852.5,10,18525,OK,Yahoo Finance JP full-market screener (delayed)
2026-08-17,11:04:59,2026-08-17 11:00:00,8766.T,7516,12,90192,OK,Yahoo Finance JP full-market screener (delayed)
2026-08-17,11:05:02,2026-08-17 11:00:00,8795.T,4908,14,68712,OK,Yahoo Finance JP full-market screener (delayed)
2026-08-17,11:05:03,2026-08-17 11:00:00,9432.T,161.9,500,80950,OK,Yahoo Finance JP full-market screener (delayed)
2026-08-17,11:04:56,2026-08-17 11:00:00,9433.T,2833,23,65159,OK,Yahoo Finance JP full-market screener (delayed)
2026-08-17,11:04:40,2026-08-17 11:00:00,9697.T,4164,7,29148,OK,Yahoo Finance JP full-market screener (delayed)
2026-08-17,11:05:03,2026-08-17 11:00:00,9983.T,76490,2,152980,OK,Yahoo Finance JP full-market screener (delayed)
2026-08-17,11:30:00,2026-08-17 12:00:00,1801.T,12965,3,38895,OK,Yahoo Finance JP full-market screener (delayed)
2026-08-17,11:30:00,2026-08-17 12:00:00,1812.T,4981,14,69734,OK,Yahoo Finance JP full-market screener (delayed)
2026-08-17,11:30:00,2026-08-17 12:00:00,5333.T,6018,5,30090,OK,Yahoo Finance JP full-market screener (delayed)
2026-08-17,11:30:00,2026-08-17 12:00:00,5803.T,5868,8,46944,OK,Yahoo Finance JP full-market screener (delayed)
2026-08-17,11:30:00,2026-08-17 12:00:00,6146.T,65520,1,65520,OK,Yahoo Finance JP full-market screener (delayed)
2026-08-17,11:30:00,2026-08-17 12:00:00,6383.T,6237,6,37422,OK,Yahoo Finance JP full-market screener (delayed)
2026-08-17,11:30:00,2026-08-17 12:00:00,6501.T,5581,15,83715,OK,Yahoo Finance JP full-market screener (delayed)
2026-08-17,11:30:00,2026-08-17 12:00:00,6503.T,6123,14,85722,OK,Yahoo Finance JP full-market screener (delayed)
2026-08-17,11:30:00,2026-08-17 12:00:00,6504.T,14835,6,89010,OK,Yahoo Finance JP full-market screener (delayed)
2026-08-17,11:30:00,2026-08-17 12:00:00,6762.T,3207,23,73761,OK,Yahoo Finance JP full-market screener (delayed)
2026-08-17,11:30:00,2026-08-17 12:00:00,6861.T,86160,2,172320,OK,Yahoo Finance JP full-market screener (delayed)
2026-08-17,11:30:00,2026-08-17 12:00:00,7012.T,2836,25,70900,OK,Yahoo Finance JP full-market screener (delayed)
2026-08-17,11:30:00,2026-08-17 12:00:00,7203.T,3024,23,69552,OK,Yahoo Finance JP full-market screener (delayed)
2026-08-17,11:30:00,2026-08-17 12:00:00,7269.T,2076.5,20,41530,OK,Yahoo Finance JP full-market screener (delayed)
2026-08-17,11:30:00,2026-08-17 12:00:00,7532.T,919.4,70,64358,OK,Yahoo Finance JP full-market screener (delayed)
2026-08-17,11:30:00,2026-08-17 12:00:00,7832.T,5334,16,85344,OK,Yahoo Finance JP full-market screener (delayed)
2026-08-17,11:30:00,2026-08-17 12:00:00,8035.T,59900,1,59900,OK,Yahoo Finance JP full-market screener (delayed)
2026-08-17,11:30:00,2026-08-17 12:00:00,8306.T,3665,18,65970,OK,Yahoo Finance JP full-market screener (delayed)
2026-08-17,11:30:00,2026-08-17 12:00:00,8316.T,6914,13,89882,OK,Yahoo Finance JP full-market screener (delayed)
2026-08-17,11:30:00,2026-08-17 12:00:00,8411.T,8448,10,84480,OK,Yahoo Finance JP full-market screener (delayed)
2026-08-17,11:30:00,2026-08-17 12:00:00,8591.T,6341,13,82433,OK,Yahoo Finance JP full-market screener (delayed)
2026-08-17,11:30:00,2026-08-17 12:00:00,8630.T,6720,12,80640,OK,Yahoo Finance JP full-market screener (delayed)
2026-08-17,11:30:00,2026-08-17 12:00:00,8750.T,1844,10,18440,OK,Yahoo Finance JP full-market screener (delayed)
2026-08-17,11:30:00,2026-08-17 12:00:00,8766.T,7482,12,89784,OK,Yahoo Finance JP full-market screener (delayed)
2026-08-17,11:30:00,2026-08-17 12:00:00,8795.T,4893,14,68502,OK,Yahoo Finance JP full-market screener (delayed)
2026-08-17,11:30:00,2026-08-17 12:00:00,9432.T,161.7,500,80850,OK,Yahoo Finance JP full-market screener (delayed)
2026-08-17,11:30:00,2026-08-17 12:00:00,9433.T,2826,23,64998,OK,Yahoo Finance JP full-market screener (delayed)
2026-08-17,11:30:00,2026-08-17 12:00:00,9697.T,4157,7,29099,OK,Yahoo Finance JP full-market screener (delayed)
2026-08-17,11:30:00,2026-08-17 12:00:00,9983.T,76350,2,152700,OK,Yahoo Finance JP full-market screener (delayed)
2026-08-17,13:03:36,2026-08-17 13:00:00,1801.T,12935,3,38805,OK,Yahoo Finance JP full-market screener (delayed)
2026-08-17,13:03:59,2026-08-17 13:00:00,1812.T,4985,14,69790,OK,Yahoo Finance JP full-market screener (delayed)
2026-08-17,13:05:01,2026-08-17 13:00:00,5333.T,6063,5,30315,OK,Yahoo Finance JP full-market screener (delayed)
2026-08-17,13:05:03,2026-08-17 13:00:00,5803.T,5934,8,47472,OK,Yahoo Finance JP full-market screener (delayed)
2026-08-17,13:05:01,2026-08-17 13:00:00,6146.T,65660,1,65660,OK,Yahoo Finance JP full-market screener (delayed)
2026-08-17,13:05:04,2026-08-17 13:00:00,6383.T,6227,6,37362,OK,Yahoo Finance JP full-market screener (delayed)
2026-08-17,13:05:02,2026-08-17 13:00:00,6501.T,5598,15,83970,OK,Yahoo Finance JP full-market screener (delayed)
2026-08-17,13:04:59,2026-08-17 13:00:00,6503.T,6124,14,85736,OK,Yahoo Finance JP full-market screener (delayed)
2026-08-17,13:05:04,2026-08-17 13:00:00,6504.T,14830,6,88980,OK,Yahoo Finance JP full-market screener (delayed)
2026-08-17,13:04:53,2026-08-17 13:00:00,6762.T,3211,23,73853,OK,Yahoo Finance JP full-market screener (delayed)
2026-08-17,13:04:45,2026-08-17 13:00:00,6861.T,86640,2,173280,OK,Yahoo Finance JP full-market screener (delayed)
2026-08-17,13:05:00,2026-08-17 13:00:00,7012.T,2836,25,70900,OK,Yahoo Finance JP full-market screener (delayed)
2026-08-17,13:05:02,2026-08-17 13:00:00,7203.T,3011,23,69253,OK,Yahoo Finance JP full-market screener (delayed)
2026-08-17,13:05:01,2026-08-17 13:00:00,7269.T,2086.5,20,41730,OK,Yahoo Finance JP full-market screener (delayed)
2026-08-17,13:05:02,2026-08-17 13:00:00,7532.T,915.3,70,64071,OK,Yahoo Finance JP full-market screener (delayed)
2026-08-17,13:05:03,2026-08-17 13:00:00,7832.T,5327,16,85232,OK,Yahoo Finance JP full-market screener (delayed)
2026-08-17,13:05:01,2026-08-17 13:00:00,8035.T,59840,1,59840,OK,Yahoo Finance JP full-market screener (delayed)
2026-08-17,13:04:59,2026-08-17 13:00:00,8306.T,3652,18,65736,OK,Yahoo Finance JP full-market screener (delayed)
2026-08-17,13:05:01,2026-08-17 13:00:00,8316.T,6906,13,89778,OK,Yahoo Finance JP full-market screener (delayed)
2026-08-17,13:04:58,2026-08-17 13:00:00,8411.T,8445,10,84450,OK,Yahoo Finance JP full-market screener (delayed)
2026-08-17,13:04:51,2026-08-17 13:00:00,8591.T,6329,13,82277,OK,Yahoo Finance JP full-market screener (delayed)
2026-08-17,13:05:02,2026-08-17 13:00:00,8630.T,6683,12,80196,OK,Yahoo Finance JP full-market screener (delayed)
2026-08-17,13:05:00,2026-08-17 13:00:00,8750.T,1840,10,18400,OK,Yahoo Finance JP full-market screener (delayed)
2026-08-17,13:04:51,2026-08-17 13:00:00,8766.T,7460,12,89520,OK,Yahoo Finance JP full-market screener (delayed)
2026-08-17,13:04:12,2026-08-17 13:00:00,8795.T,4909,14,68726,OK,Yahoo Finance JP full-market screener (delayed)
2026-08-17,13:05:03,2026-08-17 13:00:00,9432.T,161.7,500,80850,OK,Yahoo Finance JP full-market screener (delayed)
2026-08-17,13:05:00,2026-08-17 13:00:00,9433.T,2834.5,23,65193.5,OK,Yahoo Finance JP full-market screener (delayed)
2026-08-17,13:05:04,2026-08-17 13:00:00,9697.T,4150,7,29050,OK,Yahoo Finance JP full-market screener (delayed)
2026-08-17,13:04:55,2026-08-17 13:00:00,9983.T,76160,2,152320,OK,Yahoo Finance JP full-market screener (delayed)
2026-08-17,14:05:02,2026-08-17 14:00:00,1801.T,12875,3,38625,OK,Yahoo Finance JP full-market screener (delayed)
2026-08-17,14:04:58,2026-08-17 14:00:00,1812.T,4983,14,69762,OK,Yahoo Finance JP full-market screener (delayed)
2026-08-17,14:05:03,2026-08-17 14:00:00,5333.T,6060,5,30300,OK,Yahoo Finance JP full-market screener (delayed)
2026-08-17,14:05:01,2026-08-17 14:00:00,5803.T,5943,8,47544,OK,Yahoo Finance JP full-market screener (delayed)
2026-08-17,14:04:52,2026-08-17 14:00:00,6146.T,65650,1,65650,OK,Yahoo Finance JP full-market screener (delayed)
2026-08-17,14:04:44,2026-08-17 14:00:00,6383.T,6266,6,37596,OK,Yahoo Finance JP full-market screener (delayed)
2026-08-17,14:05:02,2026-08-17 14:00:00,6501.T,5580,15,83700,OK,Yahoo Finance JP full-market screener (delayed)
2026-08-17,14:04:52,2026-08-17 14:00:00,6503.T,6116,14,85624,OK,Yahoo Finance JP full-market screener (delayed)
2026-08-17,14:04:41,2026-08-17 14:00:00,6504.T,14845,6,89070,OK,Yahoo Finance JP full-market screener (delayed)
2026-08-17,14:05:01,2026-08-17 14:00:00,6762.T,3211,23,73853,OK,Yahoo Finance JP full-market screener (delayed)
2026-08-17,14:04:40,2026-08-17 14:00:00,6861.T,86800,2,173600,OK,Yahoo Finance JP full-market screener (delayed)
2026-08-17,14:04:58,2026-08-17 14:00:00,7012.T,2844.5,25,71112.5,OK,Yahoo Finance JP full-market screener (delayed)
2026-08-17,14:05:02,2026-08-17 14:00:00,7203.T,3012,23,69276,OK,Yahoo Finance JP full-market screener (delayed)
2026-08-17,14:04:54,2026-08-17 14:00:00,7269.T,2089.5,20,41790,OK,Yahoo Finance JP full-market screener (delayed)
2026-08-17,14:05:02,2026-08-17 14:00:00,7532.T,911.2,70,63784,OK,Yahoo Finance JP full-market screener (delayed)
2026-08-17,14:04:39,2026-08-17 14:00:00,7832.T,5354,16,85664,OK,Yahoo Finance JP full-market screener (delayed)
2026-08-17,14:04:52,2026-08-17 14:00:00,8035.T,59880,1,59880,OK,Yahoo Finance JP full-market screener (delayed)
2026-08-17,14:04:58,2026-08-17 14:00:00,8306.T,3653,18,65754,OK,Yahoo Finance JP full-market screener (delayed)
2026-08-17,14:05:00,2026-08-17 14:00:00,8316.T,6910,13,89830,OK,Yahoo Finance JP full-market screener (delayed)
2026-08-17,14:05:03,2026-08-17 14:00:00,8411.T,8446,10,84460,OK,Yahoo Finance JP full-market screener (delayed)
2026-08-17,14:04:36,2026-08-17 14:00:00,8591.T,6327,13,82251,OK,Yahoo Finance JP full-market screener (delayed)
2026-08-17,14:04:39,2026-08-17 14:00:00,8630.T,6688,12,80256,OK,Yahoo Finance JP full-market screener (delayed)
2026-08-17,14:05:00,2026-08-17 14:00:00,8750.T,1850.5,10,18505,OK,Yahoo Finance JP full-market screener (delayed)
2026-08-17,14:05:03,2026-08-17 14:00:00,8766.T,7455,12,89460,OK,Yahoo Finance JP full-market screener (delayed)
2026-08-17,14:04:59,2026-08-17 14:00:00,8795.T,4924,14,68936,OK,Yahoo Finance JP full-market screener (delayed)
2026-08-17,14:05:02,2026-08-17 14:00:00,9432.T,161.4,500,80700,OK,Yahoo Finance JP full-market screener (delayed)
2026-08-17,14:05:02,2026-08-17 14:00:00,9433.T,2827,23,65021,OK,Yahoo Finance JP full-market screener (delayed)
2026-08-17,14:04:55,2026-08-17 14:00:00,9697.T,4139,7,28973,OK,Yahoo Finance JP full-market screener (delayed)
2026-08-17,14:04:39,2026-08-17 14:00:00,9983.T,76230,2,152460,OK,Yahoo Finance JP full-market screener (delayed)
2026-08-17,15:04:46,2026-08-17 15:00:00,1801.T,12930,3,38790,OK,Yahoo Finance JP full-market screener (delayed)
2026-08-17,15:04:52,2026-08-17 15:00:00,1812.T,4977,14,69678,OK,Yahoo Finance JP full-market screener (delayed)
2026-08-17,15:04:53,2026-08-17 15:00:00,5333.T,6108,5,30540,OK,Yahoo Finance JP full-market screener (delayed)
2026-08-17,15:05:03,2026-08-17 15:00:00,5803.T,6043,8,48344,OK,Yahoo Finance JP full-market screener (delayed)
2026-08-17,15:05:03,2026-08-17 15:00:00,6146.T,65910,1,65910,OK,Yahoo Finance JP full-market screener (delayed)
2026-08-17,15:05:01,2026-08-17 15:00:00,6383.T,6294,6,37764,OK,Yahoo Finance JP full-market screener (delayed)
2026-08-17,15:04:56,2026-08-17 15:00:00,6501.T,5596,15,83940,OK,Yahoo Finance JP full-market screener (delayed)
2026-08-17,15:04:58,2026-08-17 15:00:00,6503.T,6155,14,86170,OK,Yahoo Finance JP full-market screener (delayed)
2026-08-17,15:04:47,2026-08-17 15:00:00,6504.T,14980,6,89880,OK,Yahoo Finance JP full-market screener (delayed)
2026-08-17,15:04:58,2026-08-17 15:00:00,6762.T,3236,23,74428,OK,Yahoo Finance JP full-market screener (delayed)
2026-08-17,15:04:49,2026-08-17 15:00:00,6861.T,87090,2,174180,OK,Yahoo Finance JP full-market screener (delayed)
2026-08-17,15:05:03,2026-08-17 15:00:00,7012.T,2852.5,25,71312.5,OK,Yahoo Finance JP full-market screener (delayed)
2026-08-17,15:04:58,2026-08-17 15:00:00,7203.T,3011,23,69253,OK,Yahoo Finance JP full-market screener (delayed)
2026-08-17,15:05:02,2026-08-17 15:00:00,7269.T,2089.5,20,41790,OK,Yahoo Finance JP full-market screener (delayed)
2026-08-17,15:05:02,2026-08-17 15:00:00,7532.T,908.7,70,63609,OK,Yahoo Finance JP full-market screener (delayed)
2026-08-17,15:04:39,2026-08-17 15:00:00,7832.T,5324,16,85184,OK,Yahoo Finance JP full-market screener (delayed)
2026-08-17,15:05:01,2026-08-17 15:00:00,8035.T,60160,1,60160,OK,Yahoo Finance JP full-market screener (delayed)
2026-08-17,15:05:00,2026-08-17 15:00:00,8306.T,3661,18,65898,OK,Yahoo Finance JP full-market screener (delayed)
2026-08-17,15:05:02,2026-08-17 15:00:00,8316.T,6948,13,90324,OK,Yahoo Finance JP full-market screener (delayed)
2026-08-17,15:05:01,2026-08-17 15:00:00,8411.T,8540,10,85400,OK,Yahoo Finance JP full-market screener (delayed)
2026-08-17,15:04:53,2026-08-17 15:00:00,8591.T,6358,13,82654,OK,Yahoo Finance JP full-market screener (delayed)
2026-08-17,15:05:03,2026-08-17 15:00:00,8630.T,6697,12,80364,OK,Yahoo Finance JP full-market screener (delayed)
2026-08-17,15:04:55,2026-08-17 15:00:00,8750.T,1854,10,18540,OK,Yahoo Finance JP full-market screener (delayed)
2026-08-17,15:05:02,2026-08-17 15:00:00,8766.T,7454,12,89448,OK,Yahoo Finance JP full-market screener (delayed)
2026-08-17,15:04:58,2026-08-17 15:00:00,8795.T,4952,14,69328,OK,Yahoo Finance JP full-market screener (delayed)
2026-08-17,15:05:02,2026-08-17 15:00:00,9432.T,162,500,81000,OK,Yahoo Finance JP full-market screener (delayed)
2026-08-17,15:05:01,2026-08-17 15:00:00,9433.T,2826.5,23,65009.5,OK,Yahoo Finance JP full-market screener (delayed)
2026-08-17,15:05:02,2026-08-17 15:00:00,9697.T,4119,7,28833,OK,Yahoo Finance JP full-market screener (delayed)
2026-08-17,15:04:37,2026-08-17 15:00:00,9983.T,76810,2,153620,OK,Yahoo Finance JP full-market screener (delayed)
2026-08-17,15:30:00,2026-08-17 16:00:00,1801.T,12925,3,38775,OK,Yahoo Finance JP full-market screener (delayed)
2026-08-17,15:30:00,2026-08-17 16:00:00,1812.T,4981,14,69734,OK,Yahoo Finance JP full-market screener (delayed)
2026-08-17,15:30:00,2026-08-17 16:00:00,5333.T,6121,5,30605,OK,Yahoo Finance JP full-market screener (delayed)
2026-08-17,15:30:00,2026-08-17 16:00:00,5803.T,6078,8,48624,OK,Yahoo Finance JP full-market screener (delayed)
2026-08-17,15:30:00,2026-08-17 16:00:00,6146.T,65910,1,65910,OK,Yahoo Finance JP full-market screener (delayed)
2026-08-17,15:30:00,2026-08-17 16:00:00,6383.T,6347,6,38082,OK,Yahoo Finance JP full-market screener (delayed)
2026-08-17,15:30:00,2026-08-17 16:00:00,6501.T,5571,15,83565,OK,Yahoo Finance JP full-market screener (delayed)
2026-08-17,15:30:00,2026-08-17 16:00:00,6503.T,6126,14,85764,OK,Yahoo Finance JP full-market screener (delayed)
2026-08-17,15:30:00,2026-08-17 16:00:00,6504.T,14970,6,89820,OK,Yahoo Finance JP full-market screener (delayed)
2026-08-17,15:30:00,2026-08-17 16:00:00,6762.T,3244,23,74612,OK,Yahoo Finance JP full-market screener (delayed)
2026-08-17,15:30:00,2026-08-17 16:00:00,6861.T,86750,2,173500,OK,Yahoo Finance JP full-market screener (delayed)
2026-08-17,15:30:00,2026-08-17 16:00:00,7012.T,2855.5,25,71387.5,OK,Yahoo Finance JP full-market screener (delayed)
2026-08-17,15:30:00,2026-08-17 16:00:00,7203.T,3013,23,69299,OK,Yahoo Finance JP full-market screener (delayed)
2026-08-17,15:30:00,2026-08-17 16:00:00,7269.T,2092.5,20,41850,OK,Yahoo Finance JP full-market screener (delayed)
2026-08-17,15:30:00,2026-08-17 16:00:00,7532.T,909.1,70,63637,OK,Yahoo Finance JP full-market screener (delayed)
2026-08-17,15:30:00,2026-08-17 16:00:00,7832.T,5332,16,85312,OK,Yahoo Finance JP full-market screener (delayed)
2026-08-17,15:30:00,2026-08-17 16:00:00,8035.T,60090,1,60090,OK,Yahoo Finance JP full-market screener (delayed)
2026-08-17,15:30:00,2026-08-17 16:00:00,8306.T,3649,18,65682,OK,Yahoo Finance JP full-market screener (delayed)
2026-08-17,15:30:00,2026-08-17 16:00:00,8316.T,6918,13,89934,OK,Yahoo Finance JP full-market screener (delayed)
2026-08-17,15:30:00,2026-08-17 16:00:00,8411.T,8530,10,85300,OK,Yahoo Finance JP full-market screener (delayed)
2026-08-17,15:30:00,2026-08-17 16:00:00,8591.T,6353,13,82589,OK,Yahoo Finance JP full-market screener (delayed)
2026-08-17,15:30:00,2026-08-17 16:00:00,8630.T,6714,12,80568,OK,Yahoo Finance JP full-market screener (delayed)
2026-08-17,15:30:00,2026-08-17 16:00:00,8750.T,1847,10,18470,OK,Yahoo Finance JP full-market screener (delayed)
2026-08-17,15:30:00,2026-08-17 16:00:00,8766.T,7481,12,89772,OK,Yahoo Finance JP full-market screener (delayed)
2026-08-17,15:30:00,2026-08-17 16:00:00,8795.T,4938,14,69132,OK,Yahoo Finance JP full-market screener (delayed)
2026-08-17,15:30:00,2026-08-17 16:00:00,9432.T,161.5,500,80750,OK,Yahoo Finance JP full-market screener (delayed)
2026-08-17,15:30:00,2026-08-17 16:00:00,9433.T,2833.5,23,65170.5,OK,Yahoo Finance JP full-market screener (delayed)
2026-08-17,15:30:00,2026-08-17 16:00:00,9697.T,4138,7,28966,OK,Yahoo Finance JP full-market screener (delayed)
2026-08-17,15:30:00,2026-08-17 16:00:00,9983.T,76820,2,153640,OK,Yahoo Finance JP full-market screener (delayed)
2026-08-17,15:30:00,2026-08-17 17:00:00,1801.T,12925,3,38775,OK,Yahoo Finance JP full-market screener (delayed)
2026-08-17,15:30:00,2026-08-17 17:00:00,1812.T,4981,14,69734,OK,Yahoo Finance JP full-market screener (delayed)
2026-08-17,15:30:00,2026-08-17 17:00:00,5333.T,6121,5,30605,OK,Yahoo Finance JP full-market screener (delayed)
2026-08-17,15:30:00,2026-08-17 17:00:00,5803.T,6078,8,48624,OK,Yahoo Finance JP full-market screener (delayed)
2026-08-17,15:30:00,2026-08-17 17:00:00,6146.T,65910,1,65910,OK,Yahoo Finance JP full-market screener (delayed)
2026-08-17,15:30:00,2026-08-17 17:00:00,6383.T,6347,6,38082,OK,Yahoo Finance JP full-market screener (delayed)
2026-08-17,15:30:00,2026-08-17 17:00:00,6501.T,5571,15,83565,OK,Yahoo Finance JP full-market screener (delayed)
2026-08-17,15:30:00,2026-08-17 17:00:00,6503.T,6126,14,85764,OK,Yahoo Finance JP full-market screener (delayed)
2026-08-17,15:30:00,2026-08-17 17:00:00,6504.T,14970,6,89820,OK,Yahoo Finance JP full-market screener (delayed)
2026-08-17,15:30:00,2026-08-17 17:00:00,6762.T,3244,23,74612,OK,Yahoo Finance JP full-market screener (delayed)
2026-08-17,15:30:00,2026-08-17 17:00:00,6861.T,86750,2,173500,OK,Yahoo Finance JP full-market screener (delayed)
2026-08-17,15:30:00,2026-08-17 17:00:00,7012.T,2855.5,25,71387.5,OK,Yahoo Finance JP full-market screener (delayed)
2026-08-17,15:30:00,2026-08-17 17:00:00,7203.T,3013,23,69299,OK,Yahoo Finance JP full-market screener (delayed)
2026-08-17,15:30:00,2026-08-17 17:00:00,7269.T,2092.5,20,41850,OK,Yahoo Finance JP full-market screener (delayed)
2026-08-17,15:30:00,2026-08-17 17:00:00,7532.T,909.1,70,63637,OK,Yahoo Finance JP full-market screener (delayed)
2026-08-17,15:30:00,2026-08-17 17:00:00,7832.T,5332,16,85312,OK,Yahoo Finance JP full-market screener (delayed)
2026-08-17,15:30:00,2026-08-17 17:00:00,8035.T,60090,1,60090,OK,Yahoo Finance JP full-market screener (delayed)
2026-08-17,15:30:00,2026-08-17 17:00:00,8306.T,3649,18,65682,OK,Yahoo Finance JP full-market screener (delayed)
2026-08-17,15:30:00,2026-08-17 17:00:00,8316.T,6918,13,89934,OK,Yahoo Finance JP full-market screener (delayed)
2026-08-17,15:30:00,2026-08-17 17:00:00,8411.T,8530,10,85300,OK,Yahoo Finance JP full-market screener (delayed)
2026-08-17,15:30:00,2026-08-17 17:00:00,8591.T,6353,13,82589,OK,Yahoo Finance JP full-market screener (delayed)
2026-08-17,15:30:00,2026-08-17 17:00:00,8630.T,6714,12,80568,OK,Yahoo Finance JP full-market screener (delayed)
2026-08-17,15:30:00,2026-08-17 17:00:00,8750.T,1847,10,18470,OK,Yahoo Finance JP full-market screener (delayed)
2026-08-17,15:30:00,2026-08-17 17:00:00,8766.T,7481,12,89772,OK,Yahoo Finance JP full-market screener (delayed)
2026-08-17,15:30:00,2026-08-17 17:00:00,8795.T,4938,14,69132,OK,Yahoo Finance JP full-market screener (delayed)
2026-08-17,15:30:00,2026-08-17 17:00:00,9432.T,161.5,500,80750,OK,Yahoo Finance JP full-market screener (delayed)
2026-08-17,15:30:00,2026-08-17 17:00:00,9433.T,2833.5,23,65170.5,OK,Yahoo Finance JP full-market screener (delayed)
2026-08-17,15:30:00,2026-08-17 17:00:00,9697.T,4138,7,28966,OK,Yahoo Finance JP full-market screener (delayed)
2026-08-17,15:30:00,2026-08-17 17:00:00,9983.T,76820,2,153640,OK,Yahoo Finance JP full-market screener (delayed)
2026-08-18,09:04:12,2026-08-18 09:00:00,1801.T,12925,3,38775,OK,Yahoo Finance JP full-market screener (delayed)
2026-08-18,09:05:02,2026-08-18 09:00:00,1812.T,4950,14,69300,OK,Yahoo Finance JP full-market screener (delayed)
2026-08-18,09:05:02,2026-08-18 09:00:00,5333.T,6092,5,30460,OK,Yahoo Finance JP full-market screener (delayed)
2026-08-18,09:05:04,2026-08-18 09:00:00,5803.T,6193,8,49544,OK,Yahoo Finance JP full-market screener (delayed)
2026-08-18,09:05:02,2026-08-18 09:00:00,6146.T,64390,1,64390,OK,Yahoo Finance JP full-market screener (delayed)
2026-08-18,09:04:49,2026-08-18 09:00:00,6383.T,6347,6,38082,OK,Yahoo Finance JP full-market screener (delayed)
2026-08-18,09:05:03,2026-08-18 09:00:00,6501.T,5502,15,82530,OK,Yahoo Finance JP full-market screener (delayed)
2026-08-18,09:05:03,2026-08-18 09:00:00,6503.T,6122,14,85708,OK,Yahoo Finance JP full-market screener (delayed)
2026-08-18,09:05:02,2026-08-18 09:00:00,6504.T,14920,6,89520,OK,Yahoo Finance JP full-market screener (delayed)
2026-08-18,09:05:03,2026-08-18 09:00:00,6762.T,3219,23,74037,OK,Yahoo Finance JP full-market screener (delayed)
2026-08-18,09:04:59,2026-08-18 09:00:00,6861.T,86750,2,173500,OK,Yahoo Finance JP full-market screener (delayed)
2026-08-18,09:05:03,2026-08-18 09:00:00,7012.T,2857.5,25,71437.5,OK,Yahoo Finance JP full-market screener (delayed)
2026-08-18,09:05:03,2026-08-18 09:00:00,7203.T,2998,23,68954,OK,Yahoo Finance JP full-market screener (delayed)
2026-08-18,09:05:03,2026-08-18 09:00:00,7269.T,2071.5,20,41430,OK,Yahoo Finance JP full-market screener (delayed)
2026-08-18,09:05:03,2026-08-18 09:00:00,7532.T,912.1,70,63847,OK,Yahoo Finance JP full-market screener (delayed)
2026-08-18,09:05:03,2026-08-18 09:00:00,7832.T,5279,16,84464,OK,Yahoo Finance JP full-market screener (delayed)
2026-08-18,09:05:03,2026-08-18 09:00:00,8035.T,57680,1,57680,OK,Yahoo Finance JP full-market screener (delayed)
2026-08-18,09:05:02,2026-08-18 09:00:00,8306.T,3672,18,66096,OK,Yahoo Finance JP full-market screener (delayed)
2026-08-18,09:05:02,2026-08-18 09:00:00,8316.T,6936,13,90168,OK,Yahoo Finance JP full-market screener (delayed)
2026-08-18,09:05:03,2026-08-18 09:00:00,8411.T,8569,10,85690,OK,Yahoo Finance JP full-market screener (delayed)
2026-08-18,09:05:03,2026-08-18 09:00:00,8591.T,6358,13,82654,OK,Yahoo Finance JP full-market screener (delayed)
2026-08-18,09:05:02,2026-08-18 09:00:00,8630.T,6711,12,80532,OK,Yahoo Finance JP full-market screener (delayed)
2026-08-18,09:05:03,2026-08-18 09:00:00,8750.T,1851,10,18510,OK,Yahoo Finance JP full-market screener (delayed)
2026-08-18,09:05:03,2026-08-18 09:00:00,8766.T,7447,12,89364,OK,Yahoo Finance JP full-market screener (delayed)
2026-08-18,09:05:02,2026-08-18 09:00:00,8795.T,4918,14,68852,OK,Yahoo Finance JP full-market screener (delayed)
2026-08-18,09:05:03,2026-08-18 09:00:00,9432.T,160.8,500,80400,OK,Yahoo Finance JP full-market screener (delayed)
2026-08-18,09:05:03,2026-08-18 09:00:00,9433.T,2827,23,65021,OK,Yahoo Finance JP full-market screener (delayed)
2026-08-18,09:04:59,2026-08-18 09:00:00,9697.T,4138,7,28966,OK,Yahoo Finance JP full-market screener (delayed)
2026-08-18,09:04:41,2026-08-18 09:00:00,9983.T,76820,2,153640,OK,Yahoo Finance JP full-market screener (delayed)
2026-08-18,10:04:34,2026-08-18 10:00:00,1801.T,12910,3,38730,OK,Yahoo Finance JP full-market screener (delayed)
2026-08-18,10:05:02,2026-08-18 10:00:00,1812.T,4925,14,68950,OK,Yahoo Finance JP full-market screener (delayed)
2026-08-18,10:05:01,2026-08-18 10:00:00,5333.T,6088,5,30440,OK,Yahoo Finance JP full-market screener (delayed)
2026-08-18,10:05:04,2026-08-18 10:00:00,5803.T,6319,8,50552,OK,Yahoo Finance JP full-market screener (delayed)
2026-08-18,10:05:01,2026-08-18 10:00:00,6146.T,64310,1,64310,OK,Yahoo Finance JP full-market screener (delayed)
2026-08-18,10:05:01,2026-08-18 10:00:00,6383.T,6284,6,37704,OK,Yahoo Finance JP full-market screener (delayed)
2026-08-18,10:04:58,2026-08-18 10:00:00,6501.T,5535,15,83025,OK,Yahoo Finance JP full-market screener (delayed)
2026-08-18,10:05:01,2026-08-18 10:00:00,6503.T,6197,14,86758,OK,Yahoo Finance JP full-market screener (delayed)
2026-08-18,10:05:01,2026-08-18 10:00:00,6504.T,14870,6,89220,OK,Yahoo Finance JP full-market screener (delayed)
2026-08-18,10:05:02,2026-08-18 10:00:00,6762.T,3232,23,74336,OK,Yahoo Finance JP full-market screener (delayed)
2026-08-18,10:04:58,2026-08-18 10:00:00,6861.T,86490,2,172980,OK,Yahoo Finance JP full-market screener (delayed)
2026-08-18,10:05:02,2026-08-18 10:00:00,7012.T,2918.5,25,72962.5,OK,Yahoo Finance JP full-market screener (delayed)
2026-08-18,10:05:00,2026-08-18 10:00:00,7203.T,2997,23,68931,OK,Yahoo Finance JP full-market screener (delayed)
2026-08-18,10:05:03,2026-08-18 10:00:00,7269.T,2060.5,20,41210,OK,Yahoo Finance JP full-market screener (delayed)
2026-08-18,10:05:02,2026-08-18 10:00:00,7532.T,913.9,70,63973,OK,Yahoo Finance JP full-market screener (delayed)
2026-08-18,10:04:38,2026-08-18 10:00:00,7832.T,5250,16,84000,OK,Yahoo Finance JP full-market screener (delayed)
2026-08-18,10:04:59,2026-08-18 10:00:00,8035.T,58660,1,58660,OK,Yahoo Finance JP full-market screener (delayed)
2026-08-18,10:05:03,2026-08-18 10:00:00,8306.T,3692,18,66456,OK,Yahoo Finance JP full-market screener (delayed)
2026-08-18,10:05:02,2026-08-18 10:00:00,8316.T,6979,13,90727,OK,Yahoo Finance JP full-market screener (delayed)
2026-08-18,10:05:03,2026-08-18 10:00:00,8411.T,8599,10,85990,OK,Yahoo Finance JP full-market screener (delayed)
2026-08-18,10:04:57,2026-08-18 10:00:00,8591.T,6372,13,82836,OK,Yahoo Finance JP full-market screener (delayed)
2026-08-18,10:04:43,2026-08-18 10:00:00,8630.T,6680,12,80160,OK,Yahoo Finance JP full-market screener (delayed)
2026-08-18,10:05:01,2026-08-18 10:00:00,8750.T,1843.5,10,18435,OK,Yahoo Finance JP full-market screener (delayed)
2026-08-18,10:05:01,2026-08-18 10:00:00,8766.T,7414,12,88968,OK,Yahoo Finance JP full-market screener (delayed)
2026-08-18,10:05:03,2026-08-18 10:00:00,8795.T,4916,14,68824,OK,Yahoo Finance JP full-market screener (delayed)
2026-08-18,10:04:53,2026-08-18 10:00:00,9432.T,159.3,500,79650,OK,Yahoo Finance JP full-market screener (delayed)
2026-08-18,10:05:01,2026-08-18 10:00:00,9433.T,2815,23,64745,OK,Yahoo Finance JP full-market screener (delayed)
2026-08-18,10:05:02,2026-08-18 10:00:00,9697.T,4072,7,28504,OK,Yahoo Finance JP full-market screener (delayed)
2026-08-18,10:05:03,2026-08-18 10:00:00,9983.T,75980,2,151960,OK,Yahoo Finance JP full-market screener (delayed)
2026-08-18,11:30:00,2026-08-18 12:00:00,1801.T,12835,3,38505,OK,Yahoo Finance JP full-market screener (delayed)
2026-08-18,11:30:00,2026-08-18 12:00:00,1812.T,4925,14,68950,OK,Yahoo Finance JP full-market screener (delayed)
2026-08-18,11:30:00,2026-08-18 12:00:00,5333.T,5906,5,29530,OK,Yahoo Finance JP full-market screener (delayed)
2026-08-18,11:30:00,2026-08-18 12:00:00,5803.T,5954,8,47632,OK,Yahoo Finance JP full-market screener (delayed)
2026-08-18,11:30:00,2026-08-18 12:00:00,6146.T,62920,1,62920,OK,Yahoo Finance JP full-market screener (delayed)
2026-08-18,11:30:00,2026-08-18 12:00:00,6383.T,6185,6,37110,OK,Yahoo Finance JP full-market screener (delayed)
2026-08-18,11:30:00,2026-08-18 12:00:00,6501.T,5509,15,82635,OK,Yahoo Finance JP full-market screener (delayed)
2026-08-18,11:30:00,2026-08-18 12:00:00,6503.T,6069,14,84966,OK,Yahoo Finance JP full-market screener (delayed)
2026-08-18,11:30:00,2026-08-18 12:00:00,6504.T,14450,6,86700,OK,Yahoo Finance JP full-market screener (delayed)
2026-08-18,11:30:00,2026-08-18 12:00:00,6762.T,3140,23,72220,OK,Yahoo Finance JP full-market screener (delayed)
2026-08-18,11:30:00,2026-08-18 12:00:00,6861.T,84710,2,169420,OK,Yahoo Finance JP full-market screener (delayed)
2026-08-18,11:30:00,2026-08-18 12:00:00,7012.T,2872,25,71800,OK,Yahoo Finance JP full-market screener (delayed)
2026-08-18,11:30:00,2026-08-18 12:00:00,7203.T,3017,23,69391,OK,Yahoo Finance JP full-market screener (delayed)
2026-08-18,11:30:00,2026-08-18 12:00:00,7269.T,2073.5,20,41470,OK,Yahoo Finance JP full-market screener (delayed)
2026-08-18,11:30:00,2026-08-18 12:00:00,7532.T,923.5,70,64645,OK,Yahoo Finance JP full-market screener (delayed)
2026-08-18,11:30:00,2026-08-18 12:00:00,7832.T,5338,16,85408,OK,Yahoo Finance JP full-market screener (delayed)
2026-08-18,11:30:00,2026-08-18 12:00:00,8035.T,57210,1,57210,OK,Yahoo Finance JP full-market screener (delayed)
2026-08-18,11:30:00,2026-08-18 12:00:00,8306.T,3689,18,66402,OK,Yahoo Finance JP full-market screener (delayed)
2026-08-18,11:30:00,2026-08-18 12:00:00,8316.T,6975,13,90675,OK,Yahoo Finance JP full-market screener (delayed)
2026-08-18,11:30:00,2026-08-18 12:00:00,8411.T,8561,10,85610,OK,Yahoo Finance JP full-market screener (delayed)
2026-08-18,11:30:00,2026-08-18 12:00:00,8591.T,6351,13,82563,OK,Yahoo Finance JP full-market screener (delayed)
2026-08-18,11:30:00,2026-08-18 12:00:00,8630.T,6719,12,80628,OK,Yahoo Finance JP full-market screener (delayed)
2026-08-18,11:30:00,2026-08-18 12:00:00,8750.T,1850,10,18500,OK,Yahoo Finance JP full-market screener (delayed)
2026-08-18,11:30:00,2026-08-18 12:00:00,8766.T,7422,12,89064,OK,Yahoo Finance JP full-market screener (delayed)
2026-08-18,11:30:00,2026-08-18 12:00:00,8795.T,4926,14,68964,OK,Yahoo Finance JP full-market screener (delayed)
2026-08-18,11:30:00,2026-08-18 12:00:00,9432.T,160.2,500,80100,OK,Yahoo Finance JP full-market screener (delayed)
2026-08-18,11:30:00,2026-08-18 12:00:00,9433.T,2839.5,23,65308.5,OK,Yahoo Finance JP full-market screener (delayed)
2026-08-18,11:30:00,2026-08-18 12:00:00,9697.T,4121,7,28847,OK,Yahoo Finance JP full-market screener (delayed)
2026-08-18,11:30:00,2026-08-18 12:00:00,9983.T,76150,2,152300,OK,Yahoo Finance JP full-market screener (delayed)
2026-08-18,13:05:00,2026-08-18 13:00:00,1801.T,12795,3,38385,OK,Yahoo Finance JP full-market screener (delayed)
2026-08-18,13:05:04,2026-08-18 13:00:00,1812.T,4919,14,68866,OK,Yahoo Finance JP full-market screener (delayed)
2026-08-18,13:04:55,2026-08-18 13:00:00,5333.T,5878,5,29390,OK,Yahoo Finance JP full-market screener (delayed)
2026-08-18,13:05:04,2026-08-18 13:00:00,5803.T,6019,8,48152,OK,Yahoo Finance JP full-market screener (delayed)
2026-08-18,13:04:58,2026-08-18 13:00:00,6146.T,62700,1,62700,OK,Yahoo Finance JP full-market screener (delayed)
2026-08-18,13:05:02,2026-08-18 13:00:00,6383.T,6196,6,37176,OK,Yahoo Finance JP full-market screener (delayed)
2026-08-18,13:05:04,2026-08-18 13:00:00,6501.T,5524,15,82860,OK,Yahoo Finance JP full-market screener (delayed)
2026-08-18,13:05:01,2026-08-18 13:00:00,6503.T,6070,14,84980,OK,Yahoo Finance JP full-market screener (delayed)
2026-08-18,13:04:55,2026-08-18 13:00:00,6504.T,14400,6,86400,OK,Yahoo Finance JP full-market screener (delayed)
2026-08-18,13:05:04,2026-08-18 13:00:00,6762.T,3155,23,72565,OK,Yahoo Finance JP full-market screener (delayed)
2026-08-18,13:04:56,2026-08-18 13:00:00,6861.T,84460,2,168920,OK,Yahoo Finance JP full-market screener (delayed)
2026-08-18,13:05:04,2026-08-18 13:00:00,7012.T,2878,25,71950,OK,Yahoo Finance JP full-market screener (delayed)
2026-08-18,13:05:04,2026-08-18 13:00:00,7203.T,3015,23,69345,OK,Yahoo Finance JP full-market screener (delayed)
2026-08-18,13:04:59,2026-08-18 13:00:00,7269.T,2074.5,20,41490,OK,Yahoo Finance JP full-market screener (delayed)
2026-08-18,13:05:02,2026-08-18 13:00:00,7532.T,919.6,70,64372,OK,Yahoo Finance JP full-market screener (delayed)
2026-08-18,13:05:00,2026-08-18 13:00:00,7832.T,5302,16,84832,OK,Yahoo Finance JP full-market screener (delayed)
2026-08-18,13:05:04,2026-08-18 13:00:00,8035.T,57020,1,57020,OK,Yahoo Finance JP full-market screener (delayed)
2026-08-18,13:05:03,2026-08-18 13:00:00,8306.T,3680,18,66240,OK,Yahoo Finance JP full-market screener (delayed)
2026-08-18,13:05:00,2026-08-18 13:00:00,8316.T,6953,13,90389,OK,Yahoo Finance JP full-market screener (delayed)
2026-08-18,13:05:00,2026-08-18 13:00:00,8411.T,8552,10,85520,OK,Yahoo Finance JP full-market screener (delayed)
2026-08-18,13:05:01,2026-08-18 13:00:00,8591.T,6305,13,81965,OK,Yahoo Finance JP full-market screener (delayed)
2026-08-18,13:05:00,2026-08-18 13:00:00,8630.T,6719,12,80628,OK,Yahoo Finance JP full-market screener (delayed)
2026-08-18,13:05:00,2026-08-18 13:00:00,8750.T,1845,10,18450,OK,Yahoo Finance JP full-market screener (delayed)
2026-08-18,13:05:03,2026-08-18 13:00:00,8766.T,7401,12,88812,OK,Yahoo Finance JP full-market screener (delayed)
2026-08-18,13:05:03,2026-08-18 13:00:00,8795.T,4920,14,68880,OK,Yahoo Finance JP full-market screener (delayed)
2026-08-18,13:05:04,2026-08-18 13:00:00,9432.T,159.6,500,79800,OK,Yahoo Finance JP full-market screener (delayed)
2026-08-18,13:05:02,2026-08-18 13:00:00,9433.T,2833,23,65159,OK,Yahoo Finance JP full-market screener (delayed)
2026-08-18,13:05:02,2026-08-18 13:00:00,9697.T,4091,7,28637,OK,Yahoo Finance JP full-market screener (delayed)
2026-08-18,13:05:04,2026-08-18 13:00:00,9983.T,75450,2,150900,OK,Yahoo Finance JP full-market screener (delayed)
2026-08-18,14:04:15,2026-08-18 14:00:00,1801.T,12680,3,38040,OK,Yahoo Finance JP full-market screener (delayed)
2026-08-18,14:05:03,2026-08-18 14:00:00,1812.T,4903,14,68642,OK,Yahoo Finance JP full-market screener (delayed)
2026-08-18,14:04:57,2026-08-18 14:00:00,5333.T,5867,5,29335,OK,Yahoo Finance JP full-market screener (delayed)
2026-08-18,14:05:02,2026-08-18 14:00:00,5803.T,5961,8,47688,OK,Yahoo Finance JP full-market screener (delayed)
2026-08-18,14:04:39,2026-08-18 14:00:00,6146.T,62510,1,62510,OK,Yahoo Finance JP full-market screener (delayed)
2026-08-18,14:04:50,2026-08-18 14:00:00,6383.T,6158,6,36948,OK,Yahoo Finance JP full-market screener (delayed)
2026-08-18,14:04:58,2026-08-18 14:00:00,6501.T,5511,15,82665,OK,Yahoo Finance JP full-market screener (delayed)
2026-08-18,14:05:02,2026-08-18 14:00:00,6503.T,6043,14,84602,OK,Yahoo Finance JP full-market screener (delayed)
2026-08-18,14:05:02,2026-08-18 14:00:00,6504.T,14415,6,86490,OK,Yahoo Finance JP full-market screener (delayed)
2026-08-18,14:05:01,2026-08-18 14:00:00,6762.T,3135,23,72105,OK,Yahoo Finance JP full-market screener (delayed)
2026-08-18,14:04:21,2026-08-18 14:00:00,6861.T,84210,2,168420,OK,Yahoo Finance JP full-market screener (delayed)
2026-08-18,14:05:01,2026-08-18 14:00:00,7012.T,2865,25,71625,OK,Yahoo Finance JP full-market screener (delayed)
2026-08-18,14:05:02,2026-08-18 14:00:00,7203.T,3011,23,69253,OK,Yahoo Finance JP full-market screener (delayed)
2026-08-18,14:05:00,2026-08-18 14:00:00,7269.T,2070.5,20,41410,OK,Yahoo Finance JP full-market screener (delayed)
2026-08-18,14:05:01,2026-08-18 14:00:00,7532.T,918.4,70,64288,OK,Yahoo Finance JP full-market screener (delayed)
2026-08-18,14:04:58,2026-08-18 14:00:00,7832.T,5299,16,84784,OK,Yahoo Finance JP full-market screener (delayed)
2026-08-18,14:05:03,2026-08-18 14:00:00,8035.T,56840,1,56840,OK,Yahoo Finance JP full-market screener (delayed)
2026-08-18,14:04:56,2026-08-18 14:00:00,8306.T,3668,18,66024,OK,Yahoo Finance JP full-market screener (delayed)
2026-08-18,14:04:58,2026-08-18 14:00:00,8316.T,6937,13,90181,OK,Yahoo Finance JP full-market screener (delayed)
2026-08-18,14:05:02,2026-08-18 14:00:00,8411.T,8556,10,85560,OK,Yahoo Finance JP full-market screener (delayed)
2026-08-18,14:04:43,2026-08-18 14:00:00,8591.T,6276,13,81588,OK,Yahoo Finance JP full-market screener (delayed)
2026-08-18,14:05:02,2026-08-18 14:00:00,8630.T,6732,12,80784,OK,Yahoo Finance JP full-market screener (delayed)
2026-08-18,14:05:02,2026-08-18 14:00:00,8750.T,1845.5,10,18455,OK,Yahoo Finance JP full-market screener (delayed)
2026-08-18,14:05:02,2026-08-18 14:00:00,8766.T,7383,12,88596,OK,Yahoo Finance JP full-market screener (delayed)
2026-08-18,14:05:01,2026-08-18 14:00:00,8795.T,4926,14,68964,OK,Yahoo Finance JP full-market screener (delayed)
2026-08-18,14:05:00,2026-08-18 14:00:00,9432.T,159.4,500,79700,OK,Yahoo Finance JP full-market screener (delayed)
2026-08-18,14:05:02,2026-08-18 14:00:00,9433.T,2834.5,23,65193.5,OK,Yahoo Finance JP full-market screener (delayed)
2026-08-18,14:04:39,2026-08-18 14:00:00,9697.T,4099,7,28693,OK,Yahoo Finance JP full-market screener (delayed)
2026-08-18,14:05:03,2026-08-18 14:00:00,9983.T,74950,2,149900,OK,Yahoo Finance JP full-market screener (delayed)
2026-08-18,15:05:00,2026-08-18 15:00:00,1801.T,12680,3,38040,OK,Yahoo Finance JP full-market screener (delayed)
2026-08-18,15:04:55,2026-08-18 15:00:00,1812.T,4896,14,68544,OK,Yahoo Finance JP full-market screener (delayed)
2026-08-18,15:05:02,2026-08-18 15:00:00,5333.T,5834,5,29170,OK,Yahoo Finance JP full-market screener (delayed)
2026-08-18,15:05:03,2026-08-18 15:00:00,5803.T,5903,8,47224,OK,Yahoo Finance JP full-market screener (delayed)
2026-08-18,15:05:00,2026-08-18 15:00:00,6146.T,62240,1,62240,OK,Yahoo Finance JP full-market screener (delayed)
2026-08-18,15:04:57,2026-08-18 15:00:00,6383.T,6141,6,36846,OK,Yahoo Finance JP full-market screener (delayed)
2026-08-18,15:05:01,2026-08-18 15:00:00,6501.T,5513,15,82695,OK,Yahoo Finance JP full-market screener (delayed)
2026-08-18,15:05:02,2026-08-18 15:00:00,6503.T,6015,14,84210,OK,Yahoo Finance JP full-market screener (delayed)
2026-08-18,15:04:49,2026-08-18 15:00:00,6504.T,14330,6,85980,OK,Yahoo Finance JP full-market screener (delayed)
2026-08-18,15:05:01,2026-08-18 15:00:00,6762.T,3127,23,71921,OK,Yahoo Finance JP full-market screener (delayed)
2026-08-18,15:04:52,2026-08-18 15:00:00,6861.T,84040,2,168080,OK,Yahoo Finance JP full-market screener (delayed)
2026-08-18,15:05:00,2026-08-18 15:00:00,7012.T,2855,25,71375,OK,Yahoo Finance JP full-market screener (delayed)
2026-08-18,15:05:02,2026-08-18 15:00:00,7203.T,3012,23,69276,OK,Yahoo Finance JP full-market screener (delayed)
2026-08-18,15:05:03,2026-08-18 15:00:00,7269.T,2074.5,20,41490,OK,Yahoo Finance JP full-market screener (delayed)
2026-08-18,15:05:03,2026-08-18 15:00:00,7532.T,915.2,70,64064,OK,Yahoo Finance JP full-market screener (delayed)
2026-08-18,15:05:02,2026-08-18 15:00:00,7832.T,5319,16,85104,OK,Yahoo Finance JP full-market screener (delayed)
2026-08-18,15:05:00,2026-08-18 15:00:00,8035.T,56510,1,56510,OK,Yahoo Finance JP full-market screener (delayed)
2026-08-18,15:05:01,2026-08-18 15:00:00,8306.T,3652,18,65736,OK,Yahoo Finance JP full-market screener (delayed)
2026-08-18,15:05:02,2026-08-18 15:00:00,8316.T,6915,13,89895,OK,Yahoo Finance JP full-market screener (delayed)
2026-08-18,15:04:59,2026-08-18 15:00:00,8411.T,8518,10,85180,OK,Yahoo Finance JP full-market screener (delayed)
2026-08-18,15:05:02,2026-08-18 15:00:00,8591.T,6265,13,81445,OK,Yahoo Finance JP full-market screener (delayed)
2026-08-18,15:04:45,2026-08-18 15:00:00,8630.T,6727,12,80724,OK,Yahoo Finance JP full-market screener (delayed)
2026-08-18,15:04:59,2026-08-18 15:00:00,8750.T,1839.5,10,18395,OK,Yahoo Finance JP full-market screener (delayed)
2026-08-18,15:05:00,2026-08-18 15:00:00,8766.T,7392,12,88704,OK,Yahoo Finance JP full-market screener (delayed)
2026-08-18,15:04:58,2026-08-18 15:00:00,8795.T,4913,14,68782,OK,Yahoo Finance JP full-market screener (delayed)
2026-08-18,15:05:02,2026-08-18 15:00:00,9432.T,159.9,500,79950,OK,Yahoo Finance JP full-market screener (delayed)
2026-08-18,15:05:00,2026-08-18 15:00:00,9433.T,2847.5,23,65492.5,OK,Yahoo Finance JP full-market screener (delayed)
2026-08-18,15:04:50,2026-08-18 15:00:00,9697.T,4108,7,28756,OK,Yahoo Finance JP full-market screener (delayed)
2026-08-18,15:04:41,2026-08-18 15:00:00,9983.T,75070,2,150140,OK,Yahoo Finance JP full-market screener (delayed)
2026-08-18,15:30:00,2026-08-18 16:00:00,1801.T,12695,3,38085,OK,Yahoo Finance JP full-market screener (delayed)
2026-08-18,15:30:00,2026-08-18 16:00:00,1812.T,4891,14,68474,OK,Yahoo Finance JP full-market screener (delayed)
2026-08-18,15:30:00,2026-08-18 16:00:00,5333.T,5850,5,29250,OK,Yahoo Finance JP full-market screener (delayed)
2026-08-18,15:30:00,2026-08-18 16:00:00,5803.T,5902,8,47216,OK,Yahoo Finance JP full-market screener (delayed)
2026-08-18,15:30:00,2026-08-18 16:00:00,6146.T,62350,1,62350,OK,Yahoo Finance JP full-market screener (delayed)
2026-08-18,15:30:00,2026-08-18 16:00:00,6383.T,6164,6,36984,OK,Yahoo Finance JP full-market screener (delayed)
2026-08-18,15:30:00,2026-08-18 16:00:00,6501.T,5514,15,82710,OK,Yahoo Finance JP full-market screener (delayed)
2026-08-18,15:30:00,2026-08-18 16:00:00,6503.T,6031,14,84434,OK,Yahoo Finance JP full-market screener (delayed)
2026-08-18,15:30:00,2026-08-18 16:00:00,6504.T,14410,6,86460,OK,Yahoo Finance JP full-market screener (delayed)
2026-08-18,15:30:00,2026-08-18 16:00:00,6762.T,3139,23,72197,OK,Yahoo Finance JP full-market screener (delayed)
2026-08-18,15:30:00,2026-08-18 16:00:00,6861.T,84130,2,168260,OK,Yahoo Finance JP full-market screener (delayed)
2026-08-18,15:30:00,2026-08-18 16:00:00,7012.T,2860,25,71500,OK,Yahoo Finance JP full-market screener (delayed)
2026-08-18,15:30:00,2026-08-18 16:00:00,7203.T,3022,23,69506,OK,Yahoo Finance JP full-market screener (delayed)
2026-08-18,15:30:00,2026-08-18 16:00:00,7269.T,2081,20,41620,OK,Yahoo Finance JP full-market screener (delayed)
2026-08-18,15:30:00,2026-08-18 16:00:00,7532.T,915.5,70,64085,OK,Yahoo Finance JP full-market screener (delayed)
2026-08-18,15:30:00,2026-08-18 16:00:00,7832.T,5342,16,85472,OK,Yahoo Finance JP full-market screener (delayed)
2026-08-18,15:30:00,2026-08-18 16:00:00,8035.T,56380,1,56380,OK,Yahoo Finance JP full-market screener (delayed)
2026-08-18,15:30:00,2026-08-18 16:00:00,8306.T,3654,18,65772,OK,Yahoo Finance JP full-market screener (delayed)
2026-08-18,15:30:00,2026-08-18 16:00:00,8316.T,6900,13,89700,OK,Yahoo Finance JP full-market screener (delayed)
2026-08-18,15:30:00,2026-08-18 16:00:00,8411.T,8531,10,85310,OK,Yahoo Finance JP full-market screener (delayed)
2026-08-18,15:30:00,2026-08-18 16:00:00,8591.T,6295,13,81835,OK,Yahoo Finance JP full-market screener (delayed)
2026-08-18,15:30:00,2026-08-18 16:00:00,8630.T,6740,12,80880,OK,Yahoo Finance JP full-market screener (delayed)
2026-08-18,15:30:00,2026-08-18 16:00:00,8750.T,1841.5,10,18415,OK,Yahoo Finance JP full-market screener (delayed)
2026-08-18,15:30:00,2026-08-18 16:00:00,8766.T,7371,12,88452,OK,Yahoo Finance JP full-market screener (delayed)
2026-08-18,15:30:00,2026-08-18 16:00:00,8795.T,4929,14,69006,OK,Yahoo Finance JP full-market screener (delayed)
2026-08-18,15:30:00,2026-08-18 16:00:00,9432.T,160.4,500,80200,OK,Yahoo Finance JP full-market screener (delayed)
2026-08-18,15:30:00,2026-08-18 16:00:00,9433.T,2854,23,65642,OK,Yahoo Finance JP full-market screener (delayed)
2026-08-18,15:30:00,2026-08-18 16:00:00,9697.T,4105,7,28735,OK,Yahoo Finance JP full-market screener (delayed)
2026-08-18,15:30:00,2026-08-18 16:00:00,9983.T,75010,2,150020,OK,Yahoo Finance JP full-market screener (delayed)
2026-08-18,15:30:00,2026-08-18 17:00:00,1801.T,12695,3,38085,OK,Yahoo Finance JP full-market screener (delayed)
2026-08-18,15:30:00,2026-08-18 17:00:00,1812.T,4891,14,68474,OK,Yahoo Finance JP full-market screener (delayed)
2026-08-18,15:30:00,2026-08-18 17:00:00,5333.T,5850,5,29250,OK,Yahoo Finance JP full-market screener (delayed)
2026-08-18,15:30:00,2026-08-18 17:00:00,5803.T,5902,8,47216,OK,Yahoo Finance JP full-market screener (delayed)
2026-08-18,15:30:00,2026-08-18 17:00:00,6146.T,62350,1,62350,OK,Yahoo Finance JP full-market screener (delayed)
2026-08-18,15:30:00,2026-08-18 17:00:00,6383.T,6164,6,36984,OK,Yahoo Finance JP full-market screener (delayed)
2026-08-18,15:30:00,2026-08-18 17:00:00,6501.T,5514,15,82710,OK,Yahoo Finance JP full-market screener (delayed)
2026-08-18,15:30:00,2026-08-18 17:00:00,6503.T,6031,14,84434,OK,Yahoo Finance JP full-market screener (delayed)
2026-08-18,15:30:00,2026-08-18 17:00:00,6504.T,14410,6,86460,OK,Yahoo Finance JP full-market screener (delayed)
2026-08-18,15:30:00,2026-08-18 17:00:00,6762.T,3139,23,72197,OK,Yahoo Finance JP full-market screener (delayed)
2026-08-18,15:30:00,2026-08-18 17:00:00,6861.T,84130,2,168260,OK,Yahoo Finance JP full-market screener (delayed)
2026-08-18,15:30:00,2026-08-18 17:00:00,7012.T,2860,25,71500,OK,Yahoo Finance JP full-market screener (delayed)
2026-08-18,15:30:00,2026-08-18 17:00:00,7203.T,3022,23,69506,OK,Yahoo Finance JP full-market screener (delayed)
2026-08-18,15:30:00,2026-08-18 17:00:00,7269.T,2081,20,41620,OK,Yahoo Finance JP full-market screener (delayed)
2026-08-18,15:30:00,2026-08-18 17:00:00,7532.T,915.5,70,64085,OK,Yahoo Finance JP full-market screener (delayed)
2026-08-18,15:30:00,2026-08-18 17:00:00,7832.T,5342,16,85472,OK,Yahoo Finance JP full-market screener (delayed)
2026-08-18,15:30:00,2026-08-18 17:00:00,8035.T,56380,1,56380,OK,Yahoo Finance JP full-market screener (delayed)
2026-08-18,15:30:00,2026-08-18 17:00:00,8306.T,3654,18,65772,OK,Yahoo Finance JP full-market screener (delayed)
2026-08-18,15:30:00,2026-08-18 17:00:00,8316.T,6900,13,89700,OK,Yahoo Finance JP full-market screener (delayed)
2026-08-18,15:30:00,2026-08-18 17:00:00,8411.T,8531,10,85310,OK,Yahoo Finance JP full-market screener (delayed)
2026-08-18,15:30:00,2026-08-18 17:00:00,8591.T,6295,13,81835,OK,Yahoo Finance JP full-market screener (delayed)
2026-08-18,15:30:00,2026-08-18 17:00:00,8630.T,6740,12,80880,OK,Yahoo Finance JP full-market screener (delayed)
2026-08-18,15:30:00,2026-08-18 17:00:00,8750.T,1841.5,10,18415,OK,Yahoo Finance JP full-market screener (delayed)
2026-08-18,15:30:00,2026-08-18 17:00:00,8766.T,7371,12,88452,OK,Yahoo Finance JP full-market screener (delayed)
2026-08-18,15:30:00,2026-08-18 17:00:00,8795.T,4929,14,69006,OK,Yahoo Finance JP full-market screener (delayed)
2026-08-18,15:30:00,2026-08-18 17:00:00,9432.T,160.4,500,80200,OK,Yahoo Finance JP full-market screener (delayed)
2026-08-18,15:30:00,2026-08-18 17:00:00,9433.T,2854,23,65642,OK,Yahoo Finance JP full-market screener (delayed)
2026-08-18,15:30:00,2026-08-18 17:00:00,9697.T,4105,7,28735,OK,Yahoo Finance JP full-market screener (delayed)
2026-08-18,15:30:00,2026-08-18 17:00:00,9983.T,75010,2,150020,OK,Yahoo Finance JP full-market screener (delayed)
2026-08-19,09:04:54,2026-08-19 09:00:00,1801.T,12695,3,38085,OK,Yahoo Finance JP full-market screener (delayed)
2026-08-19,09:05:04,2026-08-19 09:00:00,1812.T,4756,14,66584,OK,Yahoo Finance JP full-market screener (delayed)
2026-08-18,15:30:00,2026-08-19 09:00:00,5333.T,5850,5,29250,OK,Yahoo Finance JP full-market screener (delayed)
2026-08-18,15:30:00,2026-08-19 09:00:00,5803.T,5902,8,47216,OK,Yahoo Finance JP full-market screener (delayed)
2026-08-18,15:30:00,2026-08-19 09:00:00,6146.T,62350,1,62350,OK,Yahoo Finance JP full-market screener (delayed)
2026-08-18,15:30:00,2026-08-19 09:00:00,6383.T,6164,6,36984,OK,Yahoo Finance JP full-market screener (delayed)
2026-08-19,09:05:04,2026-08-19 09:00:00,6501.T,5362,15,80430,OK,Yahoo Finance JP full-market screener (delayed)
2026-08-18,15:30:00,2026-08-19 09:00:00,6503.T,6031,14,84434,OK,Yahoo Finance JP full-market screener (delayed)
2026-08-18,15:30:00,2026-08-19 09:00:00,6504.T,14410,6,86460,OK,Yahoo Finance JP full-market screener (delayed)
2026-08-19,09:05:03,2026-08-19 09:00:00,6762.T,3017,23,69391,OK,Yahoo Finance JP full-market screener (delayed)
2026-08-18,15:30:00,2026-08-19 09:00:00,6861.T,84130,2,168260,OK,Yahoo Finance JP full-market screener (delayed)
2026-08-18,15:30:00,2026-08-19 09:00:00,7012.T,2860,25,71500,OK,Yahoo Finance JP full-market screener (delayed)
2026-08-19,09:05:05,2026-08-19 09:00:00,7203.T,2995.5,23,68896.5,OK,Yahoo Finance JP full-market screener (delayed)
2026-08-19,09:05:02,2026-08-19 09:00:00,7269.T,2056.5,20,41130,OK,Yahoo Finance JP full-market screener (delayed)
2026-08-18,15:30:00,2026-08-19 09:00:00,7532.T,915.5,70,64085,OK,Yahoo Finance JP full-market screener (delayed)
2026-08-19,09:05:04,2026-08-19 09:00:00,7832.T,5406,16,86496,OK,Yahoo Finance JP full-market screener (delayed)
2026-08-18,15:30:00,2026-08-19 09:00:00,8035.T,56380,1,56380,OK,Yahoo Finance JP full-market screener (delayed)
2026-08-19,09:05:04,2026-08-19 09:00:00,8306.T,3547,18,63846,OK,Yahoo Finance JP full-market screener (delayed)
2026-08-19,09:05:04,2026-08-19 09:00:00,8316.T,6681,13,86853,OK,Yahoo Finance JP full-market screener (delayed)
2026-08-19,09:05:04,2026-08-19 09:00:00,8411.T,8238,10,82380,OK,Yahoo Finance JP full-market screener (delayed)
2026-08-19,09:05:04,2026-08-19 09:00:00,8591.T,6157,13,80041,OK,Yahoo Finance JP full-market screener (delayed)
2026-08-19,09:05:02,2026-08-19 09:00:00,8630.T,6692,12,80304,OK,Yahoo Finance JP full-market screener (delayed)
2026-08-19,09:05:02,2026-08-19 09:00:00,8750.T,1800,10,18000,OK,Yahoo Finance JP full-market screener (delayed)
2026-08-19,09:05:04,2026-08-19 09:00:00,8766.T,7322,12,87864,OK,Yahoo Finance JP full-market screener (delayed)
2026-08-19,09:05:05,2026-08-19 09:00:00,8795.T,4833,14,67662,OK,Yahoo Finance JP full-market screener (delayed)
2026-08-19,09:05:04,2026-08-19 09:00:00,9432.T,160.9,500,80450,OK,Yahoo Finance JP full-market screener (delayed)
2026-08-19,09:05:02,2026-08-19 09:00:00,9433.T,2860.5,23,65791.5,OK,Yahoo Finance JP full-market screener (delayed)
2026-08-19,09:05:04,2026-08-19 09:00:00,9697.T,4170,7,29190,OK,Yahoo Finance JP full-market screener (delayed)
2026-08-19,09:05:03,2026-08-19 09:00:00,9983.T,75180,2,150360,OK,Yahoo Finance JP full-market screener (delayed)
2026-08-19,10:05:02,2026-08-19 10:00:00,1801.T,12250,3,36750,OK,Yahoo Finance JP full-market screener (delayed)
2026-08-19,10:05:01,2026-08-19 10:00:00,1812.T,4717,14,66038,OK,Yahoo Finance JP full-market screener (delayed)
2026-08-19,10:05:00,2026-08-19 10:00:00,5333.T,5609,5,28045,OK,Yahoo Finance JP full-market screener (delayed)
2026-08-19,10:05:03,2026-08-19 10:00:00,5803.T,5538,8,44304,OK,Yahoo Finance JP full-market screener (delayed)
2026-08-19,10:04:59,2026-08-19 10:00:00,6146.T,61000,1,61000,OK,Yahoo Finance JP full-market screener (delayed)
2026-08-19,10:05:01,2026-08-19 10:00:00,6383.T,5926,6,35556,OK,Yahoo Finance JP full-market screener (delayed)
2026-08-19,10:05:02,2026-08-19 10:00:00,6501.T,5255,15,78825,OK,Yahoo Finance JP full-market screener (delayed)
2026-08-19,10:05:00,2026-08-19 10:00:00,6503.T,5738,14,80332,OK,Yahoo Finance JP full-market screener (delayed)
2026-08-19,10:04:59,2026-08-19 10:00:00,6504.T,13680,6,82080,OK,Yahoo Finance JP full-market screener (delayed)
2026-08-19,10:05:04,2026-08-19 10:00:00,6762.T,3035,23,69805,OK,Yahoo Finance JP full-market screener (delayed)
2026-08-19,10:04:45,2026-08-19 10:00:00,6861.T,81240,2,162480,OK,Yahoo Finance JP full-market screener (delayed)
2026-08-19,10:05:02,2026-08-19 10:00:00,7012.T,2696,25,67400,OK,Yahoo Finance JP full-market screener (delayed)
2026-08-19,10:05:02,2026-08-19 10:00:00,7203.T,2940,23,67620,OK,Yahoo Finance JP full-market screener (delayed)
2026-08-19,10:05:01,2026-08-19 10:00:00,7269.T,2025.5,20,40510,OK,Yahoo Finance JP full-market screener (delayed)
2026-08-19,10:05:01,2026-08-19 10:00:00,7532.T,816.5,70,57155,OK,Yahoo Finance JP full-market screener (delayed)
2026-08-19,10:04:57,2026-08-19 10:00:00,7832.T,5333,16,85328,OK,Yahoo Finance JP full-market screener (delayed)
2026-08-19,10:05:02,2026-08-19 10:00:00,8035.T,55260,1,55260,OK,Yahoo Finance JP full-market screener (delayed)
2026-08-19,10:05:03,2026-08-19 10:00:00,8306.T,3550,18,63900,OK,Yahoo Finance JP full-market screener (delayed)
2026-08-19,10:05:04,2026-08-19 10:00:00,8316.T,6674,13,86762,OK,Yahoo Finance JP full-market screener (delayed)
2026-08-19,10:05:02,2026-08-19 10:00:00,8411.T,8260,10,82600,OK,Yahoo Finance JP full-market screener (delayed)
2026-08-19,10:05:04,2026-08-19 10:00:00,8591.T,6120,13,79560,OK,Yahoo Finance JP full-market screener (delayed)
2026-08-19,10:05:01,2026-08-19 10:00:00,8630.T,6610,12,79320,OK,Yahoo Finance JP full-market screener (delayed)
2026-08-19,10:05:03,2026-08-19 10:00:00,8750.T,1792,10,17920,OK,Yahoo Finance JP full-market screener (delayed)
2026-08-19,10:05:02,2026-08-19 10:00:00,8766.T,7220,12,86640,OK,Yahoo Finance JP full-market screener (delayed)
2026-08-19,10:05:04,2026-08-19 10:00:00,8795.T,4801,14,67214,OK,Yahoo Finance JP full-market screener (delayed)
2026-08-19,10:05:03,2026-08-19 10:00:00,9432.T,159.2,500,79600,OK,Yahoo Finance JP full-market screener (delayed)
2026-08-19,10:04:57,2026-08-19 10:00:00,9433.T,2826,23,64998,OK,Yahoo Finance JP full-market screener (delayed)
2026-08-19,10:04:57,2026-08-19 10:00:00,9697.T,4116,7,28812,OK,Yahoo Finance JP full-market screener (delayed)
2026-08-19,10:05:00,2026-08-19 10:00:00,9983.T,74740,2,149480,OK,Yahoo Finance JP full-market screener (delayed)
2026-08-19,11:04:15,2026-08-19 11:00:00,1801.T,12265,3,36795,OK,Yahoo Finance JP full-market screener (delayed)
2026-08-19,11:05:01,2026-08-19 11:00:00,1812.T,4706,14,65884,OK,Yahoo Finance JP full-market screener (delayed)
2026-08-19,11:05:01,2026-08-19 11:00:00,5333.T,5572,5,27860,OK,Yahoo Finance JP full-market screener (delayed)
2026-08-19,11:05:04,2026-08-19 11:00:00,5803.T,5486,8,43888,OK,Yahoo Finance JP full-market screener (delayed)
2026-08-19,11:04:54,2026-08-19 11:00:00,6146.T,60820,1,60820,OK,Yahoo Finance JP full-market screener (delayed)
2026-08-19,11:04:58,2026-08-19 11:00:00,6383.T,5865,6,35190,OK,Yahoo Finance JP full-market screener (delayed)
2026-08-19,11:04:59,2026-08-19 11:00:00,6501.T,5258,15,78870,OK,Yahoo Finance JP full-market screener (delayed)
2026-08-19,11:05:01,2026-08-19 11:00:00,6503.T,5701,14,79814,OK,Yahoo Finance JP full-market screener (delayed)
2026-08-19,11:04:54,2026-08-19 11:00:00,6504.T,13615,6,81690,OK,Yahoo Finance JP full-market screener (delayed)
2026-08-19,11:04:59,2026-08-19 11:00:00,6762.T,3022,23,69506,OK,Yahoo Finance JP full-market screener (delayed)
2026-08-19,11:05:03,2026-08-19 11:00:00,6861.T,80900,2,161800,OK,Yahoo Finance JP full-market screener (delayed)
2026-08-19,11:05:01,2026-08-19 11:00:00,7012.T,2681,25,67025,OK,Yahoo Finance JP full-market screener (delayed)
2026-08-19,11:05:02,2026-08-19 11:00:00,7203.T,2933.5,23,67470.5,OK,Yahoo Finance JP full-market screener (delayed)
2026-08-19,11:05:01,2026-08-19 11:00:00,7269.T,2022,20,40440,OK,Yahoo Finance JP full-market screener (delayed)
2026-08-19,11:05:04,2026-08-19 11:00:00,7532.T,819.1,70,57337,OK,Yahoo Finance JP full-market screener (delayed)
2026-08-19,11:04:58,2026-08-19 11:00:00,7832.T,5298,16,84768,OK,Yahoo Finance JP full-market screener (delayed)
2026-08-19,11:05:01,2026-08-19 11:00:00,8035.T,54930,1,54930,OK,Yahoo Finance JP full-market screener (delayed)
2026-08-19,11:05:02,2026-08-19 11:00:00,8306.T,3521,18,63378,OK,Yahoo Finance JP full-market screener (delayed)
2026-08-19,11:05:02,2026-08-19 11:00:00,8316.T,6629,13,86177,OK,Yahoo Finance JP full-market screener (delayed)
2026-08-19,11:05:02,2026-08-19 11:00:00,8411.T,8181,10,81810,OK,Yahoo Finance JP full-market screener (delayed)
2026-08-19,11:04:53,2026-08-19 11:00:00,8591.T,6067,13,78871,OK,Yahoo Finance JP full-market screener (delayed)
2026-08-19,11:05:03,2026-08-19 11:00:00,8630.T,6606,12,79272,OK,Yahoo Finance JP full-market screener (delayed)
2026-08-19,11:04:58,2026-08-19 11:00:00,8750.T,1779.5,10,17795,OK,Yahoo Finance JP full-market screener (delayed)
2026-08-19,11:05:03,2026-08-19 11:00:00,8766.T,7211,12,86532,OK,Yahoo Finance JP full-market screener (delayed)
2026-08-19,11:04:58,2026-08-19 11:00:00,8795.T,4771,14,66794,OK,Yahoo Finance JP full-market screener (delayed)
2026-08-19,11:04:41,2026-08-19 11:00:00,9432.T,159.8,500,79900,OK,Yahoo Finance JP full-market screener (delayed)
2026-08-19,11:05:01,2026-08-19 11:00:00,9433.T,2829.5,23,65078.5,OK,Yahoo Finance JP full-market screener (delayed)
2026-08-19,11:04:56,2026-08-19 11:00:00,9697.T,4109,7,28763,OK,Yahoo Finance JP full-market screener (delayed)
2026-08-19,11:04:58,2026-08-19 11:00:00,9983.T,74460,2,148920,OK,Yahoo Finance JP full-market screener (delayed)
2026-08-19,11:30:00,2026-08-19 12:00:00,1801.T,12210,3,36630,OK,Yahoo Finance JP full-market screener (delayed)
2026-08-19,11:30:00,2026-08-19 12:00:00,1812.T,4693,14,65702,OK,Yahoo Finance JP full-market screener (delayed)
2026-08-19,11:30:00,2026-08-19 12:00:00,5333.T,5540,5,27700,OK,Yahoo Finance JP full-market screener (delayed)
2026-08-19,11:30:00,2026-08-19 12:00:00,5803.T,5420,8,43360,OK,Yahoo Finance JP full-market screener (delayed)
2026-08-19,11:30:00,2026-08-19 12:00:00,6146.T,60440,1,60440,OK,Yahoo Finance JP full-market screener (delayed)
2026-08-19,11:30:00,2026-08-19 12:00:00,6383.T,5857,6,35142,OK,Yahoo Finance JP full-market screener (delayed)
2026-08-19,11:30:00,2026-08-19 12:00:00,6501.T,5263,15,78945,OK,Yahoo Finance JP full-market screener (delayed)
2026-08-19,11:30:00,2026-08-19 12:00:00,6503.T,5671,14,79394,OK,Yahoo Finance JP full-market screener (delayed)
2026-08-19,11:30:00,2026-08-19 12:00:00,6504.T,13645,6,81870,OK,Yahoo Finance JP full-market screener (delayed)
2026-08-19,11:30:00,2026-08-19 12:00:00,6762.T,3012,23,69276,OK,Yahoo Finance JP full-market screener (delayed)
2026-08-19,11:30:00,2026-08-19 12:00:00,6861.T,80580,2,161160,OK,Yahoo Finance JP full-market screener (delayed)
2026-08-19,11:30:00,2026-08-19 12:00:00,7012.T,2673,25,66825,OK,Yahoo Finance JP full-market screener (delayed)
2026-08-19,11:30:00,2026-08-19 12:00:00,7203.T,2940,23,67620,OK,Yahoo Finance JP full-market screener (delayed)
2026-08-19,11:30:00,2026-08-19 12:00:00,7269.T,2022.5,20,40450,OK,Yahoo Finance JP full-market screener (delayed)
2026-08-19,11:30:00,2026-08-19 12:00:00,7532.T,817.9,70,57253,OK,Yahoo Finance JP full-market screener (delayed)
2026-08-19,11:30:00,2026-08-19 12:00:00,7832.T,5306,16,84896,OK,Yahoo Finance JP full-market screener (delayed)
2026-08-19,11:30:00,2026-08-19 12:00:00,8035.T,54640,1,54640,OK,Yahoo Finance JP full-market screener (delayed)
2026-08-19,11:30:00,2026-08-19 12:00:00,8306.T,3514,18,63252,OK,Yahoo Finance JP full-market screener (delayed)
2026-08-19,11:30:00,2026-08-19 12:00:00,8316.T,6630,13,86190,OK,Yahoo Finance JP full-market screener (delayed)
2026-08-19,11:30:00,2026-08-19 12:00:00,8411.T,8185,10,81850,OK,Yahoo Finance JP full-market screener (delayed)
2026-08-19,11:30:00,2026-08-19 12:00:00,8591.T,6067,13,78871,OK,Yahoo Finance JP full-market screener (delayed)
2026-08-19,11:30:00,2026-08-19 12:00:00,8630.T,6604,12,79248,OK,Yahoo Finance JP full-market screener (delayed)
2026-08-19,11:30:00,2026-08-19 12:00:00,8750.T,1777.5,10,17775,OK,Yahoo Finance JP full-market screener (delayed)
2026-08-19,11:30:00,2026-08-19 12:00:00,8766.T,7213,12,86556,OK,Yahoo Finance JP full-market screener (delayed)
2026-08-19,11:30:00,2026-08-19 12:00:00,8795.T,4754,14,66556,OK,Yahoo Finance JP full-market screener (delayed)
2026-08-19,11:30:00,2026-08-19 12:00:00,9432.T,159.6,500,79800,OK,Yahoo Finance JP full-market screener (delayed)
2026-08-19,11:30:00,2026-08-19 12:00:00,9433.T,2830.5,23,65101.5,OK,Yahoo Finance JP full-market screener (delayed)
2026-08-19,11:30:00,2026-08-19 12:00:00,9697.T,4100,7,28700,OK,Yahoo Finance JP full-market screener (delayed)
2026-08-19,11:30:00,2026-08-19 12:00:00,9983.T,74830,2,149660,OK,Yahoo Finance JP full-market screener (delayed)
2026-08-19,13:05:04,2026-08-19 13:00:00,1801.T,12150,3,36450,OK,Yahoo Finance JP full-market screener (delayed)
2026-08-19,13:04:58,2026-08-19 13:00:00,1812.T,4706,14,65884,OK,Yahoo Finance JP full-market screener (delayed)
2026-08-19,13:04:44,2026-08-19 13:00:00,5333.T,5534,5,27670,OK,Yahoo Finance JP full-market screener (delayed)
2026-08-19,13:05:04,2026-08-19 13:00:00,5803.T,5324,8,42592,OK,Yahoo Finance JP full-market screener (delayed)
2026-08-19,13:04:50,2026-08-19 13:00:00,6146.T,60520,1,60520,OK,Yahoo Finance JP full-market screener (delayed)
2026-08-19,13:04:51,2026-08-19 13:00:00,6383.T,5876,6,35256,OK,Yahoo Finance JP full-market screener (delayed)
2026-08-19,13:05:03,2026-08-19 13:00:00,6501.T,5238,15,78570,OK,Yahoo Finance JP full-market screener (delayed)
2026-08-19,13:05:03,2026-08-19 13:00:00,6503.T,5660,14,79240,OK,Yahoo Finance JP full-market screener (delayed)
2026-08-19,13:05:03,2026-08-19 13:00:00,6504.T,13490,6,80940,OK,Yahoo Finance JP full-market screener (delayed)
2026-08-19,13:05:04,2026-08-19 13:00:00,6762.T,3006,23,69138,OK,Yahoo Finance JP full-market screener (delayed)
2026-08-19,13:05:01,2026-08-19 13:00:00,6861.T,80150,2,160300,OK,Yahoo Finance JP full-market screener (delayed)
2026-08-19,13:05:03,2026-08-19 13:00:00,7012.T,2665.5,25,66637.5,OK,Yahoo Finance JP full-market screener (delayed)
2026-08-19,13:05:01,2026-08-19 13:00:00,7203.T,2941.5,23,67654.5,OK,Yahoo Finance JP full-market screener (delayed)
2026-08-19,13:05:02,2026-08-19 13:00:00,7269.T,2019.5,20,40390,OK,Yahoo Finance JP full-market screener (delayed)
2026-08-19,13:05:04,2026-08-19 13:00:00,7532.T,814.1,70,56987,OK,Yahoo Finance JP full-market screener (delayed)
2026-08-19,13:05:04,2026-08-19 13:00:00,7832.T,5362,16,85792,OK,Yahoo Finance JP full-market screener (delayed)
2026-08-19,13:04:56,2026-08-19 13:00:00,8035.T,54870,1,54870,OK,Yahoo Finance JP full-market screener (delayed)
2026-08-19,13:05:04,2026-08-19 13:00:00,8306.T,3509,18,63162,OK,Yahoo Finance JP full-market screener (delayed)
2026-08-19,13:05:03,2026-08-19 13:00:00,8316.T,6608,13,85904,OK,Yahoo Finance JP full-market screener (delayed)
2026-08-19,13:05:03,2026-08-19 13:00:00,8411.T,8143,10,81430,OK,Yahoo Finance JP full-market screener (delayed)
2026-08-19,13:05:04,2026-08-19 13:00:00,8591.T,6069,13,78897,OK,Yahoo Finance JP full-market screener (delayed)
2026-08-19,13:05:01,2026-08-19 13:00:00,8630.T,6619,12,79428,OK,Yahoo Finance JP full-market screener (delayed)
2026-08-19,13:04:59,2026-08-19 13:00:00,8750.T,1776,10,17760,OK,Yahoo Finance JP full-market screener (delayed)
2026-08-19,13:05:03,2026-08-19 13:00:00,8766.T,7243,12,86916,OK,Yahoo Finance JP full-market screener (delayed)
2026-08-19,13:05:03,2026-08-19 13:00:00,8795.T,4742,14,66388,OK,Yahoo Finance JP full-market screener (delayed)
2026-08-19,13:04:51,2026-08-19 13:00:00,9432.T,159.7,500,79850,OK,Yahoo Finance JP full-market screener (delayed)
2026-08-19,13:05:03,2026-08-19 13:00:00,9433.T,2835.5,23,65216.5,OK,Yahoo Finance JP full-market screener (delayed)
2026-08-19,13:04:40,2026-08-19 13:00:00,9697.T,4124,7,28868,OK,Yahoo Finance JP full-market screener (delayed)
2026-08-19,13:05:01,2026-08-19 13:00:00,9983.T,74910,2,149820,OK,Yahoo Finance JP full-market screener (delayed)
2026-08-19,14:04:50,2026-08-19 14:00:00,1801.T,12155,3,36465,OK,Yahoo Finance JP full-market screener (delayed)
2026-08-19,14:04:25,2026-08-19 14:00:00,1812.T,4689,14,65646,OK,Yahoo Finance JP full-market screener (delayed)
2026-08-19,14:04:48,2026-08-19 14:00:00,5333.T,5505,5,27525,OK,Yahoo Finance JP full-market screener (delayed)
2026-08-19,14:05:03,2026-08-19 14:00:00,5803.T,5374,8,42992,OK,Yahoo Finance JP full-market screener (delayed)
2026-08-19,14:04:54,2026-08-19 14:00:00,6146.T,60380,1,60380,OK,Yahoo Finance JP full-market screener (delayed)
2026-08-19,14:04:55,2026-08-19 14:00:00,6383.T,5855,6,35130,OK,Yahoo Finance JP full-market screener (delayed)
2026-08-19,14:04:58,2026-08-19 14:00:00,6501.T,5238,15,78570,OK,Yahoo Finance JP full-market screener (delayed)
2026-08-19,14:04:54,2026-08-19 14:00:00,6503.T,5654,14,79156,OK,Yahoo Finance JP full-market screener (delayed)
2026-08-19,14:04:40,2026-08-19 14:00:00,6504.T,13490,6,80940,OK,Yahoo Finance JP full-market screener (delayed)
2026-08-19,14:05:02,2026-08-19 14:00:00,6762.T,3005,23,69115,OK,Yahoo Finance JP full-market screener (delayed)
2026-08-19,14:04:54,2026-08-19 14:00:00,6861.T,79810,2,159620,OK,Yahoo Finance JP full-market screener (delayed)
2026-08-19,14:05:02,2026-08-19 14:00:00,7012.T,2664,25,66600,OK,Yahoo Finance JP full-market screener (delayed)
2026-08-19,14:05:00,2026-08-19 14:00:00,7203.T,2938.5,23,67585.5,OK,Yahoo Finance JP full-market screener (delayed)
2026-08-19,14:04:35,2026-08-19 14:00:00,7269.T,2019.5,20,40390,OK,Yahoo Finance JP full-market screener (delayed)
2026-08-19,14:05:03,2026-08-19 14:00:00,7532.T,813.1,70,56917,OK,Yahoo Finance JP full-market screener (delayed)
2026-08-19,14:05:02,2026-08-19 14:00:00,7832.T,5353,16,85648,OK,Yahoo Finance JP full-market screener (delayed)
2026-08-19,14:05:02,2026-08-19 14:00:00,8035.T,54770,1,54770,OK,Yahoo Finance JP full-market screener (delayed)
2026-08-19,14:05:02,2026-08-19 14:00:00,8306.T,3513,18,63234,OK,Yahoo Finance JP full-market screener (delayed)
2026-08-19,14:04:56,2026-08-19 14:00:00,8316.T,6613,13,85969,OK,Yahoo Finance JP full-market screener (delayed)
2026-08-19,14:05:03,2026-08-19 14:00:00,8411.T,8146,10,81460,OK,Yahoo Finance JP full-market screener (delayed)
2026-08-19,14:05:01,2026-08-19 14:00:00,8591.T,6059,13,78767,OK,Yahoo Finance JP full-market screener (delayed)
2026-08-19,14:05:02,2026-08-19 14:00:00,8630.T,6602,12,79224,OK,Yahoo Finance JP full-market screener (delayed)
2026-08-19,14:04:54,2026-08-19 14:00:00,8750.T,1782,10,17820,OK,Yahoo Finance JP full-market screener (delayed)
2026-08-19,14:04:59,2026-08-19 14:00:00,8766.T,7242,12,86904,OK,Yahoo Finance JP full-market screener (delayed)
2026-08-19,14:04:54,2026-08-19 14:00:00,8795.T,4740,14,66360,OK,Yahoo Finance JP full-market screener (delayed)
2026-08-19,14:04:51,2026-08-19 14:00:00,9432.T,159.7,500,79850,OK,Yahoo Finance JP full-market screener (delayed)
2026-08-19,14:04:55,2026-08-19 14:00:00,9433.T,2834.5,23,65193.5,OK,Yahoo Finance JP full-market screener (delayed)
2026-08-19,14:05:02,2026-08-19 14:00:00,9697.T,4128,7,28896,OK,Yahoo Finance JP full-market screener (delayed)
2026-08-19,14:04:54,2026-08-19 14:00:00,9983.T,74840,2,149680,OK,Yahoo Finance JP full-market screener (delayed)
2026-08-19,15:05:01,2026-08-19 15:00:00,1801.T,12215,3,36645,OK,Yahoo Finance JP full-market screener (delayed)
2026-08-19,15:04:58,2026-08-19 15:00:00,1812.T,4700,14,65800,OK,Yahoo Finance JP full-market screener (delayed)
2026-08-19,15:05:00,2026-08-19 15:00:00,5333.T,5489,5,27445,OK,Yahoo Finance JP full-market screener (delayed)
2026-08-19,15:05:02,2026-08-19 15:00:00,5803.T,5340,8,42720,OK,Yahoo Finance JP full-market screener (delayed)
2026-08-19,15:05:02,2026-08-19 15:00:00,6146.T,60040,1,60040,OK,Yahoo Finance JP full-market screener (delayed)
2026-08-19,15:05:03,2026-08-19 15:00:00,6383.T,5829,6,34974,OK,Yahoo Finance JP full-market screener (delayed)
2026-08-19,15:05:02,2026-08-19 15:00:00,6501.T,5235,15,78525,OK,Yahoo Finance JP full-market screener (delayed)
2026-08-19,15:05:03,2026-08-19 15:00:00,6503.T,5629,14,78806,OK,Yahoo Finance JP full-market screener (delayed)
2026-08-19,15:05:04,2026-08-19 15:00:00,6504.T,13455,6,80730,OK,Yahoo Finance JP full-market screener (delayed)
2026-08-19,15:05:04,2026-08-19 15:00:00,6762.T,3014,23,69322,OK,Yahoo Finance JP full-market screener (delayed)
2026-08-19,15:05:02,2026-08-19 15:00:00,6861.T,79860,2,159720,OK,Yahoo Finance JP full-market screener (delayed)
2026-08-19,15:05:02,2026-08-19 15:00:00,7012.T,2665,25,66625,OK,Yahoo Finance JP full-market screener (delayed)
2026-08-19,15:05:02,2026-08-19 15:00:00,7203.T,2933,23,67459,OK,Yahoo Finance JP full-market screener (delayed)
2026-08-19,15:05:00,2026-08-19 15:00:00,7269.T,2021,20,40420,OK,Yahoo Finance JP full-market screener (delayed)
2026-08-19,15:05:03,2026-08-19 15:00:00,7532.T,813,70,56910,OK,Yahoo Finance JP full-market screener (delayed)
2026-08-19,15:05:02,2026-08-19 15:00:00,7832.T,5357,16,85712,OK,Yahoo Finance JP full-market screener (delayed)
2026-08-19,15:05:02,2026-08-19 15:00:00,8035.T,54440,1,54440,OK,Yahoo Finance JP full-market screener (delayed)
2026-08-19,15:05:01,2026-08-19 15:00:00,8306.T,3499,18,62982,OK,Yahoo Finance JP full-market screener (delayed)
2026-08-19,15:05:02,2026-08-19 15:00:00,8316.T,6584,13,85592,OK,Yahoo Finance JP full-market screener (delayed)
2026-08-19,15:05:01,2026-08-19 15:00:00,8411.T,8106,10,81060,OK,Yahoo Finance JP full-market screener (delayed)
2026-08-19,15:05:04,2026-08-19 15:00:00,8591.T,6049,13,78637,OK,Yahoo Finance JP full-market screener (delayed)
2026-08-19,15:05:02,2026-08-19 15:00:00,8630.T,6565,12,78780,OK,Yahoo Finance JP full-market screener (delayed)
2026-08-19,15:05:03,2026-08-19 15:00:00,8750.T,1771.5,10,17715,OK,Yahoo Finance JP full-market screener (delayed)
2026-08-19,15:05:01,2026-08-19 15:00:00,8766.T,7224,12,86688,OK,Yahoo Finance JP full-market screener (delayed)
2026-08-19,15:04:37,2026-08-19 15:00:00,8795.T,4715,14,66010,OK,Yahoo Finance JP full-market screener (delayed)
2026-08-19,15:04:55,2026-08-19 15:00:00,9432.T,159.6,500,79800,OK,Yahoo Finance JP full-market screener (delayed)
2026-08-19,15:05:04,2026-08-19 15:00:00,9433.T,2834.5,23,65193.5,OK,Yahoo Finance JP full-market screener (delayed)
2026-08-19,15:05:01,2026-08-19 15:00:00,9697.T,4127,7,28889,OK,Yahoo Finance JP full-market screener (delayed)
2026-08-19,15:04:45,2026-08-19 15:00:00,9983.T,74660,2,149320,OK,Yahoo Finance JP full-market screener (delayed)
2026-08-19,15:30:00,2026-08-19 16:00:00,1801.T,12195,3,36585,OK,Yahoo Finance JP full-market screener (delayed)
2026-08-19,15:30:00,2026-08-19 16:00:00,1812.T,4702,14,65828,OK,Yahoo Finance JP full-market screener (delayed)
2026-08-19,15:30:00,2026-08-19 16:00:00,5333.T,5510,5,27550,OK,Yahoo Finance JP full-market screener (delayed)
2026-08-19,15:30:00,2026-08-19 16:00:00,5803.T,5328,8,42624,OK,Yahoo Finance JP full-market screener (delayed)
2026-08-19,15:30:00,2026-08-19 16:00:00,6146.T,59760,1,59760,OK,Yahoo Finance JP full-market screener (delayed)
2026-08-19,15:30:00,2026-08-19 16:00:00,6383.T,5841,6,35046,OK,Yahoo Finance JP full-market screener (delayed)
2026-08-19,15:30:00,2026-08-19 16:00:00,6501.T,5225,15,78375,OK,Yahoo Finance JP full-market screener (delayed)
2026-08-19,15:30:00,2026-08-19 16:00:00,6503.T,5641,14,78974,OK,Yahoo Finance JP full-market screener (delayed)
2026-08-19,15:30:00,2026-08-19 16:00:00,6504.T,13505,6,81030,OK,Yahoo Finance JP full-market screener (delayed)
2026-08-19,15:30:00,2026-08-19 16:00:00,6762.T,3006,23,69138,OK,Yahoo Finance JP full-market screener (delayed)
2026-08-19,15:30:00,2026-08-19 16:00:00,6861.T,79650,2,159300,OK,Yahoo Finance JP full-market screener (delayed)
2026-08-19,15:30:00,2026-08-19 16:00:00,7012.T,2675.5,25,66887.5,OK,Yahoo Finance JP full-market screener (delayed)
2026-08-19,15:30:00,2026-08-19 16:00:00,7203.T,2941,23,67643,OK,Yahoo Finance JP full-market screener (delayed)
2026-08-19,15:30:00,2026-08-19 16:00:00,7269.T,2022,20,40440,OK,Yahoo Finance JP full-market screener (delayed)
2026-08-19,15:30:00,2026-08-19 16:00:00,7532.T,814.1,70,56987,OK,Yahoo Finance JP full-market screener (delayed)
2026-08-19,15:30:00,2026-08-19 16:00:00,7832.T,5359,16,85744,OK,Yahoo Finance JP full-market screener (delayed)
2026-08-19,15:30:00,2026-08-19 16:00:00,8035.T,54660,1,54660,OK,Yahoo Finance JP full-market screener (delayed)
2026-08-19,15:30:00,2026-08-19 16:00:00,8306.T,3495,18,62910,OK,Yahoo Finance JP full-market screener (delayed)
2026-08-19,15:30:00,2026-08-19 16:00:00,8316.T,6568,13,85384,OK,Yahoo Finance JP full-market screener (delayed)
2026-08-19,15:30:00,2026-08-19 16:00:00,8411.T,8108,10,81080,OK,Yahoo Finance JP full-market screener (delayed)
2026-08-19,15:30:00,2026-08-19 16:00:00,8591.T,6024,13,78312,OK,Yahoo Finance JP full-market screener (delayed)
2026-08-19,15:30:00,2026-08-19 16:00:00,8630.T,6588,12,79056,OK,Yahoo Finance JP full-market screener (delayed)
2026-08-19,15:30:00,2026-08-19 16:00:00,8750.T,1776,10,17760,OK,Yahoo Finance JP full-market screener (delayed)
2026-08-19,15:30:00,2026-08-19 16:00:00,8766.T,7241,12,86892,OK,Yahoo Finance JP full-market screener (delayed)
2026-08-19,15:30:00,2026-08-19 16:00:00,8795.T,4738,14,66332,OK,Yahoo Finance JP full-market screener (delayed)
2026-08-19,15:30:00,2026-08-19 16:00:00,9432.T,159.4,500,79700,OK,Yahoo Finance JP full-market screener (delayed)
2026-08-19,15:30:00,2026-08-19 16:00:00,9433.T,2840.5,23,65331.5,OK,Yahoo Finance JP full-market screener (delayed)
2026-08-19,15:30:00,2026-08-19 16:00:00,9697.T,4132,7,28924,OK,Yahoo Finance JP full-market screener (delayed)
2026-08-19,15:30:00,2026-08-19 16:00:00,9983.T,74940,2,149880,OK,Yahoo Finance JP full-market screener (delayed)
2026-08-19,15:30:00,2026-08-19 17:00:00,1801.T,12195,3,36585,OK,Yahoo Finance JP full-market screener (delayed)
2026-08-19,15:30:00,2026-08-19 17:00:00,1812.T,4702,14,65828,OK,Yahoo Finance JP full-market screener (delayed)
2026-08-19,15:30:00,2026-08-19 17:00:00,5333.T,5510,5,27550,OK,Yahoo Finance JP full-market screener (delayed)
2026-08-19,15:30:00,2026-08-19 17:00:00,5803.T,5328,8,42624,OK,Yahoo Finance JP full-market screener (delayed)
2026-08-19,15:30:00,2026-08-19 17:00:00,6146.T,59760,1,59760,OK,Yahoo Finance JP full-market screener (delayed)
2026-08-19,15:30:00,2026-08-19 17:00:00,6383.T,5841,6,35046,OK,Yahoo Finance JP full-market screener (delayed)
2026-08-19,15:30:00,2026-08-19 17:00:00,6501.T,5225,15,78375,OK,Yahoo Finance JP full-market screener (delayed)
2026-08-19,15:30:00,2026-08-19 17:00:00,6503.T,5641,14,78974,OK,Yahoo Finance JP full-market screener (delayed)
2026-08-19,15:30:00,2026-08-19 17:00:00,6504.T,13505,6,81030,OK,Yahoo Finance JP full-market screener (delayed)
2026-08-19,15:30:00,2026-08-19 17:00:00,6762.T,3006,23,69138,OK,Yahoo Finance JP full-market screener (delayed)
2026-08-19,15:30:00,2026-08-19 17:00:00,6861.T,79650,2,159300,OK,Yahoo Finance JP full-market screener (delayed)
2026-08-19,15:30:00,2026-08-19 17:00:00,7012.T,2675.5,25,66887.5,OK,Yahoo Finance JP full-market screener (delayed)
2026-08-19,15:30:00,2026-08-19 17:00:00,7203.T,2941,23,67643,OK,Yahoo Finance JP full-market screener (delayed)
2026-08-19,15:30:00,2026-08-19 17:00:00,7269.T,2022,20,40440,OK,Yahoo Finance JP full-market screener (delayed)
2026-08-19,15:30:00,2026-08-19 17:00:00,7532.T,814.1,70,56987,OK,Yahoo Finance JP full-market screener (delayed)
2026-08-19,15:30:00,2026-08-19 17:00:00,7832.T,5359,16,85744,OK,Yahoo Finance JP full-market screener (delayed)
2026-08-19,15:30:00,2026-08-19 17:00:00,8035.T,54660,1,54660,OK,Yahoo Finance JP full-market screener (delayed)
2026-08-19,15:30:00,2026-08-19 17:00:00,8306.T,3495,18,62910,OK,Yahoo Finance JP full-market screener (delayed)
2026-08-19,15:30:00,2026-08-19 17:00:00,8316.T,6568,13,85384,OK,Yahoo Finance JP full-market screener (delayed)
2026-08-19,15:30:00,2026-08-19 17:00:00,8411.T,8108,10,81080,OK,Yahoo Finance JP full-market screener (delayed)
2026-08-19,15:30:00,2026-08-19 17:00:00,8591.T,6024,13,78312,OK,Yahoo Finance JP full-market screener (delayed)
2026-08-19,15:30:00,2026-08-19 17:00:00,8630.T,6588,12,79056,OK,Yahoo Finance JP full-market screener (delayed)
2026-08-19,15:30:00,2026-08-19 17:00:00,8750.T,1776,10,17760,OK,Yahoo Finance JP full-market screener (delayed)
2026-08-19,15:30:00,2026-08-19 17:00:00,8766.T,7241,12,86892,OK,Yahoo Finance JP full-market screener (delayed)
2026-08-19,15:30:00,2026-08-19 17:00:00,8795.T,4738,14,66332,OK,Yahoo Finance JP full-market screener (delayed)
2026-08-19,15:30:00,2026-08-19 17:00:00,9432.T,159.4,500,79700,OK,Yahoo Finance JP full-market screener (delayed)
2026-08-19,15:30:00,2026-08-19 17:00:00,9433.T,2840.5,23,65331.5,OK,Yahoo Finance JP full-market screener (delayed)
2026-08-19,15:30:00,2026-08-19 17:00:00,9697.T,4132,7,28924,OK,Yahoo Finance JP full-market screener (delayed)
2026-08-19,15:30:00,2026-08-19 17:00:00,9983.T,74940,2,149880,OK,Yahoo Finance JP full-market screener (delayed)
2026-08-19,15:30:00,2026-08-20 08:00:00,1801.T,12195,3,36585,OK,Yahoo Finance JP full-market screener (delayed)
2026-08-19,15:30:00,2026-08-20 08:00:00,1812.T,4702,14,65828,OK,Yahoo Finance JP full-market screener (delayed)
2026-08-19,15:30:00,2026-08-20 08:00:00,5333.T,5510,5,27550,OK,Yahoo Finance JP full-market screener (delayed)
2026-08-19,15:30:00,2026-08-20 08:00:00,5803.T,5328,8,42624,OK,Yahoo Finance JP full-market screener (delayed)
2026-08-19,15:30:00,2026-08-20 08:00:00,6146.T,59760,1,59760,OK,Yahoo Finance JP full-market screener (delayed)
2026-08-19,15:30:00,2026-08-20 08:00:00,6383.T,5841,6,35046,OK,Yahoo Finance JP full-market screener (delayed)
2026-08-19,15:30:00,2026-08-20 08:00:00,6501.T,5225,15,78375,OK,Yahoo Finance JP full-market screener (delayed)
2026-08-19,15:30:00,2026-08-20 08:00:00,6503.T,5641,14,78974,OK,Yahoo Finance JP full-market screener (delayed)
2026-08-19,15:30:00,2026-08-20 08:00:00,6504.T,13505,6,81030,OK,Yahoo Finance JP full-market screener (delayed)
2026-08-19,15:30:00,2026-08-20 08:00:00,6762.T,3006,23,69138,OK,Yahoo Finance JP full-market screener (delayed)
2026-08-19,15:30:00,2026-08-20 08:00:00,6861.T,79650,2,159300,OK,Yahoo Finance JP full-market screener (delayed)
2026-08-19,15:30:00,2026-08-20 08:00:00,7012.T,2675.5,25,66887.5,OK,Yahoo Finance JP full-market screener (delayed)
2026-08-19,15:30:00,2026-08-20 08:00:00,7203.T,2941,23,67643,OK,Yahoo Finance JP full-market screener (delayed)
2026-08-19,15:30:00,2026-08-20 08:00:00,7269.T,2022,20,40440,OK,Yahoo Finance JP full-market screener (delayed)
2026-08-19,15:30:00,2026-08-20 08:00:00,7532.T,814.1,70,56987,OK,Yahoo Finance JP full-market screener (delayed)
2026-08-19,15:30:00,2026-08-20 08:00:00,7832.T,5359,16,85744,OK,Yahoo Finance JP full-market screener (delayed)
2026-08-19,15:30:00,2026-08-20 08:00:00,8035.T,54660,1,54660,OK,Yahoo Finance JP full-market screener (delayed)
2026-08-19,15:30:00,2026-08-20 08:00:00,8306.T,3495,18,62910,OK,Yahoo Finance JP full-market screener (delayed)
2026-08-19,15:30:00,2026-08-20 08:00:00,8316.T,6568,13,85384,OK,Yahoo Finance JP full-market screener (delayed)
2026-08-19,15:30:00,2026-08-20 08:00:00,8411.T,8108,10,81080,OK,Yahoo Finance JP full-market screener (delayed)
2026-08-19,15:30:00,2026-08-20 08:00:00,8591.T,6024,13,78312,OK,Yahoo Finance JP full-market screener (delayed)
2026-08-19,15:30:00,2026-08-20 08:00:00,8630.T,6588,12,79056,OK,Yahoo Finance JP full-market screener (delayed)
2026-08-19,15:30:00,2026-08-20 08:00:00,8750.T,1776,10,17760,OK,Yahoo Finance JP full-market screener (delayed)
2026-08-19,15:30:00,2026-08-20 08:00:00,8766.T,7241,12,86892,OK,Yahoo Finance JP full-market screener (delayed)
2026-08-19,15:30:00,2026-08-20 08:00:00,8795.T,4738,14,66332,OK,Yahoo Finance JP full-market screener (delayed)
2026-08-19,15:30:00,2026-08-20 08:00:00,9432.T,159.4,500,79700,OK,Yahoo Finance JP full-market screener (delayed)
2026-08-19,15:30:00,2026-08-20 08:00:00,9433.T,2840.5,23,65331.5,OK,Yahoo Finance JP full-market screener (delayed)
2026-08-19,15:30:00,2026-08-20 08:00:00,9697.T,4132,7,28924,OK,Yahoo Finance JP full-market screener (delayed)
2026-08-19,15:30:00,2026-08-20 08:00:00,9983.T,74940,2,149880,OK,Yahoo Finance JP full-market screener (delayed)
2026-08-20,09:05:03,2026-08-20 09:00:00,1801.T,12285,3,36855,OK,Yahoo Finance JP full-market screener (delayed)
2026-08-20,09:05:04,2026-08-20 09:00:00,1812.T,4738,14,66332,OK,Yahoo Finance JP full-market screener (delayed)
2026-08-20,09:05:00,2026-08-20 09:00:00,5333.T,5506,5,27530,OK,Yahoo Finance JP full-market screener (delayed)
2026-08-20,09:05:05,2026-08-20 09:00:00,5803.T,5318,8,42544,OK,Yahoo Finance JP full-market screener (delayed)
2026-08-20,09:05:05,2026-08-20 09:00:00,6146.T,59460,1,59460,OK,Yahoo Finance JP full-market screener (delayed)
2026-08-20,09:05:00,2026-08-20 09:00:00,6383.T,5831,6,34986,OK,Yahoo Finance JP full-market screener (delayed)
2026-08-20,09:05:04,2026-08-20 09:00:00,6501.T,5303,15,79545,OK,Yahoo Finance JP full-market screener (delayed)
2026-08-20,09:05:05,2026-08-20 09:00:00,6503.T,5631,14,78834,OK,Yahoo Finance JP full-market screener (delayed)
2026-08-20,09:05:02,2026-08-20 09:00:00,6504.T,13415,6,80490,OK,Yahoo Finance JP full-market screener (delayed)
2026-08-20,09:05:05,2026-08-20 09:00:00,6762.T,2981,23,68563,OK,Yahoo Finance JP full-market screener (delayed)
2026-08-20,09:04:58,2026-08-20 09:00:00,6861.T,79650,2,159300,OK,Yahoo Finance JP full-market screener (delayed)
2026-08-20,09:05:05,2026-08-20 09:00:00,7012.T,2652.5,25,66312.5,OK,Yahoo Finance JP full-market screener (delayed)
2026-08-20,09:05:04,2026-08-20 09:00:00,7203.T,3028,23,69644,OK,Yahoo Finance JP full-market screener (delayed)
2026-08-20,09:05:02,2026-08-20 09:00:00,7269.T,2082,20,41640,OK,Yahoo Finance JP full-market screener (delayed)
2026-08-20,09:05:04,2026-08-20 09:00:00,7532.T,822.2,70,57554,OK,Yahoo Finance JP full-market screener (delayed)
2026-08-20,09:05:05,2026-08-20 09:00:00,7832.T,5492,16,87872,OK,Yahoo Finance JP full-market screener (delayed)
2026-08-20,09:05:05,2026-08-20 09:00:00,8035.T,53250,1,53250,OK,Yahoo Finance JP full-market screener (delayed)
2026-08-20,09:05:05,2026-08-20 09:00:00,8306.T,3436,18,61848,OK,Yahoo Finance JP full-market screener (delayed)
2026-08-20,09:05:05,2026-08-20 09:00:00,8316.T,6536,13,84968,OK,Yahoo Finance JP full-market screener (delayed)
2026-08-20,09:05:05,2026-08-20 09:00:00,8411.T,8032,10,80320,OK,Yahoo Finance JP full-market screener (delayed)
2026-08-20,09:05:05,2026-08-20 09:00:00,8591.T,5999,13,77987,OK,Yahoo Finance JP full-market screener (delayed)
2026-08-20,09:05:04,2026-08-20 09:00:00,8630.T,6649,12,79788,OK,Yahoo Finance JP full-market screener (delayed)
2026-08-20,09:05:05,2026-08-20 09:00:00,8750.T,1770.5,10,17705,OK,Yahoo Finance JP full-market screener (delayed)
2026-08-20,09:05:04,2026-08-20 09:00:00,8766.T,7301,12,87612,OK,Yahoo Finance JP full-market screener (delayed)
2026-08-20,09:04:59,2026-08-20 09:00:00,8795.T,4738,14,66332,OK,Yahoo Finance JP full-market screener (delayed)
2026-08-20,09:05:05,2026-08-20 09:00:00,9432.T,162.4,500,81200,OK,Yahoo Finance JP full-market screener (delayed)
2026-08-20,09:05:02,2026-08-20 09:00:00,9433.T,2875,23,66125,OK,Yahoo Finance JP full-market screener (delayed)
2026-08-20,09:05:05,2026-08-20 09:00:00,9697.T,4245,7,29715,OK,Yahoo Finance JP full-market screener (delayed)
2026-08-20,09:05:04,2026-08-20 09:00:00,9983.T,76010,2,152020,OK,Yahoo Finance JP full-market screener (delayed)
2026-08-20,10:05:03,2026-08-20 10:00:00,1801.T,12375,3,37125,OK,Yahoo Finance JP full-market screener (delayed)
2026-08-20,10:05:06,2026-08-20 10:00:00,1812.T,4795,14,67130,OK,Yahoo Finance JP full-market screener (delayed)
2026-08-20,10:05:00,2026-08-20 10:00:00,5333.T,5587,5,27935,OK,Yahoo Finance JP full-market screener (delayed)
2026-08-20,10:05:07,2026-08-20 10:00:00,5803.T,5449,8,43592,OK,Yahoo Finance JP full-market screener (delayed)
2026-08-20,10:05:06,2026-08-20 10:00:00,6146.T,60160,1,60160,OK,Yahoo Finance JP full-market screener (delayed)
2026-08-20,10:05:06,2026-08-20 10:00:00,6383.T,5869,6,35214,OK,Yahoo Finance JP full-market screener (delayed)
2026-08-20,10:05:07,2026-08-20 10:00:00,6501.T,5298,15,79470,OK,Yahoo Finance JP full-market screener (delayed)
2026-08-20,10:05:05,2026-08-20 10:00:00,6503.T,5721,14,80094,OK,Yahoo Finance JP full-market screener (delayed)
2026-08-20,10:05:00,2026-08-20 10:00:00,6504.T,13655,6,81930,OK,Yahoo Finance JP full-market screener (delayed)
2026-08-20,10:05:06,2026-08-20 10:00:00,6762.T,3018,23,69414,OK,Yahoo Finance JP full-market screener (delayed)
2026-08-20,10:05:03,2026-08-20 10:00:00,6861.T,79920,2,159840,OK,Yahoo Finance JP full-market screener (delayed)
2026-08-20,10:05:07,2026-08-20 10:00:00,7012.T,2683.5,25,67087.5,OK,Yahoo Finance JP full-market screener (delayed)
2026-08-20,10:05:05,2026-08-20 10:00:00,7203.T,3031,23,69713,OK,Yahoo Finance JP full-market screener (delayed)
2026-08-20,10:05:06,2026-08-20 10:00:00,7269.T,2098,20,41960,OK,Yahoo Finance JP full-market screener (delayed)
2026-08-20,10:05:07,2026-08-20 10:00:00,7532.T,818.3,70,57281,OK,Yahoo Finance JP full-market screener (delayed)
2026-08-20,10:05:06,2026-08-20 10:00:00,7832.T,5576,16,89216,OK,Yahoo Finance JP full-market screener (delayed)
2026-08-20,10:05:06,2026-08-20 10:00:00,8035.T,54110,1,54110,OK,Yahoo Finance JP full-market screener (delayed)
2026-08-20,10:05:07,2026-08-20 10:00:00,8306.T,3476,18,62568,OK,Yahoo Finance JP full-market screener (delayed)
2026-08-20,10:05:07,2026-08-20 10:00:00,8316.T,6580,13,85540,OK,Yahoo Finance JP full-market screener (delayed)
2026-08-20,10:05:07,2026-08-20 10:00:00,8411.T,8130,10,81300,OK,Yahoo Finance JP full-market screener (delayed)
2026-08-20,10:05:07,2026-08-20 10:00:00,8591.T,6001,13,78013,OK,Yahoo Finance JP full-market screener (delayed)
2026-08-20,10:05:07,2026-08-20 10:00:00,8630.T,6620,12,79440,OK,Yahoo Finance JP full-market screener (delayed)
2026-08-20,10:05:07,2026-08-20 10:00:00,8750.T,1763.5,10,17635,OK,Yahoo Finance JP full-market screener (delayed)
2026-08-20,10:05:00,2026-08-20 10:00:00,8766.T,7220,12,86640,OK,Yahoo Finance JP full-market screener (delayed)
2026-08-20,10:05:07,2026-08-20 10:00:00,8795.T,4735,14,66290,OK,Yahoo Finance JP full-market screener (delayed)
2026-08-20,10:05:07,2026-08-20 10:00:00,9432.T,161.2,500,80600,OK,Yahoo Finance JP full-market screener (delayed)
2026-08-20,10:05:07,2026-08-20 10:00:00,9433.T,2863.5,23,65860.5,OK,Yahoo Finance JP full-market screener (delayed)
2026-08-20,10:04:54,2026-08-20 10:00:00,9697.T,4263,7,29841,OK,Yahoo Finance JP full-market screener (delayed)
2026-08-20,10:04:57,2026-08-20 10:00:00,9983.T,75800,2,151600,OK,Yahoo Finance JP full-market screener (delayed)
2026-08-20,11:04:43,2026-08-20 11:00:00,1801.T,12440,3,37320,OK,Yahoo Finance JP full-market screener (delayed)
2026-08-20,11:05:04,2026-08-20 11:00:00,1812.T,4824,14,67536,OK,Yahoo Finance JP full-market screener (delayed)
2026-08-20,11:05:04,2026-08-20 11:00:00,5333.T,5513,5,27565,OK,Yahoo Finance JP full-market screener (delayed)
2026-08-20,11:05:04,2026-08-20 11:00:00,5803.T,5297,8,42376,OK,Yahoo Finance JP full-market screener (delayed)
2026-08-20,11:04:55,2026-08-20 11:00:00,6146.T,59610,1,59610,OK,Yahoo Finance JP full-market screener (delayed)
2026-08-20,11:05:04,2026-08-20 11:00:00,6383.T,5802,6,34812,OK,Yahoo Finance JP full-market screener (delayed)
2026-08-20,11:04:58,2026-08-20 11:00:00,6501.T,5299,15,79485,OK,Yahoo Finance JP full-market screener (delayed)
2026-08-20,11:05:04,2026-08-20 11:00:00,6503.T,5679,14,79506,OK,Yahoo Finance JP full-market screener (delayed)
2026-08-20,11:04:43,2026-08-20 11:00:00,6504.T,13515,6,81090,OK,Yahoo Finance JP full-market screener (delayed)
2026-08-20,11:04:55,2026-08-20 11:00:00,6762.T,2997.5,23,68942.5,OK,Yahoo Finance JP full-market screener (delayed)
2026-08-20,11:04:11,2026-08-20 11:00:00,6861.T,79720,2,159440,OK,Yahoo Finance JP full-market screener (delayed)
2026-08-20,11:05:04,2026-08-20 11:00:00,7012.T,2677,25,66925,OK,Yahoo Finance JP full-market screener (delayed)
2026-08-20,11:05:04,2026-08-20 11:00:00,7203.T,3048,23,70104,OK,Yahoo Finance JP full-market screener (delayed)
2026-08-20,11:05:01,2026-08-20 11:00:00,7269.T,2105.5,20,42110,OK,Yahoo Finance JP full-market screener (delayed)
2026-08-20,11:05:02,2026-08-20 11:00:00,7532.T,820.7,70,57449,OK,Yahoo Finance JP full-market screener (delayed)
2026-08-20,11:05:02,2026-08-20 11:00:00,7832.T,5579,16,89264,OK,Yahoo Finance JP full-market screener (delayed)
2026-08-20,11:04:55,2026-08-20 11:00:00,8035.T,53670,1,53670,OK,Yahoo Finance JP full-market screener (delayed)
2026-08-20,11:05:04,2026-08-20 11:00:00,8306.T,3446,18,62028,OK,Yahoo Finance JP full-market screener (delayed)
2026-08-20,11:05:03,2026-08-20 11:00:00,8316.T,6531,13,84903,OK,Yahoo Finance JP full-market screener (delayed)
2026-08-20,11:05:04,2026-08-20 11:00:00,8411.T,8048,10,80480,OK,Yahoo Finance JP full-market screener (delayed)
2026-08-20,11:05:02,2026-08-20 11:00:00,8591.T,5997,13,77961,OK,Yahoo Finance JP full-market screener (delayed)
2026-08-20,11:05:04,2026-08-20 11:00:00,8630.T,6559,12,78708,OK,Yahoo Finance JP full-market screener (delayed)
2026-08-20,11:05:03,2026-08-20 11:00:00,8750.T,1755.5,10,17555,OK,Yahoo Finance JP full-market screener (delayed)
2026-08-20,11:05:04,2026-08-20 11:00:00,8766.T,7191,12,86292,OK,Yahoo Finance JP full-market screener (delayed)
2026-08-20,11:05:03,2026-08-20 11:00:00,8795.T,4689,14,65646,OK,Yahoo Finance JP full-market screener (delayed)
2026-08-20,11:05:04,2026-08-20 11:00:00,9432.T,161.3,500,80650,OK,Yahoo Finance JP full-market screener (delayed)
2026-08-20,11:05:01,2026-08-20 11:00:00,9433.T,2861.5,23,65814.5,OK,Yahoo Finance JP full-market screener (delayed)
2026-08-20,11:05:04,2026-08-20 11:00:00,9697.T,4232,7,29624,OK,Yahoo Finance JP full-market screener (delayed)
2026-08-20,11:04:41,2026-08-20 11:00:00,9983.T,76170,2,152340,OK,Yahoo Finance JP full-market screener (delayed)
2026-08-20,11:30:00,2026-08-20 12:00:00,1801.T,12410,3,37230,OK,Yahoo Finance JP full-market screener (delayed)
2026-08-20,11:30:00,2026-08-20 12:00:00,1812.T,4816,14,67424,OK,Yahoo Finance JP full-market screener (delayed)
2026-08-20,11:30:00,2026-08-20 12:00:00,5333.T,5522,5,27610,OK,Yahoo Finance JP full-market screener (delayed)
2026-08-20,11:30:00,2026-08-20 12:00:00,5803.T,5248,8,41984,OK,Yahoo Finance JP full-market screener (delayed)
2026-08-20,11:30:00,2026-08-20 12:00:00,6146.T,59660,1,59660,OK,Yahoo Finance JP full-market screener (delayed)
2026-08-20,11:30:00,2026-08-20 12:00:00,6383.T,5812,6,34872,OK,Yahoo Finance JP full-market screener (delayed)
2026-08-20,11:30:00,2026-08-20 12:00:00,6501.T,5284,15,79260,OK,Yahoo Finance JP full-market screener (delayed)
2026-08-20,11:30:00,2026-08-20 12:00:00,6503.T,5670,14,79380,OK,Yahoo Finance JP full-market screener (delayed)
2026-08-20,11:30:00,2026-08-20 12:00:00,6504.T,13550,6,81300,OK,Yahoo Finance JP full-market screener (delayed)
2026-08-20,11:30:00,2026-08-20 12:00:00,6762.T,3007,23,69161,OK,Yahoo Finance JP full-market screener (delayed)
2026-08-20,11:30:00,2026-08-20 12:00:00,6861.T,79740,2,159480,OK,Yahoo Finance JP full-market screener (delayed)
2026-08-20,11:30:00,2026-08-20 12:00:00,7012.T,2680,25,67000,OK,Yahoo Finance JP full-market screener (delayed)
2026-08-20,11:30:00,2026-08-20 12:00:00,7203.T,3046,23,70058,OK,Yahoo Finance JP full-market screener (delayed)
2026-08-20,11:30:00,2026-08-20 12:00:00,7269.T,2101,20,42020,OK,Yahoo Finance JP full-market screener (delayed)
2026-08-20,11:30:00,2026-08-20 12:00:00,7532.T,822.8,70,57596,OK,Yahoo Finance JP full-market screener (delayed)
2026-08-20,11:30:00,2026-08-20 12:00:00,7832.T,5566,16,89056,OK,Yahoo Finance JP full-market screener (delayed)
2026-08-20,11:30:00,2026-08-20 12:00:00,8035.T,53660,1,53660,OK,Yahoo Finance JP full-market screener (delayed)
2026-08-20,11:30:00,2026-08-20 12:00:00,8306.T,3455,18,62190,OK,Yahoo Finance JP full-market screener (delayed)
2026-08-20,11:30:00,2026-08-20 12:00:00,8316.T,6557,13,85241,OK,Yahoo Finance JP full-market screener (delayed)
2026-08-20,11:30:00,2026-08-20 12:00:00,8411.T,8077,10,80770,OK,Yahoo Finance JP full-market screener (delayed)
2026-08-20,11:30:00,2026-08-20 12:00:00,8591.T,6012,13,78156,OK,Yahoo Finance JP full-market screener (delayed)
2026-08-20,11:30:00,2026-08-20 12:00:00,8630.T,6588,12,79056,OK,Yahoo Finance JP full-market screener (delayed)
2026-08-20,11:30:00,2026-08-20 12:00:00,8750.T,1762.5,10,17625,OK,Yahoo Finance JP full-market screener (delayed)
2026-08-20,11:30:00,2026-08-20 12:00:00,8766.T,7206,12,86472,OK,Yahoo Finance JP full-market screener (delayed)
2026-08-20,11:30:00,2026-08-20 12:00:00,8795.T,4698,14,65772,OK,Yahoo Finance JP full-market screener (delayed)
2026-08-20,11:30:00,2026-08-20 12:00:00,9432.T,161.4,500,80700,OK,Yahoo Finance JP full-market screener (delayed)
2026-08-20,11:30:00,2026-08-20 12:00:00,9433.T,2860,23,65780,OK,Yahoo Finance JP full-market screener (delayed)
2026-08-20,11:30:00,2026-08-20 12:00:00,9697.T,4236,7,29652,OK,Yahoo Finance JP full-market screener (delayed)
2026-08-20,11:30:00,2026-08-20 12:00:00,9983.T,76150,2,152300,OK,Yahoo Finance JP full-market screener (delayed)
2026-08-20,13:04:50,2026-08-20 13:00:00,1801.T,12430,3,37290,OK,Yahoo Finance JP full-market screener (delayed)
2026-08-20,13:04:52,2026-08-20 13:00:00,1812.T,4815,14,67410,OK,Yahoo Finance JP full-market screener (delayed)
2026-08-20,13:04:55,2026-08-20 13:00:00,5333.T,5528,5,27640,OK,Yahoo Finance JP full-market screener (delayed)
2026-08-20,13:05:04,2026-08-20 13:00:00,5803.T,5273,8,42184,OK,Yahoo Finance JP full-market screener (delayed)
2026-08-20,13:05:04,2026-08-20 13:00:00,6146.T,59700,1,59700,OK,Yahoo Finance JP full-market screener (delayed)
2026-08-20,13:05:01,2026-08-20 13:00:00,6383.T,5800,6,34800,OK,Yahoo Finance JP full-market screener (delayed)
2026-08-20,13:05:00,2026-08-20 13:00:00,6501.T,5246,15,78690,OK,Yahoo Finance JP full-market screener (delayed)
2026-08-20,13:04:54,2026-08-20 13:00:00,6503.T,5655,14,79170,OK,Yahoo Finance JP full-market screener (delayed)
2026-08-20,13:04:52,2026-08-20 13:00:00,6504.T,13525,6,81150,OK,Yahoo Finance JP full-market screener (delayed)
2026-08-20,13:05:04,2026-08-20 13:00:00,6762.T,2993,23,68839,OK,Yahoo Finance JP full-market screener (delayed)
2026-08-20,13:05:01,2026-08-20 13:00:00,6861.T,80030,2,160060,OK,Yahoo Finance JP full-market screener (delayed)
2026-08-20,13:05:04,2026-08-20 13:00:00,7012.T,2668,25,66700,OK,Yahoo Finance JP full-market screener (delayed)
2026-08-20,13:04:53,2026-08-20 13:00:00,7203.T,3048,23,70104,OK,Yahoo Finance JP full-market screener (delayed)
2026-08-20,13:04:56,2026-08-20 13:00:00,7269.T,2075,20,41500,OK,Yahoo Finance JP full-market screener (delayed)
2026-08-20,13:05:03,2026-08-20 13:00:00,7532.T,811.3,70,56791,OK,Yahoo Finance JP full-market screener (delayed)
2026-08-20,13:05:01,2026-08-20 13:00:00,7832.T,5554,16,88864,OK,Yahoo Finance JP full-market screener (delayed)
2026-08-20,13:05:04,2026-08-20 13:00:00,8035.T,53500,1,53500,OK,Yahoo Finance JP full-market screener (delayed)
2026-08-20,13:05:03,2026-08-20 13:00:00,8306.T,3450,18,62100,OK,Yahoo Finance JP full-market screener (delayed)
2026-08-20,13:05:02,2026-08-20 13:00:00,8316.T,6549,13,85137,OK,Yahoo Finance JP full-market screener (delayed)
2026-08-20,13:05:01,2026-08-20 13:00:00,8411.T,8055,10,80550,OK,Yahoo Finance JP full-market screener (delayed)
2026-08-20,13:04:56,2026-08-20 13:00:00,8591.T,6017,13,78221,OK,Yahoo Finance JP full-market screener (delayed)
2026-08-20,13:05:02,2026-08-20 13:00:00,8630.T,6586,12,79032,OK,Yahoo Finance JP full-market screener (delayed)
2026-08-20,13:04:59,2026-08-20 13:00:00,8750.T,1760.5,10,17605,OK,Yahoo Finance JP full-market screener (delayed)
2026-08-20,13:05:01,2026-08-20 13:00:00,8766.T,7221,12,86652,OK,Yahoo Finance JP full-market screener (delayed)
2026-08-20,13:05:02,2026-08-20 13:00:00,8795.T,4700,14,65800,OK,Yahoo Finance JP full-market screener (delayed)
2026-08-20,13:05:04,2026-08-20 13:00:00,9432.T,161.4,500,80700,OK,Yahoo Finance JP full-market screener (delayed)
2026-08-20,13:05:03,2026-08-20 13:00:00,9433.T,2865,23,65895,OK,Yahoo Finance JP full-market screener (delayed)
2026-08-20,13:04:57,2026-08-20 13:00:00,9697.T,4214,7,29498,OK,Yahoo Finance JP full-market screener (delayed)
2026-08-20,13:05:00,2026-08-20 13:00:00,9983.T,76820,2,153640,OK,Yahoo Finance JP full-market screener (delayed)
2026-08-20,14:04:19,2026-08-20 14:00:00,1801.T,12425,3,37275,OK,Yahoo Finance JP full-market screener (delayed)
2026-08-20,14:05:02,2026-08-20 14:00:00,1812.T,4813,14,67382,OK,Yahoo Finance JP full-market screener (delayed)
2026-08-20,14:05:01,2026-08-20 14:00:00,5333.T,5532,5,27660,OK,Yahoo Finance JP full-market screener (delayed)
2026-08-20,14:05:04,2026-08-20 14:00:00,5803.T,5346,8,42768,OK,Yahoo Finance JP full-market screener (delayed)
2026-08-20,14:05:02,2026-08-20 14:00:00,6146.T,60220,1,60220,OK,Yahoo Finance JP full-market screener (delayed)
2026-08-20,14:04:46,2026-08-20 14:00:00,6383.T,5836,6,35016,OK,Yahoo Finance JP full-market screener (delayed)
2026-08-20,14:05:04,2026-08-20 14:00:00,6501.T,5255,15,78825,OK,Yahoo Finance JP full-market screener (delayed)
2026-08-20,14:05:03,2026-08-20 14:00:00,6503.T,5675,14,79450,OK,Yahoo Finance JP full-market screener (delayed)
2026-08-20,14:05:02,2026-08-20 14:00:00,6504.T,13575,6,81450,OK,Yahoo Finance JP full-market screener (delayed)
2026-08-20,14:05:00,2026-08-20 14:00:00,6762.T,3002,23,69046,OK,Yahoo Finance JP full-market screener (delayed)
2026-08-20,14:04:54,2026-08-20 14:00:00,6861.T,80110,2,160220,OK,Yahoo Finance JP full-market screener (delayed)
2026-08-20,14:05:04,2026-08-20 14:00:00,7012.T,2671,25,66775,OK,Yahoo Finance JP full-market screener (delayed)
2026-08-20,14:05:04,2026-08-20 14:00:00,7203.T,3051,23,70173,OK,Yahoo Finance JP full-market screener (delayed)
2026-08-20,14:05:02,2026-08-20 14:00:00,7269.T,2073,20,41460,OK,Yahoo Finance JP full-market screener (delayed)
2026-08-20,14:05:04,2026-08-20 14:00:00,7532.T,808.6,70,56602,OK,Yahoo Finance JP full-market screener (delayed)
2026-08-20,14:05:04,2026-08-20 14:00:00,7832.T,5562,16,88992,OK,Yahoo Finance JP full-market screener (delayed)
2026-08-20,14:05:05,2026-08-20 14:00:00,8035.T,53820,1,53820,OK,Yahoo Finance JP full-market screener (delayed)
2026-08-20,14:05:05,2026-08-20 14:00:00,8306.T,3449,18,62082,OK,Yahoo Finance JP full-market screener (delayed)
2026-08-20,14:05:04,2026-08-20 14:00:00,8316.T,6535,13,84955,OK,Yahoo Finance JP full-market screener (delayed)
2026-08-20,14:05:04,2026-08-20 14:00:00,8411.T,8050,10,80500,OK,Yahoo Finance JP full-market screener (delayed)
2026-08-20,14:05:04,2026-08-20 14:00:00,8591.T,6007,13,78091,OK,Yahoo Finance JP full-market screener (delayed)
2026-08-20,14:05:02,2026-08-20 14:00:00,8630.T,6593,12,79116,OK,Yahoo Finance JP full-market screener (delayed)
2026-08-20,14:05:02,2026-08-20 14:00:00,8750.T,1761.5,10,17615,OK,Yahoo Finance JP full-market screener (delayed)
2026-08-20,14:05:04,2026-08-20 14:00:00,8766.T,7221,12,86652,OK,Yahoo Finance JP full-market screener (delayed)
2026-08-20,14:05:05,2026-08-20 14:00:00,8795.T,4687,14,65618,OK,Yahoo Finance JP full-market screener (delayed)
2026-08-20,14:05:02,2026-08-20 14:00:00,9432.T,160.7,500,80350,OK,Yahoo Finance JP full-market screener (delayed)
2026-08-20,14:05:03,2026-08-20 14:00:00,9433.T,2854,23,65642,OK,Yahoo Finance JP full-market screener (delayed)
2026-08-20,14:04:41,2026-08-20 14:00:00,9697.T,4184,7,29288,OK,Yahoo Finance JP full-market screener (delayed)
2026-08-20,14:05:03,2026-08-20 14:00:00,9983.T,76400,2,152800,OK,Yahoo Finance JP full-market screener (delayed)
2026-08-20,15:04:57,2026-08-20 15:00:00,1801.T,12530,3,37590,OK,Yahoo Finance JP full-market screener (delayed)
2026-08-20,15:05:01,2026-08-20 15:00:00,1812.T,4826,14,67564,OK,Yahoo Finance JP full-market screener (delayed)
2026-08-20,15:05:04,2026-08-20 15:00:00,5333.T,5539,5,27695,OK,Yahoo Finance JP full-market screener (delayed)
2026-08-20,15:05:05,2026-08-20 15:00:00,5803.T,5346,8,42768,OK,Yahoo Finance JP full-market screener (delayed)
2026-08-20,15:05:04,2026-08-20 15:00:00,6146.T,60000,1,60000,OK,Yahoo Finance JP full-market screener (delayed)
2026-08-20,15:05:03,2026-08-20 15:00:00,6383.T,5843,6,35058,OK,Yahoo Finance JP full-market screener (delayed)
2026-08-20,15:05:05,2026-08-20 15:00:00,6501.T,5257,15,78855,OK,Yahoo Finance JP full-market screener (delayed)
2026-08-20,15:05:04,2026-08-20 15:00:00,6503.T,5683,14,79562,OK,Yahoo Finance JP full-market screener (delayed)
2026-08-20,15:04:56,2026-08-20 15:00:00,6504.T,13590,6,81540,OK,Yahoo Finance JP full-market screener (delayed)
2026-08-20,15:05:03,2026-08-20 15:00:00,6762.T,3004,23,69092,OK,Yahoo Finance JP full-market screener (delayed)
2026-08-20,15:05:05,2026-08-20 15:00:00,6861.T,80310,2,160620,OK,Yahoo Finance JP full-market screener (delayed)
2026-08-20,15:05:03,2026-08-20 15:00:00,7012.T,2668,25,66700,OK,Yahoo Finance JP full-market screener (delayed)
2026-08-20,15:05:00,2026-08-20 15:00:00,7203.T,3075,23,70725,OK,Yahoo Finance JP full-market screener (delayed)
2026-08-20,15:05:03,2026-08-20 15:00:00,7269.T,2082.5,20,41650,OK,Yahoo Finance JP full-market screener (delayed)
2026-08-20,15:05:02,2026-08-20 15:00:00,7532.T,808.7,70,56609,OK,Yahoo Finance JP full-market screener (delayed)
2026-08-20,15:04:54,2026-08-20 15:00:00,7832.T,5551,16,88816,OK,Yahoo Finance JP full-market screener (delayed)
2026-08-20,15:05:03,2026-08-20 15:00:00,8035.T,53820,1,53820,OK,Yahoo Finance JP full-market screener (delayed)
2026-08-20,15:05:03,2026-08-20 15:00:00,8306.T,3456,18,62208,OK,Yahoo Finance JP full-market screener (delayed)
2026-08-20,15:05:03,2026-08-20 15:00:00,8316.T,6538,13,84994,OK,Yahoo Finance JP full-market screener (delayed)
2026-08-20,15:05:05,2026-08-20 15:00:00,8411.T,8056,10,80560,OK,Yahoo Finance JP full-market screener (delayed)
2026-08-20,15:05:04,2026-08-20 15:00:00,8591.T,6002,13,78026,OK,Yahoo Finance JP full-market screener (delayed)
2026-08-20,15:05:02,2026-08-20 15:00:00,8630.T,6596,12,79152,OK,Yahoo Finance JP full-market screener (delayed)
2026-08-20,15:05:04,2026-08-20 15:00:00,8750.T,1765,10,17650,OK,Yahoo Finance JP full-market screener (delayed)
2026-08-20,15:05:03,2026-08-20 15:00:00,8766.T,7225,12,86700,OK,Yahoo Finance JP full-market screener (delayed)
2026-08-20,15:05:03,2026-08-20 15:00:00,8795.T,4695,14,65730,OK,Yahoo Finance JP full-market screener (delayed)
2026-08-20,15:05:04,2026-08-20 15:00:00,9432.T,160.7,500,80350,OK,Yahoo Finance JP full-market screener (delayed)
2026-08-20,15:05:05,2026-08-20 15:00:00,9433.T,2857.5,23,65722.5,OK,Yahoo Finance JP full-market screener (delayed)
2026-08-20,15:05:03,2026-08-20 15:00:00,9697.T,4183,7,29281,OK,Yahoo Finance JP full-market screener (delayed)
2026-08-20,15:05:03,2026-08-20 15:00:00,9983.T,76300,2,152600,OK,Yahoo Finance JP full-market screener (delayed)
2026-08-20,15:30:00,2026-08-20 16:00:00,1801.T,12555,3,37665,OK,Yahoo Finance JP full-market screener (delayed)
2026-08-20,15:30:00,2026-08-20 16:00:00,1812.T,4841,14,67774,OK,Yahoo Finance JP full-market screener (delayed)
2026-08-20,15:30:00,2026-08-20 16:00:00,5333.T,5567,5,27835,OK,Yahoo Finance JP full-market screener (delayed)
2026-08-20,15:30:00,2026-08-20 16:00:00,5803.T,5341,8,42728,OK,Yahoo Finance JP full-market screener (delayed)
2026-08-20,15:30:00,2026-08-20 16:00:00,6146.T,60320,1,60320,OK,Yahoo Finance JP full-market screener (delayed)
2026-08-20,15:30:00,2026-08-20 16:00:00,6383.T,5838,6,35028,OK,Yahoo Finance JP full-market screener (delayed)
2026-08-20,15:30:00,2026-08-20 16:00:00,6501.T,5263,15,78945,OK,Yahoo Finance JP full-market screener (delayed)
2026-08-20,15:30:00,2026-08-20 16:00:00,6503.T,5655,14,79170,OK,Yahoo Finance JP full-market screener (delayed)
2026-08-20,15:30:00,2026-08-20 16:00:00,6504.T,13635,6,81810,OK,Yahoo Finance JP full-market screener (delayed)
2026-08-20,15:30:00,2026-08-20 16:00:00,6762.T,3011,23,69253,OK,Yahoo Finance JP full-market screener (delayed)
2026-08-20,15:30:00,2026-08-20 16:00:00,6861.T,80690,2,161380,OK,Yahoo Finance JP full-market screener (delayed)
2026-08-20,15:30:00,2026-08-20 16:00:00,7012.T,2672.5,25,66812.5,OK,Yahoo Finance JP full-market screener (delayed)
2026-08-20,15:30:00,2026-08-20 16:00:00,7203.T,3066,23,70518,OK,Yahoo Finance JP full-market screener (delayed)
2026-08-20,15:30:00,2026-08-20 16:00:00,7269.T,2087,20,41740,OK,Yahoo Finance JP full-market screener (delayed)
2026-08-20,15:30:00,2026-08-20 16:00:00,7532.T,810.2,70,56714,OK,Yahoo Finance JP full-market screener (delayed)
2026-08-20,15:30:00,2026-08-20 16:00:00,7832.T,5554,16,88864,OK,Yahoo Finance JP full-market screener (delayed)
2026-08-20,15:30:00,2026-08-20 16:00:00,8035.T,54020,1,54020,OK,Yahoo Finance JP full-market screener (delayed)
2026-08-20,15:30:00,2026-08-20 16:00:00,8306.T,3464,18,62352,OK,Yahoo Finance JP full-market screener (delayed)
2026-08-20,15:30:00,2026-08-20 16:00:00,8316.T,6546,13,85098,OK,Yahoo Finance JP full-market screener (delayed)
2026-08-20,15:30:00,2026-08-20 16:00:00,8411.T,8085,10,80850,OK,Yahoo Finance JP full-market screener (delayed)
2026-08-20,15:30:00,2026-08-20 16:00:00,8591.T,6021,13,78273,OK,Yahoo Finance JP full-market screener (delayed)
2026-08-20,15:30:00,2026-08-20 16:00:00,8630.T,6635,12,79620,OK,Yahoo Finance JP full-market screener (delayed)
2026-08-20,15:30:00,2026-08-20 16:00:00,8750.T,1767.5,10,17675,OK,Yahoo Finance JP full-market screener (delayed)
2026-08-20,15:30:00,2026-08-20 16:00:00,8766.T,7233,12,86796,OK,Yahoo Finance JP full-market screener (delayed)
2026-08-20,15:30:00,2026-08-20 16:00:00,8795.T,4689,14,65646,OK,Yahoo Finance JP full-market screener (delayed)
2026-08-20,15:30:00,2026-08-20 16:00:00,9432.T,161.4,500,80700,OK,Yahoo Finance JP full-market screener (delayed)
2026-08-20,15:30:00,2026-08-20 16:00:00,9433.T,2861,23,65803,OK,Yahoo Finance JP full-market screener (delayed)
2026-08-20,15:30:00,2026-08-20 16:00:00,9697.T,4190,7,29330,OK,Yahoo Finance JP full-market screener (delayed)
2026-08-20,15:30:00,2026-08-20 16:00:00,9983.T,76280,2,152560,OK,Yahoo Finance JP full-market screener (delayed)
2026-08-20,15:30:00,2026-08-20 17:00:00,1801.T,12555,3,37665,OK,Yahoo Finance JP full-market screener (delayed)
2026-08-20,15:30:00,2026-08-20 17:00:00,1812.T,4841,14,67774,OK,Yahoo Finance JP full-market screener (delayed)
2026-08-20,15:30:00,2026-08-20 17:00:00,5333.T,5567,5,27835,OK,Yahoo Finance JP full-market screener (delayed)
2026-08-20,15:30:00,2026-08-20 17:00:00,5803.T,5341,8,42728,OK,Yahoo Finance JP full-market screener (delayed)
2026-08-20,15:30:00,2026-08-20 17:00:00,6146.T,60320,1,60320,OK,Yahoo Finance JP full-market screener (delayed)
2026-08-20,15:30:00,2026-08-20 17:00:00,6383.T,5838,6,35028,OK,Yahoo Finance JP full-market screener (delayed)
2026-08-20,15:30:00,2026-08-20 17:00:00,6501.T,5263,15,78945,OK,Yahoo Finance JP full-market screener (delayed)
2026-08-20,15:30:00,2026-08-20 17:00:00,6503.T,5655,14,79170,OK,Yahoo Finance JP full-market screener (delayed)
2026-08-20,15:30:00,2026-08-20 17:00:00,6504.T,13635,6,81810,OK,Yahoo Finance JP full-market screener (delayed)
2026-08-20,15:30:00,2026-08-20 17:00:00,6762.T,3011,23,69253,OK,Yahoo Finance JP full-market screener (delayed)
2026-08-20,15:30:00,2026-08-20 17:00:00,6861.T,80690,2,161380,OK,Yahoo Finance JP full-market screener (delayed)
2026-08-20,15:30:00,2026-08-20 17:00:00,7012.T,2672.5,25,66812.5,OK,Yahoo Finance JP full-market screener (delayed)
2026-08-20,15:30:00,2026-08-20 17:00:00,7203.T,3066,23,70518,OK,Yahoo Finance JP full-market screener (delayed)
2026-08-20,15:30:00,2026-08-20 17:00:00,7269.T,2087,20,41740,OK,Yahoo Finance JP full-market screener (delayed)
2026-08-20,15:30:00,2026-08-20 17:00:00,7532.T,810.2,70,56714,OK,Yahoo Finance JP full-market screener (delayed)
2026-08-20,15:30:00,2026-08-20 17:00:00,7832.T,5554,16,88864,OK,Yahoo Finance JP full-market screener (delayed)
2026-08-20,15:30:00,2026-08-20 17:00:00,8035.T,54020,1,54020,OK,Yahoo Finance JP full-market screener (delayed)
2026-08-20,15:30:00,2026-08-20 17:00:00,8306.T,3464,18,62352,OK,Yahoo Finance JP full-market screener (delayed)
2026-08-20,15:30:00,2026-08-20 17:00:00,8316.T,6546,13,85098,OK,Yahoo Finance JP full-market screener (delayed)
2026-08-20,15:30:00,2026-08-20 17:00:00,8411.T,8085,10,80850,OK,Yahoo Finance JP full-market screener (delayed)
2026-08-20,15:30:00,2026-08-20 17:00:00,8591.T,6021,13,78273,OK,Yahoo Finance JP full-market screener (delayed)
2026-08-20,15:30:00,2026-08-20 17:00:00,8630.T,6635,12,79620,OK,Yahoo Finance JP full-market screener (delayed)
2026-08-20,15:30:00,2026-08-20 17:00:00,8750.T,1767.5,10,17675,OK,Yahoo Finance JP full-market screener (delayed)
2026-08-20,15:30:00,2026-08-20 17:00:00,8766.T,7233,12,86796,OK,Yahoo Finance JP full-market screener (delayed)
2026-08-20,15:30:00,2026-08-20 17:00:00,8795.T,4689,14,65646,OK,Yahoo Finance JP full-market screener (delayed)
2026-08-20,15:30:00,2026-08-20 17:00:00,9432.T,161.4,500,80700,OK,Yahoo Finance JP full-market screener (delayed)
2026-08-20,15:30:00,2026-08-20 17:00:00,9433.T,2861,23,65803,OK,Yahoo Finance JP full-market screener (delayed)
2026-08-20,15:30:00,2026-08-20 17:00:00,9697.T,4190,7,29330,OK,Yahoo Finance JP full-market screener (delayed)
2026-08-20,15:30:00,2026-08-20 17:00:00,9983.T,76280,2,152560,OK,Yahoo Finance JP full-market screener (delayed)
2026-08-21,09:05:00,2026-08-21 09:00:00,1801.T,12400,3,37200,OK,Yahoo Finance JP full-market screener (delayed)
2026-08-21,09:05:00,2026-08-21 09:00:00,1812.T,4766,14,66724,OK,Yahoo Finance JP full-market screener (delayed)
2026-08-21,09:05:01,2026-08-21 09:00:00,5333.T,5440,5,27200,OK,Yahoo Finance JP full-market screener (delayed)
2026-08-21,09:05:03,2026-08-21 09:00:00,5803.T,5221,8,41768,OK,Yahoo Finance JP full-market screener (delayed)
2026-08-21,09:04:57,2026-08-21 09:00:00,6146.T,60320,1,60320,OK,Yahoo Finance JP full-market screener (delayed)
2026-08-21,09:05:01,2026-08-21 09:00:00,6383.T,5812,6,34872,OK,Yahoo Finance JP full-market screener (delayed)
2026-08-21,09:05:02,2026-08-21 09:00:00,6501.T,5249,15,78735,OK,Yahoo Finance JP full-market screener (delayed)
2026-08-21,09:05:02,2026-08-21 09:00:00,6503.T,5567,14,77938,OK,Yahoo Finance JP full-market screener (delayed)
2026-08-21,09:04:42,2026-08-21 09:00:00,6504.T,13635,6,81810,OK,Yahoo Finance JP full-market screener (delayed)
2026-08-21,09:05:03,2026-08-21 09:00:00,6762.T,2986.5,23,68689.5,OK,Yahoo Finance JP full-market screener (delayed)
2026-08-21,09:05:02,2026-08-21 09:00:00,6861.T,79330,2,158660,OK,Yahoo Finance JP full-market screener (delayed)
2026-08-21,09:05:02,2026-08-21 09:00:00,7012.T,2624.5,25,65612.5,OK,Yahoo Finance JP full-market screener (delayed)
2026-08-21,09:05:01,2026-08-21 09:00:00,7203.T,3094,23,71162,OK,Yahoo Finance JP full-market screener (delayed)
2026-08-21,09:04:58,2026-08-21 09:00:00,7269.T,2087,20,41740,OK,Yahoo Finance JP full-market screener (delayed)
2026-08-21,09:05:02,2026-08-21 09:00:00,7532.T,813.5,70,56945,OK,Yahoo Finance JP full-market screener (delayed)
2026-08-21,09:05:02,2026-08-21 09:00:00,7832.T,5594,16,89504,OK,Yahoo Finance JP full-market screener (delayed)
2026-08-21,09:05:02,2026-08-21 09:00:00,8035.T,53600,1,53600,OK,Yahoo Finance JP full-market screener (delayed)
2026-08-21,09:05:02,2026-08-21 09:00:00,8306.T,3460,18,62280,OK,Yahoo Finance JP full-market screener (delayed)
2026-08-21,09:05:02,2026-08-21 09:00:00,8316.T,6530,13,84890,OK,Yahoo Finance JP full-market screener (delayed)
2026-08-21,09:05:02,2026-08-21 09:00:00,8411.T,8061,10,80610,OK,Yahoo Finance JP full-market screener (delayed)
2026-08-21,09:05:02,2026-08-21 09:00:00,8591.T,6045,13,78585,OK,Yahoo Finance JP full-market screener (delayed)
2026-08-21,09:05:01,2026-08-21 09:00:00,8630.T,6600,12,79200,OK,Yahoo Finance JP full-market screener (delayed)
2026-08-21,09:05:02,2026-08-21 09:00:00,8750.T,1762,10,17620,OK,Yahoo Finance JP full-market screener (delayed)
2026-08-21,09:05:01,2026-08-21 09:00:00,8766.T,7235,12,86820,OK,Yahoo Finance JP full-market screener (delayed)
2026-08-21,09:04:45,2026-08-21 09:00:00,8795.T,4689,14,65646,OK,Yahoo Finance JP full-market screener (delayed)
2026-08-21,09:05:02,2026-08-21 09:00:00,9432.T,162.3,500,81150,OK,Yahoo Finance JP full-market screener (delayed)
2026-08-21,09:05:02,2026-08-21 09:00:00,9433.T,2895,23,66585,OK,Yahoo Finance JP full-market screener (delayed)
2026-08-21,09:05:03,2026-08-21 09:00:00,9697.T,4256,7,29792,OK,Yahoo Finance JP full-market screener (delayed)
2026-08-21,09:05:00,2026-08-21 09:00:00,9983.T,74400,2,148800,OK,Yahoo Finance JP full-market screener (delayed)
2026-08-21,10:04:56,2026-08-21 10:00:00,1801.T,12325,3,36975,OK,Yahoo Finance JP full-market screener (delayed)
2026-08-21,10:04:57,2026-08-21 10:00:00,1812.T,4732,14,66248,OK,Yahoo Finance JP full-market screener (delayed)
2026-08-21,10:05:04,2026-08-21 10:00:00,5333.T,5428,5,27140,OK,Yahoo Finance JP full-market screener (delayed)
2026-08-21,10:05:06,2026-08-21 10:00:00,5803.T,5215,8,41720,OK,Yahoo Finance JP full-market screener (delayed)
2026-08-21,10:05:05,2026-08-21 10:00:00,6146.T,59260,1,59260,OK,Yahoo Finance JP full-market screener (delayed)
2026-08-21,10:05:04,2026-08-21 10:00:00,6383.T,5783,6,34698,OK,Yahoo Finance JP full-market screener (delayed)
2026-08-21,10:05:06,2026-08-21 10:00:00,6501.T,5197,15,77955,OK,Yahoo Finance JP full-market screener (delayed)
2026-08-21,10:05:05,2026-08-21 10:00:00,6503.T,5537,14,77518,OK,Yahoo Finance JP full-market screener (delayed)
2026-08-21,10:05:01,2026-08-21 10:00:00,6504.T,13470,6,80820,OK,Yahoo Finance JP full-market screener (delayed)
2026-08-21,10:05:06,2026-08-21 10:00:00,6762.T,2988,23,68724,OK,Yahoo Finance JP full-market screener (delayed)
2026-08-21,10:04:49,2026-08-21 10:00:00,6861.T,78810,2,157620,OK,Yahoo Finance JP full-market screener (delayed)
2026-08-21,10:05:05,2026-08-21 10:00:00,7012.T,2586,25,64650,OK,Yahoo Finance JP full-market screener (delayed)
2026-08-21,10:04:56,2026-08-21 10:00:00,7203.T,3114,23,71622,OK,Yahoo Finance JP full-market screener (delayed)
2026-08-21,10:05:01,2026-08-21 10:00:00,7269.T,2100,20,42000,OK,Yahoo Finance JP full-market screener (delayed)
2026-08-21,10:05:06,2026-08-21 10:00:00,7532.T,810.2,70,56714,OK,Yahoo Finance JP full-market screener (delayed)
2026-08-21,10:05:06,2026-08-21 10:00:00,7832.T,5540,16,88640,OK,Yahoo Finance JP full-market screener (delayed)
2026-08-21,10:05:05,2026-08-21 10:00:00,8035.T,53390,1,53390,OK,Yahoo Finance JP full-market screener (delayed)
2026-08-21,10:05:05,2026-08-21 10:00:00,8306.T,3458,18,62244,OK,Yahoo Finance JP full-market screener (delayed)
2026-08-21,10:05:05,2026-08-21 10:00:00,8316.T,6536,13,84968,OK,Yahoo Finance JP full-market screener (delayed)
2026-08-21,10:05:05,2026-08-21 10:00:00,8411.T,8047,10,80470,OK,Yahoo Finance JP full-market screener (delayed)
2026-08-21,10:04:52,2026-08-21 10:00:00,8591.T,6069,13,78897,OK,Yahoo Finance JP full-market screener (delayed)
2026-08-21,10:05:02,2026-08-21 10:00:00,8630.T,6643,12,79716,OK,Yahoo Finance JP full-market screener (delayed)
2026-08-21,10:04:54,2026-08-21 10:00:00,8750.T,1779.5,10,17795,OK,Yahoo Finance JP full-market screener (delayed)
2026-08-21,10:05:02,2026-08-21 10:00:00,8766.T,7285,12,87420,OK,Yahoo Finance JP full-market screener (delayed)
2026-08-21,10:05:00,2026-08-21 10:00:00,8795.T,4743,14,66402,OK,Yahoo Finance JP full-market screener (delayed)
2026-08-21,10:05:06,2026-08-21 10:00:00,9432.T,164.1,500,82050,OK,Yahoo Finance JP full-market screener (delayed)
2026-08-21,10:05:06,2026-08-21 10:00:00,9433.T,2905.5,23,66826.5,OK,Yahoo Finance JP full-market screener (delayed)
2026-08-21,10:04:54,2026-08-21 10:00:00,9697.T,4221,7,29547,OK,Yahoo Finance JP full-market screener (delayed)
2026-08-21,10:05:05,2026-08-21 10:00:00,9983.T,72870,2,145740,OK,Yahoo Finance JP full-market screener (delayed)
2026-08-21,11:04:36,2026-08-21 11:00:00,1801.T,12315,3,36945,OK,Yahoo Finance JP full-market screener (delayed)
2026-08-21,11:05:00,2026-08-21 11:00:00,1812.T,4725,14,66150,OK,Yahoo Finance JP full-market screener (delayed)
2026-08-21,11:04:49,2026-08-21 11:00:00,5333.T,5468,5,27340,OK,Yahoo Finance JP full-market screener (delayed)
2026-08-21,11:05:02,2026-08-21 11:00:00,5803.T,5345,8,42760,OK,Yahoo Finance JP full-market screener (delayed)
2026-08-21,11:04:49,2026-08-21 11:00:00,6146.T,60180,1,60180,OK,Yahoo Finance JP full-market screener (delayed)
2026-08-21,11:04:50,2026-08-21 11:00:00,6383.T,5831,6,34986,OK,Yahoo Finance JP full-market screener (delayed)
2026-08-21,11:05:00,2026-08-21 11:00:00,6501.T,5198,15,77970,OK,Yahoo Finance JP full-market screener (delayed)
2026-08-21,11:05:03,2026-08-21 11:00:00,6503.T,5566,14,77924,OK,Yahoo Finance JP full-market screener (delayed)
2026-08-21,11:04:55,2026-08-21 11:00:00,6504.T,13835,6,83010,OK,Yahoo Finance JP full-market screener (delayed)
2026-08-21,11:05:02,2026-08-21 11:00:00,6762.T,3018,23,69414,OK,Yahoo Finance JP full-market screener (delayed)
2026-08-21,11:04:46,2026-08-21 11:00:00,6861.T,79420,2,158840,OK,Yahoo Finance JP full-market screener (delayed)
2026-08-21,11:05:03,2026-08-21 11:00:00,7012.T,2583,25,64575,OK,Yahoo Finance JP full-market screener (delayed)
2026-08-21,11:05:02,2026-08-21 11:00:00,7203.T,3109,23,71507,OK,Yahoo Finance JP full-market screener (delayed)
2026-08-21,11:05:00,2026-08-21 11:00:00,7269.T,2092,20,41840,OK,Yahoo Finance JP full-market screener (delayed)
2026-08-21,11:05:00,2026-08-21 11:00:00,7532.T,812.2,70,56854,OK,Yahoo Finance JP full-market screener (delayed)
2026-08-21,11:05:02,2026-08-21 11:00:00,7832.T,5515,16,88240,OK,Yahoo Finance JP full-market screener (delayed)
2026-08-21,11:04:57,2026-08-21 11:00:00,8035.T,54250,1,54250,OK,Yahoo Finance JP full-market screener (delayed)
2026-08-21,11:04:59,2026-08-21 11:00:00,8306.T,3473,18,62514,OK,Yahoo Finance JP full-market screener (delayed)
2026-08-21,11:05:00,2026-08-21 11:00:00,8316.T,6561,13,85293,OK,Yahoo Finance JP full-market screener (delayed)
2026-08-21,11:05:01,2026-08-21 11:00:00,8411.T,8082,10,80820,OK,Yahoo Finance JP full-market screener (delayed)
2026-08-21,11:04:59,2026-08-21 11:00:00,8591.T,6081,13,79053,OK,Yahoo Finance JP full-market screener (delayed)
2026-08-21,11:05:00,2026-08-21 11:00:00,8630.T,6655,12,79860,OK,Yahoo Finance JP full-market screener (delayed)
2026-08-21,11:05:01,2026-08-21 11:00:00,8750.T,1787,10,17870,OK,Yahoo Finance JP full-market screener (delayed)
2026-08-21,11:04:58,2026-08-21 11:00:00,8766.T,7293,12,87516,OK,Yahoo Finance JP full-market screener (delayed)
2026-08-21,11:05:00,2026-08-21 11:00:00,8795.T,4773,14,66822,OK,Yahoo Finance JP full-market screener (delayed)
2026-08-21,11:05:02,2026-08-21 11:00:00,9432.T,164,500,82000,OK,Yahoo Finance JP full-market screener (delayed)
2026-08-21,11:04:47,2026-08-21 11:00:00,9433.T,2897.5,23,66642.5,OK,Yahoo Finance JP full-market screener (delayed)
2026-08-21,11:04:45,2026-08-21 11:00:00,9697.T,4186,7,29302,OK,Yahoo Finance JP full-market screener (delayed)
2026-08-21,11:04:54,2026-08-21 11:00:00,9983.T,72830,2,145660,OK,Yahoo Finance JP full-market screener (delayed)
2026-08-21,11:30:00,2026-08-21 12:00:00,1801.T,12320,3,36960,OK,Yahoo Finance JP full-market screener (delayed)
2026-08-21,11:30:00,2026-08-21 12:00:00,1812.T,4735,14,66290,OK,Yahoo Finance JP full-market screener (delayed)
2026-08-21,11:30:00,2026-08-21 12:00:00,5333.T,5492,5,27460,OK,Yahoo Finance JP full-market screener (delayed)
2026-08-21,11:30:00,2026-08-21 12:00:00,5803.T,5401,8,43208,OK,Yahoo Finance JP full-market screener (delayed)
2026-08-21,11:30:00,2026-08-21 12:00:00,6146.T,60470,1,60470,OK,Yahoo Finance JP full-market screener (delayed)
2026-08-21,11:30:00,2026-08-21 12:00:00,6383.T,5867,6,35202,OK,Yahoo Finance JP full-market screener (delayed)
2026-08-21,11:30:00,2026-08-21 12:00:00,6501.T,5216,15,78240,OK,Yahoo Finance JP full-market screener (delayed)
2026-08-21,11:30:00,2026-08-21 12:00:00,6503.T,5585,14,78190,OK,Yahoo Finance JP full-market screener (delayed)
2026-08-21,11:30:00,2026-08-21 12:00:00,6504.T,13825,6,82950,OK,Yahoo Finance JP full-market screener (delayed)
2026-08-21,11:30:00,2026-08-21 12:00:00,6762.T,3017,23,69391,OK,Yahoo Finance JP full-market screener (delayed)
2026-08-21,11:30:00,2026-08-21 12:00:00,6861.T,79640,2,159280,OK,Yahoo Finance JP full-market screener (delayed)
2026-08-21,11:30:00,2026-08-21 12:00:00,7012.T,2593.5,25,64837.5,OK,Yahoo Finance JP full-market screener (delayed)
2026-08-21,11:30:00,2026-08-21 12:00:00,7203.T,3096,23,71208,OK,Yahoo Finance JP full-market screener (delayed)
2026-08-21,11:30:00,2026-08-21 12:00:00,7269.T,2088.5,20,41770,OK,Yahoo Finance JP full-market screener (delayed)
2026-08-21,11:30:00,2026-08-21 12:00:00,7532.T,809.9,70,56693,OK,Yahoo Finance JP full-market screener (delayed)
2026-08-21,11:30:00,2026-08-21 12:00:00,7832.T,5483,16,87728,OK,Yahoo Finance JP full-market screener (delayed)
2026-08-21,11:30:00,2026-08-21 12:00:00,8035.T,54550,1,54550,OK,Yahoo Finance JP full-market screener (delayed)
2026-08-21,11:30:00,2026-08-21 12:00:00,8306.T,3481,18,62658,OK,Yahoo Finance JP full-market screener (delayed)
2026-08-21,11:30:00,2026-08-21 12:00:00,8316.T,6579,13,85527,OK,Yahoo Finance JP full-market screener (delayed)
2026-08-21,11:30:00,2026-08-21 12:00:00,8411.T,8107,10,81070,OK,Yahoo Finance JP full-market screener (delayed)
2026-08-21,11:30:00,2026-08-21 12:00:00,8591.T,6080,13,79040,OK,Yahoo Finance JP full-market screener (delayed)
2026-08-21,11:30:00,2026-08-21 12:00:00,8630.T,6656,12,79872,OK,Yahoo Finance JP full-market screener (delayed)
2026-08-21,11:30:00,2026-08-21 12:00:00,8750.T,1789.5,10,17895,OK,Yahoo Finance JP full-market screener (delayed)
2026-08-21,11:30:00,2026-08-21 12:00:00,8766.T,7296,12,87552,OK,Yahoo Finance JP full-market screener (delayed)
2026-08-21,11:30:00,2026-08-21 12:00:00,8795.T,4770,14,66780,OK,Yahoo Finance JP full-market screener (delayed)
2026-08-21,11:30:00,2026-08-21 12:00:00,9432.T,164.6,500,82300,OK,Yahoo Finance JP full-market screener (delayed)
2026-08-21,11:30:00,2026-08-21 12:00:00,9433.T,2897.5,23,66642.5,OK,Yahoo Finance JP full-market screener (delayed)
2026-08-21,11:30:00,2026-08-21 12:00:00,9697.T,4169,7,29183,OK,Yahoo Finance JP full-market screener (delayed)
2026-08-21,11:30:00,2026-08-21 12:00:00,9983.T,73250,2,146500,OK,Yahoo Finance JP full-market screener (delayed)
2026-08-21,13:04:37,2026-08-21 13:00:00,1801.T,12290,3,36870,OK,Yahoo Finance JP full-market screener (delayed)
2026-08-21,13:04:54,2026-08-21 13:00:00,1812.T,4735,14,66290,OK,Yahoo Finance JP full-market screener (delayed)
2026-08-21,13:04:47,2026-08-21 13:00:00,5333.T,5494,5,27470,OK,Yahoo Finance JP full-market screener (delayed)
2026-08-21,13:05:04,2026-08-21 13:00:00,5803.T,5293,8,42344,OK,Yahoo Finance JP full-market screener (delayed)
2026-08-21,13:05:03,2026-08-21 13:00:00,6146.T,61090,1,61090,OK,Yahoo Finance JP full-market screener (delayed)
2026-08-21,13:05:02,2026-08-21 13:00:00,6383.T,5948,6,35688,OK,Yahoo Finance JP full-market screener (delayed)
2026-08-21,13:04:54,2026-08-21 13:00:00,6501.T,5222,15,78330,OK,Yahoo Finance JP full-market screener (delayed)
2026-08-21,13:05:03,2026-08-21 13:00:00,6503.T,5601,14,78414,OK,Yahoo Finance JP full-market screener (delayed)
2026-08-21,13:04:57,2026-08-21 13:00:00,6504.T,13900,6,83400,OK,Yahoo Finance JP full-market screener (delayed)
2026-08-21,13:05:03,2026-08-21 13:00:00,6762.T,3020,23,69460,OK,Yahoo Finance JP full-market screener (delayed)
2026-08-21,13:04:53,2026-08-21 13:00:00,6861.T,80070,2,160140,OK,Yahoo Finance JP full-market screener (delayed)
2026-08-21,13:05:03,2026-08-21 13:00:00,7012.T,2604,25,65100,OK,Yahoo Finance JP full-market screener (delayed)
2026-08-21,13:05:02,2026-08-21 13:00:00,7203.T,3118,23,71714,OK,Yahoo Finance JP full-market screener (delayed)
2026-08-21,13:04:54,2026-08-21 13:00:00,7269.T,2096,20,41920,OK,Yahoo Finance JP full-market screener (delayed)
2026-08-21,13:05:01,2026-08-21 13:00:00,7532.T,807.6,70,56532,OK,Yahoo Finance JP full-market screener (delayed)
2026-08-21,13:04:38,2026-08-21 13:00:00,7832.T,5479,16,87664,OK,Yahoo Finance JP full-market screener (delayed)
2026-08-21,13:04:58,2026-08-21 13:00:00,8035.T,54730,1,54730,OK,Yahoo Finance JP full-market screener (delayed)
2026-08-21,13:05:02,2026-08-21 13:00:00,8306.T,3502,18,63036,OK,Yahoo Finance JP full-market screener (delayed)
2026-08-21,13:04:48,2026-08-21 13:00:00,8316.T,6600,13,85800,OK,Yahoo Finance JP full-market screener (delayed)
2026-08-21,13:04:55,2026-08-21 13:00:00,8411.T,8156,10,81560,OK,Yahoo Finance JP full-market screener (delayed)
2026-08-21,13:04:54,2026-08-21 13:00:00,8591.T,6120,13,79560,OK,Yahoo Finance JP full-market screener (delayed)
2026-08-21,13:05:03,2026-08-21 13:00:00,8630.T,6679,12,80148,OK,Yahoo Finance JP full-market screener (delayed)
2026-08-21,13:04:25,2026-08-21 13:00:00,8750.T,1792.5,10,17925,OK,Yahoo Finance JP full-market screener (delayed)
2026-08-21,13:04:59,2026-08-21 13:00:00,8766.T,7301,12,87612,OK,Yahoo Finance JP full-market screener (delayed)
2026-08-21,13:05:04,2026-08-21 13:00:00,8795.T,4783,14,66962,OK,Yahoo Finance JP full-market screener (delayed)
2026-08-21,13:05:01,2026-08-21 13:00:00,9432.T,165.3,500,82650,OK,Yahoo Finance JP full-market screener (delayed)
2026-08-21,13:05:03,2026-08-21 13:00:00,9433.T,2910.5,23,66941.5,OK,Yahoo Finance JP full-market screener (delayed)
2026-08-21,13:04:39,2026-08-21 13:00:00,9697.T,4171,7,29197,OK,Yahoo Finance JP full-market screener (delayed)
2026-08-21,13:04:56,2026-08-21 13:00:00,9983.T,73110,2,146220,OK,Yahoo Finance JP full-market screener (delayed)
2026-08-21,14:04:44,2026-08-21 14:00:00,1801.T,12335,3,37005,OK,Yahoo Finance JP full-market screener (delayed)
2026-08-21,14:05:03,2026-08-21 14:00:00,1812.T,4742,14,66388,OK,Yahoo Finance JP full-market screener (delayed)
2026-08-21,14:04:47,2026-08-21 14:00:00,5333.T,5487,5,27435,OK,Yahoo Finance JP full-market screener (delayed)
2026-08-21,14:05:06,2026-08-21 14:00:00,5803.T,5231,8,41848,OK,Yahoo Finance JP full-market screener (delayed)
2026-08-21,14:05:03,2026-08-21 14:00:00,6146.T,61000,1,61000,OK,Yahoo Finance JP full-market screener (delayed)
2026-08-21,14:05:03,2026-08-21 14:00:00,6383.T,5896,6,35376,OK,Yahoo Finance JP full-market screener (delayed)
2026-08-21,14:04:46,2026-08-21 14:00:00,6501.T,5215,15,78225,OK,Yahoo Finance JP full-market screener (delayed)
2026-08-21,14:05:02,2026-08-21 14:00:00,6503.T,5578,14,78092,OK,Yahoo Finance JP full-market screener (delayed)
2026-08-21,14:05:06,2026-08-21 14:00:00,6504.T,13990,6,83940,OK,Yahoo Finance JP full-market screener (delayed)
2026-08-21,14:04:53,2026-08-21 14:00:00,6762.T,3029,23,69667,OK,Yahoo Finance JP full-market screener (delayed)
2026-08-21,14:04:12,2026-08-21 14:00:00,6861.T,79860,2,159720,OK,Yahoo Finance JP full-market screener (delayed)
2026-08-21,14:05:03,2026-08-21 14:00:00,7012.T,2595.5,25,64887.5,OK,Yahoo Finance JP full-market screener (delayed)
2026-08-21,14:05:03,2026-08-21 14:00:00,7203.T,3128,23,71944,OK,Yahoo Finance JP full-market screener (delayed)
2026-08-21,14:04:48,2026-08-21 14:00:00,7269.T,2107,20,42140,OK,Yahoo Finance JP full-market screener (delayed)
2026-08-21,14:05:01,2026-08-21 14:00:00,7532.T,813.1,70,56917,OK,Yahoo Finance JP full-market screener (delayed)
2026-08-21,14:05:04,2026-08-21 14:00:00,7832.T,5491,16,87856,OK,Yahoo Finance JP full-market screener (delayed)
2026-08-21,14:05:02,2026-08-21 14:00:00,8035.T,54530,1,54530,OK,Yahoo Finance JP full-market screener (delayed)
2026-08-21,14:05:03,2026-08-21 14:00:00,8306.T,3522,18,63396,OK,Yahoo Finance JP full-market screener (delayed)
2026-08-21,14:05:03,2026-08-21 14:00:00,8316.T,6627,13,86151,OK,Yahoo Finance JP full-market screener (delayed)
2026-08-21,14:05:03,2026-08-21 14:00:00,8411.T,8189,10,81890,OK,Yahoo Finance JP full-market screener (delayed)
2026-08-21,14:05:04,2026-08-21 14:00:00,8591.T,6138,13,79794,OK,Yahoo Finance JP full-market screener (delayed)
2026-08-21,14:04:56,2026-08-21 14:00:00,8630.T,6738,12,80856,OK,Yahoo Finance JP full-market screener (delayed)
2026-08-21,14:05:03,2026-08-21 14:00:00,8750.T,1798.5,10,17985,OK,Yahoo Finance JP full-market screener (delayed)
2026-08-21,14:05:03,2026-08-21 14:00:00,8766.T,7370,12,88440,OK,Yahoo Finance JP full-market screener (delayed)
2026-08-21,14:05:03,2026-08-21 14:00:00,8795.T,4821,14,67494,OK,Yahoo Finance JP full-market screener (delayed)
2026-08-21,14:05:02,2026-08-21 14:00:00,9432.T,166.1,500,83050,OK,Yahoo Finance JP full-market screener (delayed)
2026-08-21,14:05:03,2026-08-21 14:00:00,9433.T,2918,23,67114,OK,Yahoo Finance JP full-market screener (delayed)
2026-08-21,14:05:04,2026-08-21 14:00:00,9697.T,4170,7,29190,OK,Yahoo Finance JP full-market screener (delayed)
2026-08-21,14:04:53,2026-08-21 14:00:00,9983.T,73290,2,146580,OK,Yahoo Finance JP full-market screener (delayed)
2026-08-21,15:04:22,2026-08-21 15:00:00,1801.T,12310,3,36930,OK,Yahoo Finance JP full-market screener (delayed)
2026-08-21,15:04:38,2026-08-21 15:00:00,1812.T,4736,14,66304,OK,Yahoo Finance JP full-market screener (delayed)
2026-08-21,15:05:02,2026-08-21 15:00:00,5333.T,5447,5,27235,OK,Yahoo Finance JP full-market screener (delayed)
2026-08-21,15:05:03,2026-08-21 15:00:00,5803.T,5231,8,41848,OK,Yahoo Finance JP full-market screener (delayed)
2026-08-21,15:04:50,2026-08-21 15:00:00,6146.T,60850,1,60850,OK,Yahoo Finance JP full-market screener (delayed)
2026-08-21,15:04:39,2026-08-21 15:00:00,6383.T,5884,6,35304,OK,Yahoo Finance JP full-market screener (delayed)
2026-08-21,15:04:59,2026-08-21 15:00:00,6501.T,5204,15,78060,OK,Yahoo Finance JP full-market screener (delayed)
2026-08-21,15:04:57,2026-08-21 15:00:00,6503.T,5565,14,77910,OK,Yahoo Finance JP full-market screener (delayed)
2026-08-21,15:04:57,2026-08-21 15:00:00,6504.T,13860,6,83160,OK,Yahoo Finance JP full-market screener (delayed)
2026-08-21,15:05:02,2026-08-21 15:00:00,6762.T,3016,23,69368,OK,Yahoo Finance JP full-market screener (delayed)
2026-08-21,15:04:51,2026-08-21 15:00:00,6861.T,79870,2,159740,OK,Yahoo Finance JP full-market screener (delayed)
2026-08-21,15:05:02,2026-08-21 15:00:00,7012.T,2588.5,25,64712.5,OK,Yahoo Finance JP full-market screener (delayed)
2026-08-21,15:05:01,2026-08-21 15:00:00,7203.T,3126,23,71898,OK,Yahoo Finance JP full-market screener (delayed)
2026-08-21,15:04:57,2026-08-21 15:00:00,7269.T,2099,20,41980,OK,Yahoo Finance JP full-market screener (delayed)
2026-08-21,15:05:03,2026-08-21 15:00:00,7532.T,817.6,70,57232,OK,Yahoo Finance JP full-market screener (delayed)
2026-08-21,15:05:01,2026-08-21 15:00:00,7832.T,5470,16,87520,OK,Yahoo Finance JP full-market screener (delayed)
2026-08-21,15:04:56,2026-08-21 15:00:00,8035.T,54290,1,54290,OK,Yahoo Finance JP full-market screener (delayed)
2026-08-21,15:05:00,2026-08-21 15:00:00,8306.T,3516,18,63288,OK,Yahoo Finance JP full-market screener (delayed)
2026-08-21,15:05:02,2026-08-21 15:00:00,8316.T,6611,13,85943,OK,Yahoo Finance JP full-market screener (delayed)
2026-08-21,15:05:03,2026-08-21 15:00:00,8411.T,8154,10,81540,OK,Yahoo Finance JP full-market screener (delayed)
2026-08-21,15:04:44,2026-08-21 15:00:00,8591.T,6133,13,79729,OK,Yahoo Finance JP full-market screener (delayed)
2026-08-21,15:04:58,2026-08-21 15:00:00,8630.T,6751,12,81012,OK,Yahoo Finance JP full-market screener (delayed)
2026-08-21,15:04:56,2026-08-21 15:00:00,8750.T,1793.5,10,17935,OK,Yahoo Finance JP full-market screener (delayed)
2026-08-21,15:05:01,2026-08-21 15:00:00,8766.T,7369,12,88428,OK,Yahoo Finance JP full-market screener (delayed)
2026-08-21,15:04:35,2026-08-21 15:00:00,8795.T,4805,14,67270,OK,Yahoo Finance JP full-market screener (delayed)
2026-08-21,15:05:03,2026-08-21 15:00:00,9432.T,165.9,500,82950,OK,Yahoo Finance JP full-market screener (delayed)
2026-08-21,15:05:03,2026-08-21 15:00:00,9433.T,2923,23,67229,OK,Yahoo Finance JP full-market screener (delayed)
2026-08-21,15:05:01,2026-08-21 15:00:00,9697.T,4148,7,29036,OK,Yahoo Finance JP full-market screener (delayed)
2026-08-21,15:04:30,2026-08-21 15:00:00,9983.T,73390,2,146780,OK,Yahoo Finance JP full-market screener (delayed)
2026-08-21,15:30:00,2026-08-21 16:00:00,1801.T,12355,3,37065,OK,Yahoo Finance JP full-market screener (delayed)
2026-08-21,15:30:00,2026-08-21 16:00:00,1812.T,4747,14,66458,OK,Yahoo Finance JP full-market screener (delayed)
2026-08-21,15:30:00,2026-08-21 16:00:00,5333.T,5465,5,27325,OK,Yahoo Finance JP full-market screener (delayed)
2026-08-21,15:30:00,2026-08-21 16:00:00,5803.T,5280,8,42240,OK,Yahoo Finance JP full-market screener (delayed)
2026-08-21,15:30:00,2026-08-21 16:00:00,6146.T,61360,1,61360,OK,Yahoo Finance JP full-market screener (delayed)
2026-08-21,15:30:00,2026-08-21 16:00:00,6383.T,5900,6,35400,OK,Yahoo Finance JP full-market screener (delayed)
2026-08-21,15:30:00,2026-08-21 16:00:00,6501.T,5196,15,77940,OK,Yahoo Finance JP full-market screener (delayed)
2026-08-21,15:30:00,2026-08-21 16:00:00,6503.T,5602,14,78428,OK,Yahoo Finance JP full-market screener (delayed)
2026-08-21,15:30:00,2026-08-21 16:00:00,6504.T,13885,6,83310,OK,Yahoo Finance JP full-market screener (delayed)
2026-08-21,15:30:00,2026-08-21 16:00:00,6762.T,3041,23,69943,OK,Yahoo Finance JP full-market screener (delayed)
2026-08-21,15:30:00,2026-08-21 16:00:00,6861.T,79900,2,159800,OK,Yahoo Finance JP full-market screener (delayed)
2026-08-21,15:30:00,2026-08-21 16:00:00,7012.T,2603.5,25,65087.5,OK,Yahoo Finance JP full-market screener (delayed)
2026-08-21,15:30:00,2026-08-21 16:00:00,7203.T,3132,23,72036,OK,Yahoo Finance JP full-market screener (delayed)
2026-08-21,15:30:00,2026-08-21 16:00:00,7269.T,2103.5,20,42070,OK,Yahoo Finance JP full-market screener (delayed)
2026-08-21,15:30:00,2026-08-21 16:00:00,7532.T,818.2,70,57274,OK,Yahoo Finance JP full-market screener (delayed)
2026-08-21,15:30:00,2026-08-21 16:00:00,7832.T,5484,16,87744,OK,Yahoo Finance JP full-market screener (delayed)
2026-08-21,15:30:00,2026-08-21 16:00:00,8035.T,54290,1,54290,OK,Yahoo Finance JP full-market screener (delayed)
2026-08-21,15:30:00,2026-08-21 16:00:00,8306.T,3508,18,63144,OK,Yahoo Finance JP full-market screener (delayed)
2026-08-21,15:30:00,2026-08-21 16:00:00,8316.T,6606,13,85878,OK,Yahoo Finance JP full-market screener (delayed)
2026-08-21,15:30:00,2026-08-21 16:00:00,8411.T,8110,10,81100,OK,Yahoo Finance JP full-market screener (delayed)
2026-08-21,15:30:00,2026-08-21 16:00:00,8591.T,6115,13,79495,OK,Yahoo Finance JP full-market screener (delayed)
2026-08-21,15:30:00,2026-08-21 16:00:00,8630.T,6757,12,81084,OK,Yahoo Finance JP full-market screener (delayed)
2026-08-21,15:30:00,2026-08-21 16:00:00,8750.T,1788.5,10,17885,OK,Yahoo Finance JP full-market screener (delayed)
2026-08-21,15:30:00,2026-08-21 16:00:00,8766.T,7347,12,88164,OK,Yahoo Finance JP full-market screener (delayed)
2026-08-21,15:30:00,2026-08-21 16:00:00,8795.T,4795,14,67130,OK,Yahoo Finance JP full-market screener (delayed)
2026-08-21,15:30:00,2026-08-21 16:00:00,9432.T,166.1,500,83050,OK,Yahoo Finance JP full-market screener (delayed)
2026-08-21,15:30:00,2026-08-21 16:00:00,9433.T,2915.5,23,67056.5,OK,Yahoo Finance JP full-market screener (delayed)
2026-08-21,15:30:00,2026-08-21 16:00:00,9697.T,4130,7,28910,OK,Yahoo Finance JP full-market screener (delayed)
2026-08-21,15:30:00,2026-08-21 16:00:00,9983.T,73510,2,147020,OK,Yahoo Finance JP full-market screener (delayed)
2026-08-21,15:30:00,2026-08-21 17:00:00,1801.T,12355,3,37065,OK,Yahoo Finance JP full-market screener (delayed)
2026-08-21,15:30:00,2026-08-21 17:00:00,1812.T,4747,14,66458,OK,Yahoo Finance JP full-market screener (delayed)
2026-08-21,15:30:00,2026-08-21 17:00:00,5333.T,5465,5,27325,OK,Yahoo Finance JP full-market screener (delayed)
2026-08-21,15:30:00,2026-08-21 17:00:00,5803.T,5280,8,42240,OK,Yahoo Finance JP full-market screener (delayed)
2026-08-21,15:30:00,2026-08-21 17:00:00,6146.T,61360,1,61360,OK,Yahoo Finance JP full-market screener (delayed)
2026-08-21,15:30:00,2026-08-21 17:00:00,6383.T,5900,6,35400,OK,Yahoo Finance JP full-market screener (delayed)
2026-08-21,15:30:00,2026-08-21 17:00:00,6501.T,5196,15,77940,OK,Yahoo Finance JP full-market screener (delayed)
2026-08-21,15:30:00,2026-08-21 17:00:00,6503.T,5602,14,78428,OK,Yahoo Finance JP full-market screener (delayed)
2026-08-21,15:30:00,2026-08-21 17:00:00,6504.T,13885,6,83310,OK,Yahoo Finance JP full-market screener (delayed)
2026-08-21,15:30:00,2026-08-21 17:00:00,6762.T,3041,23,69943,OK,Yahoo Finance JP full-market screener (delayed)
2026-08-21,15:30:00,2026-08-21 17:00:00,6861.T,79900,2,159800,OK,Yahoo Finance JP full-market screener (delayed)
2026-08-21,15:30:00,2026-08-21 17:00:00,7012.T,2603.5,25,65087.5,OK,Yahoo Finance JP full-market screener (delayed)
2026-08-21,15:30:00,2026-08-21 17:00:00,7203.T,3132,23,72036,OK,Yahoo Finance JP full-market screener (delayed)
2026-08-21,15:30:00,2026-08-21 17:00:00,7269.T,2103.5,20,42070,OK,Yahoo Finance JP full-market screener (delayed)
2026-08-21,15:30:00,2026-08-21 17:00:00,7532.T,818.2,70,57274,OK,Yahoo Finance JP full-market screener (delayed)
2026-08-21,15:30:00,2026-08-21 17:00:00,7832.T,5484,16,87744,OK,Yahoo Finance JP full-market screener (delayed)
2026-08-21,15:30:00,2026-08-21 17:00:00,8035.T,54290,1,54290,OK,Yahoo Finance JP full-market screener (delayed)
2026-08-21,15:30:00,2026-08-21 17:00:00,8306.T,3508,18,63144,OK,Yahoo Finance JP full-market screener (delayed)
2026-08-21,15:30:00,2026-08-21 17:00:00,8316.T,6606,13,85878,OK,Yahoo Finance JP full-market screener (delayed)
2026-08-21,15:30:00,2026-08-21 17:00:00,8411.T,8110,10,81100,OK,Yahoo Finance JP full-market screener (delayed)
2026-08-21,15:30:00,2026-08-21 17:00:00,8591.T,6115,13,79495,OK,Yahoo Finance JP full-market screener (delayed)
2026-08-21,15:30:00,2026-08-21 17:00:00,8630.T,6757,12,81084,OK,Yahoo Finance JP full-market screener (delayed)
2026-08-21,15:30:00,2026-08-21 17:00:00,8750.T,1788.5,10,17885,OK,Yahoo Finance JP full-market screener (delayed)
2026-08-21,15:30:00,2026-08-21 17:00:00,8766.T,7347,12,88164,OK,Yahoo Finance JP full-market screener (delayed)
2026-08-21,15:30:00,2026-08-21 17:00:00,8795.T,4795,14,67130,OK,Yahoo Finance JP full-market screener (delayed)
2026-08-21,15:30:00,2026-08-21 17:00:00,9432.T,166.1,500,83050,OK,Yahoo Finance JP full-market screener (delayed)
2026-08-21,15:30:00,2026-08-21 17:00:00,9433.T,2915.5,23,67056.5,OK,Yahoo Finance JP full-market screener (delayed)
2026-08-21,15:30:00,2026-08-21 17:00:00,9697.T,4130,7,28910,OK,Yahoo Finance JP full-market screener (delayed)
2026-08-21,15:30:00,2026-08-21 17:00:00,9983.T,73510,2,147020,OK,Yahoo Finance JP full-market screener (delayed)
2026-08-21,15:30:00,2026-08-24 08:00:00,1801.T,12355,3,37065,OK,Yahoo Finance JP full-market screener (delayed)
2026-08-21,15:30:00,2026-08-24 08:00:00,1812.T,4747,14,66458,OK,Yahoo Finance JP full-market screener (delayed)
2026-08-21,15:30:00,2026-08-24 08:00:00,5333.T,5465,5,27325,OK,Yahoo Finance JP full-market screener (delayed)
2026-08-21,15:30:00,2026-08-24 08:00:00,5803.T,5280,8,42240,OK,Yahoo Finance JP full-market screener (delayed)
2026-08-21,15:30:00,2026-08-24 08:00:00,6146.T,61360,1,61360,OK,Yahoo Finance JP full-market screener (delayed)
2026-08-21,15:30:00,2026-08-24 08:00:00,6383.T,5900,6,35400,OK,Yahoo Finance JP full-market screener (delayed)
2026-08-21,15:30:00,2026-08-24 08:00:00,6501.T,5196,15,77940,OK,Yahoo Finance JP full-market screener (delayed)
2026-08-21,15:30:00,2026-08-24 08:00:00,6503.T,5602,14,78428,OK,Yahoo Finance JP full-market screener (delayed)
2026-08-21,15:30:00,2026-08-24 08:00:00,6504.T,13885,6,83310,OK,Yahoo Finance JP full-market screener (delayed)
2026-08-21,15:30:00,2026-08-24 08:00:00,6762.T,3041,23,69943,OK,Yahoo Finance JP full-market screener (delayed)
2026-08-21,15:30:00,2026-08-24 08:00:00,6861.T,79900,2,159800,OK,Yahoo Finance JP full-market screener (delayed)
2026-08-21,15:30:00,2026-08-24 08:00:00,7012.T,2603.5,25,65087.5,OK,Yahoo Finance JP full-market screener (delayed)
2026-08-21,15:30:00,2026-08-24 08:00:00,7203.T,3132,23,72036,OK,Yahoo Finance JP full-market screener (delayed)
2026-08-21,15:30:00,2026-08-24 08:00:00,7269.T,2103.5,20,42070,OK,Yahoo Finance JP full-market screener (delayed)
2026-08-21,15:30:00,2026-08-24 08:00:00,7532.T,818.2,70,57274,OK,Yahoo Finance JP full-market screener (delayed)
2026-08-21,15:30:00,2026-08-24 08:00:00,7832.T,5484,16,87744,OK,Yahoo Finance JP full-market screener (delayed)
2026-08-21,15:30:00,2026-08-24 08:00:00,8035.T,54290,1,54290,OK,Yahoo Finance JP full-market screener (delayed)
2026-08-21,15:30:00,2026-08-24 08:00:00,8306.T,3508,18,63144,OK,Yahoo Finance JP full-market screener (delayed)
2026-08-21,15:30:00,2026-08-24 08:00:00,8316.T,6606,13,85878,OK,Yahoo Finance JP full-market screener (delayed)
2026-08-21,15:30:00,2026-08-24 08:00:00,8411.T,8110,10,81100,OK,Yahoo Finance JP full-market screener (delayed)
2026-08-21,15:30:00,2026-08-24 08:00:00,8591.T,6115,13,79495,OK,Yahoo Finance JP full-market screener (delayed)
2026-08-21,15:30:00,2026-08-24 08:00:00,8630.T,6757,12,81084,OK,Yahoo Finance JP full-market screener (delayed)
2026-08-21,15:30:00,2026-08-24 08:00:00,8750.T,1788.5,10,17885,OK,Yahoo Finance JP full-market screener (delayed)
2026-08-21,15:30:00,2026-08-24 08:00:00,8766.T,7347,12,88164,OK,Yahoo Finance JP full-market screener (delayed)
2026-08-21,15:30:00,2026-08-24 08:00:00,8795.T,4795,14,67130,OK,Yahoo Finance JP full-market screener (delayed)
2026-08-21,15:30:00,2026-08-24 08:00:00,9432.T,166.1,500,83050,OK,Yahoo Finance JP full-market screener (delayed)
2026-08-21,15:30:00,2026-08-24 08:00:00,9433.T,2915.5,23,67056.5,OK,Yahoo Finance JP full-market screener (delayed)
2026-08-21,15:30:00,2026-08-24 08:00:00,9697.T,4130,7,28910,OK,Yahoo Finance JP full-market screener (delayed)
2026-08-21,15:30:00,2026-08-24 08:00:00,9983.T,73510,2,147020,OK,Yahoo Finance JP full-market screener (delayed)
2026-08-24,09:43:19,2026-08-24 09:00:00,1801.T,12435,3,37305,OK,Yahoo Finance JP full-market screener (delayed)
2026-08-24,09:44:04,2026-08-24 09:00:00,1812.T,4780,14,66920,OK,Yahoo Finance JP full-market screener (delayed)
2026-08-24,09:44:12,2026-08-24 09:00:00,5333.T,5447,5,27235,OK,Yahoo Finance JP full-market screener (delayed)
2026-08-24,09:44:17,2026-08-24 09:00:00,5803.T,5062,8,40496,OK,Yahoo Finance JP full-market screener (delayed)
2026-08-24,09:44:14,2026-08-24 09:00:00,6146.T,61050,1,61050,OK,Yahoo Finance JP full-market screener (delayed)
2026-08-24,09:44:14,2026-08-24 09:00:00,6383.T,5907,6,35442,OK,Yahoo Finance JP full-market screener (delayed)
2026-08-24,09:44:16,2026-08-24 09:00:00,6501.T,5290,15,79350,OK,Yahoo Finance JP full-market screener (delayed)
2026-08-24,09:44:15,2026-08-24 09:00:00,6503.T,5588,14,78232,OK,Yahoo Finance JP full-market screener (delayed)
2026-08-24,09:44:11,2026-08-24 09:00:00,6504.T,13765,6,82590,OK,Yahoo Finance JP full-market screener (delayed)
2026-08-24,09:44:14,2026-08-24 09:00:00,6762.T,3027,23,69621,OK,Yahoo Finance JP full-market screener (delayed)
2026-08-24,09:44:09,2026-08-24 09:00:00,6861.T,80720,2,161440,OK,Yahoo Finance JP full-market screener (delayed)
2026-08-24,09:44:14,2026-08-24 09:00:00,7012.T,2604,25,65100,OK,Yahoo Finance JP full-market screener (delayed)
2026-08-24,09:44:13,2026-08-24 09:00:00,7203.T,3106,23,71438,OK,Yahoo Finance JP full-market screener (delayed)
2026-08-24,09:44:11,2026-08-24 09:00:00,7269.T,2099,20,41980,OK,Yahoo Finance JP full-market screener (delayed)
2026-08-24,09:44:13,2026-08-24 09:00:00,7532.T,805.8,70,56406,OK,Yahoo Finance JP full-market screener (delayed)
2026-08-24,09:44:11,2026-08-24 09:00:00,7832.T,5474,16,87584,OK,Yahoo Finance JP full-market screener (delayed)
2026-08-24,09:44:15,2026-08-24 09:00:00,8035.T,54880,1,54880,OK,Yahoo Finance JP full-market screener (delayed)
2026-08-24,09:44:15,2026-08-24 09:00:00,8306.T,3480,18,62640,OK,Yahoo Finance JP full-market screener (delayed)
2026-08-24,09:44:16,2026-08-24 09:00:00,8316.T,6544,13,85072,OK,Yahoo Finance JP full-market screener (delayed)
2026-08-24,09:44:13,2026-08-24 09:00:00,8411.T,8082,10,80820,OK,Yahoo Finance JP full-market screener (delayed)
2026-08-24,09:44:14,2026-08-24 09:00:00,8591.T,6153,13,79989,OK,Yahoo Finance JP full-market screener (delayed)
2026-08-24,09:44:10,2026-08-24 09:00:00,8630.T,6671,12,80052,OK,Yahoo Finance JP full-market screener (delayed)
2026-08-24,09:44:13,2026-08-24 09:00:00,8750.T,1776.5,10,17765,OK,Yahoo Finance JP full-market screener (delayed)
2026-08-24,09:44:12,2026-08-24 09:00:00,8766.T,7274,12,87288,OK,Yahoo Finance JP full-market screener (delayed)
2026-08-24,09:44:04,2026-08-24 09:00:00,8795.T,4717,14,66038,OK,Yahoo Finance JP full-market screener (delayed)
2026-08-24,09:44:14,2026-08-24 09:00:00,9432.T,165.9,500,82950,OK,Yahoo Finance JP full-market screener (delayed)
2026-08-24,09:44:17,2026-08-24 09:00:00,9433.T,2865.5,23,65906.5,OK,Yahoo Finance JP full-market screener (delayed)
2026-08-24,09:44:12,2026-08-24 09:00:00,9697.T,4200,7,29400,OK,Yahoo Finance JP full-market screener (delayed)
2026-08-24,09:44:14,2026-08-24 09:00:00,9983.T,72970,2,145940,OK,Yahoo Finance JP full-market screener (delayed)
2026-08-24,10:04:28,2026-08-24 10:00:00,1801.T,12505,3,37515,OK,Yahoo Finance JP full-market screener (delayed)
2026-08-24,10:04:56,2026-08-24 10:00:00,1812.T,4786,14,67004,OK,Yahoo Finance JP full-market screener (delayed)
2026-08-24,10:04:58,2026-08-24 10:00:00,5333.T,5481,5,27405,OK,Yahoo Finance JP full-market screener (delayed)
2026-08-24,10:05:03,2026-08-24 10:00:00,5803.T,5109,8,40872,OK,Yahoo Finance JP full-market screener (delayed)
2026-08-24,10:04:56,2026-08-24 10:00:00,6146.T,61670,1,61670,OK,Yahoo Finance JP full-market screener (delayed)
2026-08-24,10:05:03,2026-08-24 10:00:00,6383.T,5943,6,35658,OK,Yahoo Finance JP full-market screener (delayed)
2026-08-24,10:05:02,2026-08-24 10:00:00,6501.T,5295,15,79425,OK,Yahoo Finance JP full-market screener (delayed)
2026-08-24,10:05:03,2026-08-24 10:00:00,6503.T,5625,14,78750,OK,Yahoo Finance JP full-market screener (delayed)
2026-08-24,10:04:54,2026-08-24 10:00:00,6504.T,13910,6,83460,OK,Yahoo Finance JP full-market screener (delayed)
2026-08-24,10:05:02,2026-08-24 10:00:00,6762.T,3045,23,70035,OK,Yahoo Finance JP full-market screener (delayed)
2026-08-24,10:04:50,2026-08-24 10:00:00,6861.T,80810,2,161620,OK,Yahoo Finance JP full-market screener (delayed)
2026-08-24,10:05:01,2026-08-24 10:00:00,7012.T,2619.5,25,65487.5,OK,Yahoo Finance JP full-market screener (delayed)
2026-08-24,10:05:02,2026-08-24 10:00:00,7203.T,3092,23,71116,OK,Yahoo Finance JP full-market screener (delayed)
2026-08-24,10:05:01,2026-08-24 10:00:00,7269.T,2102,20,42040,OK,Yahoo Finance JP full-market screener (delayed)
2026-08-24,10:05:02,2026-08-24 10:00:00,7532.T,805.9,70,56413,OK,Yahoo Finance JP full-market screener (delayed)
2026-08-24,10:04:59,2026-08-24 10:00:00,7832.T,5471,16,87536,OK,Yahoo Finance JP full-market screener (delayed)
2026-08-24,10:04:59,2026-08-24 10:00:00,8035.T,55340,1,55340,OK,Yahoo Finance JP full-market screener (delayed)
2026-08-24,10:05:00,2026-08-24 10:00:00,8306.T,3487,18,62766,OK,Yahoo Finance JP full-market screener (delayed)
2026-08-24,10:04:57,2026-08-24 10:00:00,8316.T,6555,13,85215,OK,Yahoo Finance JP full-market screener (delayed)
2026-08-24,10:04:56,2026-08-24 10:00:00,8411.T,8096,10,80960,OK,Yahoo Finance JP full-market screener (delayed)
2026-08-24,10:04:55,2026-08-24 10:00:00,8591.T,6151,13,79963,OK,Yahoo Finance JP full-market screener (delayed)
2026-08-24,10:04:56,2026-08-24 10:00:00,8630.T,6671,12,80052,OK,Yahoo Finance JP full-market screener (delayed)
2026-08-24,10:05:00,2026-08-24 10:00:00,8750.T,1774.5,10,17745,OK,Yahoo Finance JP full-market screener (delayed)
2026-08-24,10:05:01,2026-08-24 10:00:00,8766.T,7262,12,87144,OK,Yahoo Finance JP full-market screener (delayed)
2026-08-24,10:04:52,2026-08-24 10:00:00,8795.T,4718,14,66052,OK,Yahoo Finance JP full-market screener (delayed)
2026-08-24,10:05:01,2026-08-24 10:00:00,9432.T,165.4,500,82700,OK,Yahoo Finance JP full-market screener (delayed)
2026-08-24,10:04:40,2026-08-24 10:00:00,9433.T,2855.5,23,65676.5,OK,Yahoo Finance JP full-market screener (delayed)
2026-08-24,10:04:54,2026-08-24 10:00:00,9697.T,4195,7,29365,OK,Yahoo Finance JP full-market screener (delayed)
2026-08-24,10:04:37,2026-08-24 10:00:00,9983.T,73120,2,146240,OK,Yahoo Finance JP full-market screener (delayed)
2026-08-24,11:04:44,2026-08-24 11:00:00,1801.T,12665,3,37995,OK,Yahoo Finance JP full-market screener (delayed)
2026-08-24,11:04:58,2026-08-24 11:00:00,1812.T,4820,14,67480,OK,Yahoo Finance JP full-market screener (delayed)
2026-08-24,11:04:55,2026-08-24 11:00:00,5333.T,5419,5,27095,OK,Yahoo Finance JP full-market screener (delayed)
2026-08-24,11:05:04,2026-08-24 11:00:00,5803.T,5033,8,40264,OK,Yahoo Finance JP full-market screener (delayed)
2026-08-24,11:05:01,2026-08-24 11:00:00,6146.T,61330,1,61330,OK,Yahoo Finance JP full-market screener (delayed)
2026-08-24,11:05:03,2026-08-24 11:00:00,6383.T,5923,6,35538,OK,Yahoo Finance JP full-market screener (delayed)
2026-08-24,11:04:59,2026-08-24 11:00:00,6501.T,5297,15,79455,OK,Yahoo Finance JP full-market screener (delayed)
2026-08-24,11:05:01,2026-08-24 11:00:00,6503.T,5582,14,78148,OK,Yahoo Finance JP full-market screener (delayed)
2026-08-24,11:04:52,2026-08-24 11:00:00,6504.T,13995,6,83970,OK,Yahoo Finance JP full-market screener (delayed)
2026-08-24,11:05:01,2026-08-24 11:00:00,6762.T,3038,23,69874,OK,Yahoo Finance JP full-market screener (delayed)
2026-08-24,11:04:55,2026-08-24 11:00:00,6861.T,80650,2,161300,OK,Yahoo Finance JP full-market screener (delayed)
2026-08-24,11:05:01,2026-08-24 11:00:00,7012.T,2620.5,25,65512.5,OK,Yahoo Finance JP full-market screener (delayed)
2026-08-24,11:05:01,2026-08-24 11:00:00,7203.T,3100,23,71300,OK,Yahoo Finance JP full-market screener (delayed)
2026-08-24,11:04:59,2026-08-24 11:00:00,7269.T,2102,20,42040,OK,Yahoo Finance JP full-market screener (delayed)
2026-08-24,11:05:04,2026-08-24 11:00:00,7532.T,810.8,70,56756,OK,Yahoo Finance JP full-market screener (delayed)
2026-08-24,11:04:58,2026-08-24 11:00:00,7832.T,5487,16,87792,OK,Yahoo Finance JP full-market screener (delayed)
2026-08-24,11:05:01,2026-08-24 11:00:00,8035.T,55180,1,55180,OK,Yahoo Finance JP full-market screener (delayed)
2026-08-24,11:04:59,2026-08-24 11:00:00,8306.T,3484,18,62712,OK,Yahoo Finance JP full-market screener (delayed)
2026-08-24,11:05:04,2026-08-24 11:00:00,8316.T,6556,13,85228,OK,Yahoo Finance JP full-market screener (delayed)
2026-08-24,11:05:03,2026-08-24 11:00:00,8411.T,8082,10,80820,OK,Yahoo Finance JP full-market screener (delayed)
2026-08-24,11:04:59,2026-08-24 11:00:00,8591.T,6179,13,80327,OK,Yahoo Finance JP full-market screener (delayed)
2026-08-24,11:04:57,2026-08-24 11:00:00,8630.T,6712,12,80544,OK,Yahoo Finance JP full-market screener (delayed)
2026-08-24,11:04:55,2026-08-24 11:00:00,8750.T,1781,10,17810,OK,Yahoo Finance JP full-market screener (delayed)
2026-08-24,11:05:01,2026-08-24 11:00:00,8766.T,7346,12,88152,OK,Yahoo Finance JP full-market screener (delayed)
2026-08-24,11:04:55,2026-08-24 11:00:00,8795.T,4715,14,66010,OK,Yahoo Finance JP full-market screener (delayed)
2026-08-24,11:05:03,2026-08-24 11:00:00,9432.T,165.9,500,82950,OK,Yahoo Finance JP full-market screener (delayed)
2026-08-24,11:05:04,2026-08-24 11:00:00,9433.T,2866,23,65918,OK,Yahoo Finance JP full-market screener (delayed)
2026-08-24,11:05:01,2026-08-24 11:00:00,9697.T,4190,7,29330,OK,Yahoo Finance JP full-market screener (delayed)
2026-08-24,11:04:56,2026-08-24 11:00:00,9983.T,73530,2,147060,OK,Yahoo Finance JP full-market screener (delayed)
2026-08-24,11:30:00,2026-08-24 12:00:00,1801.T,12740,3,38220,OK,Yahoo Finance JP full-market screener (delayed)
2026-08-24,11:30:00,2026-08-24 12:00:00,1812.T,4839,14,67746,OK,Yahoo Finance JP full-market screener (delayed)
2026-08-24,11:30:00,2026-08-24 12:00:00,5333.T,5459,5,27295,OK,Yahoo Finance JP full-market screener (delayed)
2026-08-24,11:30:00,2026-08-24 12:00:00,5803.T,5065,8,40520,OK,Yahoo Finance JP full-market screener (delayed)
2026-08-24,11:30:00,2026-08-24 12:00:00,6146.T,61760,1,61760,OK,Yahoo Finance JP full-market screener (delayed)
2026-08-24,11:30:00,2026-08-24 12:00:00,6383.T,5933,6,35598,OK,Yahoo Finance JP full-market screener (delayed)
2026-08-24,11:30:00,2026-08-24 12:00:00,6501.T,5297,15,79455,OK,Yahoo Finance JP full-market screener (delayed)
2026-08-24,11:30:00,2026-08-24 12:00:00,6503.T,5604,14,78456,OK,Yahoo Finance JP full-market screener (delayed)
2026-08-24,11:30:00,2026-08-24 12:00:00,6504.T,14145,6,84870,OK,Yahoo Finance JP full-market screener (delayed)
2026-08-24,11:30:00,2026-08-24 12:00:00,6762.T,3053,23,70219,OK,Yahoo Finance JP full-market screener (delayed)
2026-08-24,11:30:00,2026-08-24 12:00:00,6861.T,80690,2,161380,OK,Yahoo Finance JP full-market screener (delayed)
2026-08-24,11:30:00,2026-08-24 12:00:00,7012.T,2632.5,25,65812.5,OK,Yahoo Finance JP full-market screener (delayed)
2026-08-24,11:30:00,2026-08-24 12:00:00,7203.T,3103,23,71369,OK,Yahoo Finance JP full-market screener (delayed)
2026-08-24,11:30:00,2026-08-24 12:00:00,7269.T,2107.5,20,42150,OK,Yahoo Finance JP full-market screener (delayed)
2026-08-24,11:30:00,2026-08-24 12:00:00,7532.T,812.1,70,56847,OK,Yahoo Finance JP full-market screener (delayed)
2026-08-24,11:30:00,2026-08-24 12:00:00,7832.T,5496,16,87936,OK,Yahoo Finance JP full-market screener (delayed)
2026-08-24,11:30:00,2026-08-24 12:00:00,8035.T,55550,1,55550,OK,Yahoo Finance JP full-market screener (delayed)
2026-08-24,11:30:00,2026-08-24 12:00:00,8306.T,3496,18,62928,OK,Yahoo Finance JP full-market screener (delayed)
2026-08-24,11:30:00,2026-08-24 12:00:00,8316.T,6593,13,85709,OK,Yahoo Finance JP full-market screener (delayed)
2026-08-24,11:30:00,2026-08-24 12:00:00,8411.T,8125,10,81250,OK,Yahoo Finance JP full-market screener (delayed)
2026-08-24,11:30:00,2026-08-24 12:00:00,8591.T,6195,13,80535,OK,Yahoo Finance JP full-market screener (delayed)
2026-08-24,11:30:00,2026-08-24 12:00:00,8630.T,6716,12,80592,OK,Yahoo Finance JP full-market screener (delayed)
2026-08-24,11:30:00,2026-08-24 12:00:00,8750.T,1786.5,10,17865,OK,Yahoo Finance JP full-market screener (delayed)
2026-08-24,11:30:00,2026-08-24 12:00:00,8766.T,7309,12,87708,OK,Yahoo Finance JP full-market screener (delayed)
2026-08-24,11:30:00,2026-08-24 12:00:00,8795.T,4724,14,66136,OK,Yahoo Finance JP full-market screener (delayed)
2026-08-24,11:30:00,2026-08-24 12:00:00,9432.T,165.8,500,82900,OK,Yahoo Finance JP full-market screener (delayed)
2026-08-24,11:30:00,2026-08-24 12:00:00,9433.T,2858,23,65734,OK,Yahoo Finance JP full-market screener (delayed)
2026-08-24,11:30:00,2026-08-24 12:00:00,9697.T,4183,7,29281,OK,Yahoo Finance JP full-market screener (delayed)
2026-08-24,11:30:00,2026-08-24 12:00:00,9983.T,73340,2,146680,OK,Yahoo Finance JP full-market screener (delayed)
2026-08-24,13:05:02,2026-08-24 13:00:00,1801.T,12625,3,37875,OK,Yahoo Finance JP full-market screener (delayed)
2026-08-24,13:04:57,2026-08-24 13:00:00,1812.T,4810,14,67340,OK,Yahoo Finance JP full-market screener (delayed)
2026-08-24,13:04:58,2026-08-24 13:00:00,5333.T,5416,5,27080,OK,Yahoo Finance JP full-market screener (delayed)
2026-08-24,13:05:03,2026-08-24 13:00:00,5803.T,5005,8,40040,OK,Yahoo Finance JP full-market screener (delayed)
2026-08-24,13:05:03,2026-08-24 13:00:00,6146.T,61040,1,61040,OK,Yahoo Finance JP full-market screener (delayed)
2026-08-24,13:04:45,2026-08-24 13:00:00,6383.T,5870,6,35220,OK,Yahoo Finance JP full-market screener (delayed)
2026-08-24,13:04:57,2026-08-24 13:00:00,6501.T,5291,15,79365,OK,Yahoo Finance JP full-market screener (delayed)
2026-08-24,13:05:03,2026-08-24 13:00:00,6503.T,5567,14,77938,OK,Yahoo Finance JP full-market screener (delayed)
2026-08-24,13:04:45,2026-08-24 13:00:00,6504.T,14055,6,84330,OK,Yahoo Finance JP full-market screener (delayed)
2026-08-24,13:05:01,2026-08-24 13:00:00,6762.T,3044,23,70012,OK,Yahoo Finance JP full-market screener (delayed)
2026-08-24,13:04:45,2026-08-24 13:00:00,6861.T,80750,2,161500,OK,Yahoo Finance JP full-market screener (delayed)
2026-08-24,13:04:59,2026-08-24 13:00:00,7012.T,2601.5,25,65037.5,OK,Yahoo Finance JP full-market screener (delayed)
2026-08-24,13:05:01,2026-08-24 13:00:00,7203.T,3126,23,71898,OK,Yahoo Finance JP full-market screener (delayed)
2026-08-24,13:05:02,2026-08-24 13:00:00,7269.T,2123,20,42460,OK,Yahoo Finance JP full-market screener (delayed)
2026-08-24,13:05:02,2026-08-24 13:00:00,7532.T,811.2,70,56784,OK,Yahoo Finance JP full-market screener (delayed)
2026-08-24,13:05:03,2026-08-24 13:00:00,7832.T,5550,16,88800,OK,Yahoo Finance JP full-market screener (delayed)
2026-08-24,13:05:03,2026-08-24 13:00:00,8035.T,55040,1,55040,OK,Yahoo Finance JP full-market screener (delayed)
2026-08-24,13:05:02,2026-08-24 13:00:00,8306.T,3503,18,63054,OK,Yahoo Finance JP full-market screener (delayed)
2026-08-24,13:04:45,2026-08-24 13:00:00,8316.T,6593,13,85709,OK,Yahoo Finance JP full-market screener (delayed)
2026-08-24,13:05:01,2026-08-24 13:00:00,8411.T,8122,10,81220,OK,Yahoo Finance JP full-market screener (delayed)
2026-08-24,13:04:58,2026-08-24 13:00:00,8591.T,6207,13,80691,OK,Yahoo Finance JP full-market screener (delayed)
2026-08-24,13:04:55,2026-08-24 13:00:00,8630.T,6728,12,80736,OK,Yahoo Finance JP full-market screener (delayed)
2026-08-24,13:04:58,2026-08-24 13:00:00,8750.T,1782.5,10,17825,OK,Yahoo Finance JP full-market screener (delayed)
2026-08-24,13:04:56,2026-08-24 13:00:00,8766.T,7307,12,87684,OK,Yahoo Finance JP full-market screener (delayed)
2026-08-24,13:05:03,2026-08-24 13:00:00,8795.T,4718,14,66052,OK,Yahoo Finance JP full-market screener (delayed)
2026-08-24,13:05:00,2026-08-24 13:00:00,9432.T,166.3,500,83150,OK,Yahoo Finance JP full-market screener (delayed)
2026-08-24,13:05:03,2026-08-24 13:00:00,9433.T,2877.5,23,66182.5,OK,Yahoo Finance JP full-market screener (delayed)
2026-08-24,13:05:02,2026-08-24 13:00:00,9697.T,4216,7,29512,OK,Yahoo Finance JP full-market screener (delayed)
2026-08-24,13:04:57,2026-08-24 13:00:00,9983.T,73130,2,146260,OK,Yahoo Finance JP full-market screener (delayed)
2026-08-24,14:04:50,2026-08-24 14:00:00,1801.T,12635,3,37905,OK,Yahoo Finance JP full-market screener (delayed)
2026-08-24,14:05:03,2026-08-24 14:00:00,1812.T,4824,14,67536,OK,Yahoo Finance JP full-market screener (delayed)
2026-08-24,14:04:38,2026-08-24 14:00:00,5333.T,5425,5,27125,OK,Yahoo Finance JP full-market screener (delayed)
2026-08-24,14:05:02,2026-08-24 14:00:00,5803.T,4987,8,39896,OK,Yahoo Finance JP full-market screener (delayed)
2026-08-24,14:05:02,2026-08-24 14:00:00,6146.T,61010,1,61010,OK,Yahoo Finance JP full-market screener (delayed)
2026-08-24,14:05:03,2026-08-24 14:00:00,6383.T,5883,6,35298,OK,Yahoo Finance JP full-market screener (delayed)
2026-08-24,14:05:03,2026-08-24 14:00:00,6501.T,5272,15,79080,OK,Yahoo Finance JP full-market screener (delayed)
2026-08-24,14:05:00,2026-08-24 14:00:00,6503.T,5574,14,78036,OK,Yahoo Finance JP full-market screener (delayed)
2026-08-24,14:04:16,2026-08-24 14:00:00,6504.T,14045,6,84270,OK,Yahoo Finance JP full-market screener (delayed)
2026-08-24,14:05:00,2026-08-24 14:00:00,6762.T,3048,23,70104,OK,Yahoo Finance JP full-market screener (delayed)
2026-08-24,14:04:46,2026-08-24 14:00:00,6861.T,80980,2,161960,OK,Yahoo Finance JP full-market screener (delayed)
2026-08-24,14:05:02,2026-08-24 14:00:00,7012.T,2611,25,65275,OK,Yahoo Finance JP full-market screener (delayed)
2026-08-24,14:04:58,2026-08-24 14:00:00,7203.T,3130,23,71990,OK,Yahoo Finance JP full-market screener (delayed)
2026-08-24,14:05:00,2026-08-24 14:00:00,7269.T,2135,20,42700,OK,Yahoo Finance JP full-market screener (delayed)
2026-08-24,14:05:03,2026-08-24 14:00:00,7532.T,809.7,70,56679,OK,Yahoo Finance JP full-market screener (delayed)
2026-08-24,14:04:29,2026-08-24 14:00:00,7832.T,5526,16,88416,OK,Yahoo Finance JP full-market screener (delayed)
2026-08-24,14:04:54,2026-08-24 14:00:00,8035.T,54950,1,54950,OK,Yahoo Finance JP full-market screener (delayed)
2026-08-24,14:05:02,2026-08-24 14:00:00,8306.T,3500,18,63000,OK,Yahoo Finance JP full-market screener (delayed)
2026-08-24,14:04:52,2026-08-24 14:00:00,8316.T,6589,13,85657,OK,Yahoo Finance JP full-market screener (delayed)
2026-08-24,14:04:52,2026-08-24 14:00:00,8411.T,8109,10,81090,OK,Yahoo Finance JP full-market screener (delayed)
2026-08-24,14:05:03,2026-08-24 14:00:00,8591.T,6210,13,80730,OK,Yahoo Finance JP full-market screener (delayed)
2026-08-24,14:04:45,2026-08-24 14:00:00,8630.T,6711,12,80532,OK,Yahoo Finance JP full-market screener (delayed)
2026-08-24,14:04:59,2026-08-24 14:00:00,8750.T,1776.5,10,17765,OK,Yahoo Finance JP full-market screener (delayed)
2026-08-24,14:04:53,2026-08-24 14:00:00,8766.T,7275,12,87300,OK,Yahoo Finance JP full-market screener (delayed)
2026-08-24,14:05:02,2026-08-24 14:00:00,8795.T,4716,14,66024,OK,Yahoo Finance JP full-market screener (delayed)
2026-08-24,14:05:02,2026-08-24 14:00:00,9432.T,166.6,500,83300,OK,Yahoo Finance JP full-market screener (delayed)
2026-08-24,14:04:59,2026-08-24 14:00:00,9433.T,2872.5,23,66067.5,OK,Yahoo Finance JP full-market screener (delayed)
2026-08-24,14:04:31,2026-08-24 14:00:00,9697.T,4212,7,29484,OK,Yahoo Finance JP full-market screener (delayed)
2026-08-24,14:04:18,2026-08-24 14:00:00,9983.T,73020,2,146040,OK,Yahoo Finance JP full-market screener (delayed)
2026-08-24,15:05:03,2026-08-24 15:00:00,1801.T,12635,3,37905,OK,Yahoo Finance JP full-market screener (delayed)
2026-08-24,15:03:52,2026-08-24 15:00:00,1812.T,4817,14,67438,OK,Yahoo Finance JP full-market screener (delayed)
2026-08-24,15:04:50,2026-08-24 15:00:00,5333.T,5384,5,26920,OK,Yahoo Finance JP full-market screener (delayed)
2026-08-24,15:05:04,2026-08-24 15:00:00,5803.T,4997,8,39976,OK,Yahoo Finance JP full-market screener (delayed)
2026-08-24,15:05:00,2026-08-24 15:00:00,6146.T,61480,1,61480,OK,Yahoo Finance JP full-market screener (delayed)
2026-08-24,15:04:55,2026-08-24 15:00:00,6383.T,5877,6,35262,OK,Yahoo Finance JP full-market screener (delayed)
2026-08-24,15:04:58,2026-08-24 15:00:00,6501.T,5254,15,78810,OK,Yahoo Finance JP full-market screener (delayed)
2026-08-24,15:05:02,2026-08-24 15:00:00,6503.T,5563,14,77882,OK,Yahoo Finance JP full-market screener (delayed)
2026-08-24,15:05:01,2026-08-24 15:00:00,6504.T,14070,6,84420,OK,Yahoo Finance JP full-market screener (delayed)
2026-08-24,15:05:03,2026-08-24 15:00:00,6762.T,3045,23,70035,OK,Yahoo Finance JP full-market screener (delayed)
2026-08-24,15:04:46,2026-08-24 15:00:00,6861.T,81010,2,162020,OK,Yahoo Finance JP full-market screener (delayed)
2026-08-24,15:05:04,2026-08-24 15:00:00,7012.T,2594.5,25,64862.5,OK,Yahoo Finance JP full-market screener (delayed)
2026-08-24,15:05:02,2026-08-24 15:00:00,7203.T,3128,23,71944,OK,Yahoo Finance JP full-market screener (delayed)
2026-08-24,15:04:41,2026-08-24 15:00:00,7269.T,2124.5,20,42490,OK,Yahoo Finance JP full-market screener (delayed)
2026-08-24,15:04:58,2026-08-24 15:00:00,7532.T,810.2,70,56714,OK,Yahoo Finance JP full-market screener (delayed)
2026-08-24,15:05:03,2026-08-24 15:00:00,7832.T,5530,16,88480,OK,Yahoo Finance JP full-market screener (delayed)
2026-08-24,15:04:57,2026-08-24 15:00:00,8035.T,54910,1,54910,OK,Yahoo Finance JP full-market screener (delayed)
2026-08-24,15:04:56,2026-08-24 15:00:00,8306.T,3500,18,63000,OK,Yahoo Finance JP full-market screener (delayed)
2026-08-24,15:05:03,2026-08-24 15:00:00,8316.T,6581,13,85553,OK,Yahoo Finance JP full-market screener (delayed)
2026-08-24,15:04:56,2026-08-24 15:00:00,8411.T,8104,10,81040,OK,Yahoo Finance JP full-market screener (delayed)
2026-08-24,15:05:03,2026-08-24 15:00:00,8591.T,6221,13,80873,OK,Yahoo Finance JP full-market screener (delayed)
2026-08-24,15:04:54,2026-08-24 15:00:00,8630.T,6703,12,80436,OK,Yahoo Finance JP full-market screener (delayed)
2026-08-24,15:05:02,2026-08-24 15:00:00,8750.T,1775,10,17750,OK,Yahoo Finance JP full-market screener (delayed)
2026-08-24,15:04:52,2026-08-24 15:00:00,8766.T,7287,12,87444,OK,Yahoo Finance JP full-market screener (delayed)
2026-08-24,15:04:58,2026-08-24 15:00:00,8795.T,4721,14,66094,OK,Yahoo Finance JP full-market screener (delayed)
2026-08-24,15:05:04,2026-08-24 15:00:00,9432.T,166.5,500,83250,OK,Yahoo Finance JP full-market screener (delayed)
2026-08-24,15:05:04,2026-08-24 15:00:00,9433.T,2873.5,23,66090.5,OK,Yahoo Finance JP full-market screener (delayed)
2026-08-24,15:04:54,2026-08-24 15:00:00,9697.T,4210,7,29470,OK,Yahoo Finance JP full-market screener (delayed)
2026-08-24,15:04:53,2026-08-24 15:00:00,9983.T,72960,2,145920,OK,Yahoo Finance JP full-market screener (delayed)
2026-08-24,15:30:00,2026-08-24 16:00:00,1801.T,12720,3,38160,OK,Yahoo Finance JP full-market screener (delayed)
2026-08-24,15:30:00,2026-08-24 16:00:00,1812.T,4831,14,67634,OK,Yahoo Finance JP full-market screener (delayed)
2026-08-24,15:30:00,2026-08-24 16:00:00,5333.T,5406,5,27030,OK,Yahoo Finance JP full-market screener (delayed)
2026-08-24,15:30:00,2026-08-24 16:00:00,5803.T,5016,8,40128,OK,Yahoo Finance JP full-market screener (delayed)
2026-08-24,15:30:00,2026-08-24 16:00:00,6146.T,61420,1,61420,OK,Yahoo Finance JP full-market screener (delayed)
2026-08-24,15:30:00,2026-08-24 16:00:00,6383.T,5869,6,35214,OK,Yahoo Finance JP full-market screener (delayed)
2026-08-24,15:30:00,2026-08-24 16:00:00,6501.T,5266,15,78990,OK,Yahoo Finance JP full-market screener (delayed)
2026-08-24,15:30:00,2026-08-24 16:00:00,6503.T,5568,14,77952,OK,Yahoo Finance JP full-market screener (delayed)
2026-08-24,15:30:00,2026-08-24 16:00:00,6504.T,14065,6,84390,OK,Yahoo Finance JP full-market screener (delayed)
2026-08-24,15:30:00,2026-08-24 16:00:00,6762.T,3042,23,69966,OK,Yahoo Finance JP full-market screener (delayed)
2026-08-24,15:30:00,2026-08-24 16:00:00,6861.T,80900,2,161800,OK,Yahoo Finance JP full-market screener (delayed)
2026-08-24,15:30:00,2026-08-24 16:00:00,7012.T,2590,25,64750,OK,Yahoo Finance JP full-market screener (delayed)
2026-08-24,15:30:00,2026-08-24 16:00:00,7203.T,3125,23,71875,OK,Yahoo Finance JP full-market screener (delayed)
2026-08-24,15:30:00,2026-08-24 16:00:00,7269.T,2126.5,20,42530,OK,Yahoo Finance JP full-market screener (delayed)
2026-08-24,15:30:00,2026-08-24 16:00:00,7532.T,810.7,70,56749,OK,Yahoo Finance JP full-market screener (delayed)
2026-08-24,15:30:00,2026-08-24 16:00:00,7832.T,5542,16,88672,OK,Yahoo Finance JP full-market screener (delayed)
2026-08-24,15:30:00,2026-08-24 16:00:00,8035.T,55150,1,55150,OK,Yahoo Finance JP full-market screener (delayed)
2026-08-24,15:30:00,2026-08-24 16:00:00,8306.T,3481,18,62658,OK,Yahoo Finance JP full-market screener (delayed)
2026-08-24,15:30:00,2026-08-24 16:00:00,8316.T,6593,13,85709,OK,Yahoo Finance JP full-market screener (delayed)
2026-08-24,15:30:00,2026-08-24 16:00:00,8411.T,8108,10,81080,OK,Yahoo Finance JP full-market screener (delayed)
2026-08-24,15:30:00,2026-08-24 16:00:00,8591.T,6209,13,80717,OK,Yahoo Finance JP full-market screener (delayed)
2026-08-24,15:30:00,2026-08-24 16:00:00,8630.T,6708,12,80496,OK,Yahoo Finance JP full-market screener (delayed)
2026-08-24,15:30:00,2026-08-24 16:00:00,8750.T,1777,10,17770,OK,Yahoo Finance JP full-market screener (delayed)
2026-08-24,15:30:00,2026-08-24 16:00:00,8766.T,7261,12,87132,OK,Yahoo Finance JP full-market screener (delayed)
2026-08-24,15:30:00,2026-08-24 16:00:00,8795.T,4724,14,66136,OK,Yahoo Finance JP full-market screener (delayed)
2026-08-24,15:30:00,2026-08-24 16:00:00,9432.T,166.5,500,83250,OK,Yahoo Finance JP full-market screener (delayed)
2026-08-24,15:30:00,2026-08-24 16:00:00,9433.T,2877,23,66171,OK,Yahoo Finance JP full-market screener (delayed)
2026-08-24,15:30:00,2026-08-24 16:00:00,9697.T,4221,7,29547,OK,Yahoo Finance JP full-market screener (delayed)
2026-08-24,15:30:00,2026-08-24 16:00:00,9983.T,72840,2,145680,OK,Yahoo Finance JP full-market screener (delayed)
2026-08-24,15:30:00,2026-08-24 17:00:00,1801.T,12720,3,38160,OK,Yahoo Finance JP full-market screener (delayed)
2026-08-24,15:30:00,2026-08-24 17:00:00,1812.T,4831,14,67634,OK,Yahoo Finance JP full-market screener (delayed)
2026-08-24,15:30:00,2026-08-24 17:00:00,5333.T,5406,5,27030,OK,Yahoo Finance JP full-market screener (delayed)
2026-08-24,15:30:00,2026-08-24 17:00:00,5803.T,5016,8,40128,OK,Yahoo Finance JP full-market screener (delayed)
2026-08-24,15:30:00,2026-08-24 17:00:00,6146.T,61420,1,61420,OK,Yahoo Finance JP full-market screener (delayed)
2026-08-24,15:30:00,2026-08-24 17:00:00,6383.T,5869,6,35214,OK,Yahoo Finance JP full-market screener (delayed)
2026-08-24,15:30:00,2026-08-24 17:00:00,6501.T,5266,15,78990,OK,Yahoo Finance JP full-market screener (delayed)
2026-08-24,15:30:00,2026-08-24 17:00:00,6503.T,5568,14,77952,OK,Yahoo Finance JP full-market screener (delayed)
2026-08-24,15:30:00,2026-08-24 17:00:00,6504.T,14065,6,84390,OK,Yahoo Finance JP full-market screener (delayed)
2026-08-24,15:30:00,2026-08-24 17:00:00,6762.T,3042,23,69966,OK,Yahoo Finance JP full-market screener (delayed)
2026-08-24,15:30:00,2026-08-24 17:00:00,6861.T,80900,2,161800,OK,Yahoo Finance JP full-market screener (delayed)
2026-08-24,15:30:00,2026-08-24 17:00:00,7012.T,2590,25,64750,OK,Yahoo Finance JP full-market screener (delayed)
2026-08-24,15:30:00,2026-08-24 17:00:00,7203.T,3125,23,71875,OK,Yahoo Finance JP full-market screener (delayed)
2026-08-24,15:30:00,2026-08-24 17:00:00,7269.T,2126.5,20,42530,OK,Yahoo Finance JP full-market screener (delayed)
2026-08-24,15:30:00,2026-08-24 17:00:00,7532.T,810.7,70,56749,OK,Yahoo Finance JP full-market screener (delayed)
2026-08-24,15:30:00,2026-08-24 17:00:00,7832.T,5542,16,88672,OK,Yahoo Finance JP full-market screener (delayed)
2026-08-24,15:30:00,2026-08-24 17:00:00,8035.T,55150,1,55150,OK,Yahoo Finance JP full-market screener (delayed)
2026-08-24,15:30:00,2026-08-24 17:00:00,8306.T,3481,18,62658,OK,Yahoo Finance JP full-market screener (delayed)
2026-08-24,15:30:00,2026-08-24 17:00:00,8316.T,6593,13,85709,OK,Yahoo Finance JP full-market screener (delayed)
2026-08-24,15:30:00,2026-08-24 17:00:00,8411.T,8108,10,81080,OK,Yahoo Finance JP full-market screener (delayed)
2026-08-24,15:30:00,2026-08-24 17:00:00,8591.T,6209,13,80717,OK,Yahoo Finance JP full-market screener (delayed)
2026-08-24,15:30:00,2026-08-24 17:00:00,8630.T,6708,12,80496,OK,Yahoo Finance JP full-market screener (delayed)
2026-08-24,15:30:00,2026-08-24 17:00:00,8750.T,1777,10,17770,OK,Yahoo Finance JP full-market screener (delayed)
2026-08-24,15:30:00,2026-08-24 17:00:00,8766.T,7261,12,87132,OK,Yahoo Finance JP full-market screener (delayed)
2026-08-24,15:30:00,2026-08-24 17:00:00,8795.T,4724,14,66136,OK,Yahoo Finance JP full-market screener (delayed)
2026-08-24,15:30:00,2026-08-24 17:00:00,9432.T,166.5,500,83250,OK,Yahoo Finance JP full-market screener (delayed)
2026-08-24,15:30:00,2026-08-24 17:00:00,9433.T,2877,23,66171,OK,Yahoo Finance JP full-market screener (delayed)
2026-08-24,15:30:00,2026-08-24 17:00:00,9697.T,4221,7,29547,OK,Yahoo Finance JP full-market screener (delayed)
2026-08-24,15:30:00,2026-08-24 17:00:00,9983.T,72840,2,145680,OK,Yahoo Finance JP full-market screener (delayed)
2026-08-25,09:04:51,2026-08-25 09:00:00,1801.T,12720,3,38160,OK,Yahoo Finance JP full-market screener (delayed)
2026-08-25,09:05:00,2026-08-25 09:00:00,1812.T,4851,14,67914,OK,Yahoo Finance JP full-market screener (delayed)
2026-08-25,09:05:03,2026-08-25 09:00:00,5333.T,5321,5,26605,OK,Yahoo Finance JP full-market screener (delayed)
2026-08-25,09:05:03,2026-08-25 09:00:00,5803.T,5005,8,40040,OK,Yahoo Finance JP full-market screener (delayed)
2026-08-25,09:05:03,2026-08-25 09:00:00,6146.T,59680,1,59680,OK,Yahoo Finance JP full-market screener (delayed)
2026-08-25,09:05:00,2026-08-25 09:00:00,6383.T,5753,6,34518,OK,Yahoo Finance JP full-market screener (delayed)
2026-08-25,09:05:01,2026-08-25 09:00:00,6501.T,5206,15,78090,OK,Yahoo Finance JP full-market screener (delayed)
2026-08-25,09:05:03,2026-08-25 09:00:00,6503.T,5479,14,76706,OK,Yahoo Finance JP full-market screener (delayed)
2026-08-25,09:05:03,2026-08-25 09:00:00,6504.T,13850,6,83100,OK,Yahoo Finance JP full-market screener (delayed)
2026-08-25,09:05:03,2026-08-25 09:00:00,6762.T,2971.5,23,68344.5,OK,Yahoo Finance JP full-market screener (delayed)
2026-08-25,09:05:00,2026-08-25 09:00:00,6861.T,80940,2,161880,OK,Yahoo Finance JP full-market screener (delayed)
2026-08-25,09:05:03,2026-08-25 09:00:00,7012.T,2573,25,64325,OK,Yahoo Finance JP full-market screener (delayed)
2026-08-25,09:05:03,2026-08-25 09:00:00,7203.T,3103,23,71369,OK,Yahoo Finance JP full-market screener (delayed)
2026-08-25,09:05:00,2026-08-25 09:00:00,7269.T,2127,20,42540,OK,Yahoo Finance JP full-market screener (delayed)
2026-08-25,09:05:04,2026-08-25 09:00:00,7532.T,815.9,70,57113,OK,Yahoo Finance JP full-market screener (delayed)
2026-08-25,09:04:59,2026-08-25 09:00:00,7832.T,5542,16,88672,OK,Yahoo Finance JP full-market screener (delayed)
2026-08-25,09:05:02,2026-08-25 09:00:00,8035.T,54210,1,54210,OK,Yahoo Finance JP full-market screener (delayed)
2026-08-25,09:05:02,2026-08-25 09:00:00,8306.T,3500,18,63000,OK,Yahoo Finance JP full-market screener (delayed)
2026-08-25,09:05:03,2026-08-25 09:00:00,8316.T,6600,13,85800,OK,Yahoo Finance JP full-market screener (delayed)
2026-08-25,09:05:02,2026-08-25 09:00:00,8411.T,8170,10,81700,OK,Yahoo Finance JP full-market screener (delayed)
2026-08-25,09:05:03,2026-08-25 09:00:00,8591.T,6232,13,81016,OK,Yahoo Finance JP full-market screener (delayed)
2026-08-25,09:05:02,2026-08-25 09:00:00,8630.T,6837,12,82044,OK,Yahoo Finance JP full-market screener (delayed)
2026-08-25,09:05:02,2026-08-25 09:00:00,8750.T,1801.5,10,18015,OK,Yahoo Finance JP full-market screener (delayed)
2026-08-25,09:05:02,2026-08-25 09:00:00,8766.T,7391,12,88692,OK,Yahoo Finance JP full-market screener (delayed)
2026-08-25,09:05:00,2026-08-25 09:00:00,8795.T,4775,14,66850,OK,Yahoo Finance JP full-market screener (delayed)
2026-08-25,09:05:03,2026-08-25 09:00:00,9432.T,168.3,500,84150,OK,Yahoo Finance JP full-market screener (delayed)
2026-08-25,09:05:02,2026-08-25 09:00:00,9433.T,2916.5,23,67079.5,OK,Yahoo Finance JP full-market screener (delayed)
2026-08-25,09:05:02,2026-08-25 09:00:00,9697.T,4208,7,29456,OK,Yahoo Finance JP full-market screener (delayed)
2026-08-25,09:04:57,2026-08-25 09:00:00,9983.T,72840,2,145680,OK,Yahoo Finance JP full-market screener (delayed)
2026-08-25,10:04:45,2026-08-25 10:00:00,1801.T,12845,3,38535,OK,Yahoo Finance JP full-market screener (delayed)
2026-08-25,10:04:55,2026-08-25 10:00:00,1812.T,4842,14,67788,OK,Yahoo Finance JP full-market screener (delayed)
2026-08-25,10:05:01,2026-08-25 10:00:00,5333.T,5369,5,26845,OK,Yahoo Finance JP full-market screener (delayed)
2026-08-25,10:05:04,2026-08-25 10:00:00,5803.T,5206,8,41648,OK,Yahoo Finance JP full-market screener (delayed)
2026-08-25,10:05:03,2026-08-25 10:00:00,6146.T,59570,1,59570,OK,Yahoo Finance JP full-market screener (delayed)
2026-08-25,10:05:01,2026-08-25 10:00:00,6383.T,5809,6,34854,OK,Yahoo Finance JP full-market screener (delayed)
2026-08-25,10:04:56,2026-08-25 10:00:00,6501.T,5216,15,78240,OK,Yahoo Finance JP full-market screener (delayed)
2026-08-25,10:05:02,2026-08-25 10:00:00,6503.T,5527,14,77378,OK,Yahoo Finance JP full-market screener (delayed)
2026-08-25,10:04:43,2026-08-25 10:00:00,6504.T,13925,6,83550,OK,Yahoo Finance JP full-market screener (delayed)
2026-08-25,10:05:03,2026-08-25 10:00:00,6762.T,2993,23,68839,OK,Yahoo Finance JP full-market screener (delayed)
2026-08-25,10:05:00,2026-08-25 10:00:00,6861.T,80980,2,161960,OK,Yahoo Finance JP full-market screener (delayed)
2026-08-25,10:05:02,2026-08-25 10:00:00,7012.T,2602,25,65050,OK,Yahoo Finance JP full-market screener (delayed)
2026-08-25,10:05:01,2026-08-25 10:00:00,7203.T,3094,23,71162,OK,Yahoo Finance JP full-market screener (delayed)
2026-08-25,10:05:02,2026-08-25 10:00:00,7269.T,2128,20,42560,OK,Yahoo Finance JP full-market screener (delayed)
2026-08-25,10:05:04,2026-08-25 10:00:00,7532.T,822.9,70,57603,OK,Yahoo Finance JP full-market screener (delayed)
2026-08-25,10:05:03,2026-08-25 10:00:00,7832.T,5598,16,89568,OK,Yahoo Finance JP full-market screener (delayed)
2026-08-25,10:05:03,2026-08-25 10:00:00,8035.T,54510,1,54510,OK,Yahoo Finance JP full-market screener (delayed)
2026-08-25,10:05:04,2026-08-25 10:00:00,8306.T,3500,18,63000,OK,Yahoo Finance JP full-market screener (delayed)
2026-08-25,10:05:02,2026-08-25 10:00:00,8316.T,6596,13,85748,OK,Yahoo Finance JP full-market screener (delayed)
2026-08-25,10:05:02,2026-08-25 10:00:00,8411.T,8137,10,81370,OK,Yahoo Finance JP full-market screener (delayed)
2026-08-25,10:04:45,2026-08-25 10:00:00,8591.T,6244,13,81172,OK,Yahoo Finance JP full-market screener (delayed)
2026-08-25,10:05:02,2026-08-25 10:00:00,8630.T,6811,12,81732,OK,Yahoo Finance JP full-market screener (delayed)
2026-08-25,10:05:00,2026-08-25 10:00:00,8750.T,1791.5,10,17915,OK,Yahoo Finance JP full-market screener (delayed)
2026-08-25,10:05:04,2026-08-25 10:00:00,8766.T,7376,12,88512,OK,Yahoo Finance JP full-market screener (delayed)
2026-08-25,10:05:04,2026-08-25 10:00:00,8795.T,4767,14,66738,OK,Yahoo Finance JP full-market screener (delayed)
2026-08-25,10:05:03,2026-08-25 10:00:00,9432.T,168.7,500,84350,OK,Yahoo Finance JP full-market screener (delayed)
2026-08-25,10:05:04,2026-08-25 10:00:00,9433.T,2891.5,23,66504.5,OK,Yahoo Finance JP full-market screener (delayed)
2026-08-25,10:04:44,2026-08-25 10:00:00,9697.T,4233,7,29631,OK,Yahoo Finance JP full-market screener (delayed)
2026-08-25,10:04:42,2026-08-25 10:00:00,9983.T,72600,2,145200,OK,Yahoo Finance JP full-market screener (delayed)
2026-08-25,11:05:01,2026-08-25 11:00:00,1801.T,12750,3,38250,OK,Yahoo Finance JP full-market screener (delayed)
2026-08-25,11:04:43,2026-08-25 11:00:00,1812.T,4825,14,67550,OK,Yahoo Finance JP full-market screener (delayed)
2026-08-25,11:04:59,2026-08-25 11:00:00,5333.T,5338,5,26690,OK,Yahoo Finance JP full-market screener (delayed)
2026-08-25,11:05:03,2026-08-25 11:00:00,5803.T,5285,8,42280,OK,Yahoo Finance JP full-market screener (delayed)
2026-08-25,11:05:02,2026-08-25 11:00:00,6146.T,59560,1,59560,OK,Yahoo Finance JP full-market screener (delayed)
2026-08-25,11:04:52,2026-08-25 11:00:00,6383.T,5798,6,34788,OK,Yahoo Finance JP full-market screener (delayed)
2026-08-25,11:05:03,2026-08-25 11:00:00,6501.T,5224,15,78360,OK,Yahoo Finance JP full-market screener (delayed)
2026-08-25,11:05:02,2026-08-25 11:00:00,6503.T,5498,14,76972,OK,Yahoo Finance JP full-market screener (delayed)
2026-08-25,11:04:55,2026-08-25 11:00:00,6504.T,13895,6,83370,OK,Yahoo Finance JP full-market screener (delayed)
2026-08-25,11:05:03,2026-08-25 11:00:00,6762.T,2987.5,23,68712.5,OK,Yahoo Finance JP full-market screener (delayed)
2026-08-25,11:04:42,2026-08-25 11:00:00,6861.T,80810,2,161620,OK,Yahoo Finance JP full-market screener (delayed)
2026-08-25,11:05:02,2026-08-25 11:00:00,7012.T,2578,25,64450,OK,Yahoo Finance JP full-market screener (delayed)
2026-08-25,11:05:03,2026-08-25 11:00:00,7203.T,3087,23,71001,OK,Yahoo Finance JP full-market screener (delayed)
2026-08-25,11:05:02,2026-08-25 11:00:00,7269.T,2133,20,42660,OK,Yahoo Finance JP full-market screener (delayed)
2026-08-25,11:05:03,2026-08-25 11:00:00,7532.T,819.3,70,57351,OK,Yahoo Finance JP full-market screener (delayed)
2026-08-25,11:05:00,2026-08-25 11:00:00,7832.T,5639,16,90224,OK,Yahoo Finance JP full-market screener (delayed)
2026-08-25,11:05:03,2026-08-25 11:00:00,8035.T,54830,1,54830,OK,Yahoo Finance JP full-market screener (delayed)
2026-08-25,11:05:03,2026-08-25 11:00:00,8306.T,3498,18,62964,OK,Yahoo Finance JP full-market screener (delayed)
2026-08-25,11:05:03,2026-08-25 11:00:00,8316.T,6589,13,85657,OK,Yahoo Finance JP full-market screener (delayed)
2026-08-25,11:05:03,2026-08-25 11:00:00,8411.T,8132,10,81320,OK,Yahoo Finance JP full-market screener (delayed)
2026-08-25,11:04:37,2026-08-25 11:00:00,8591.T,6223,13,80899,OK,Yahoo Finance JP full-market screener (delayed)
2026-08-25,11:04:55,2026-08-25 11:00:00,8630.T,6810,12,81720,OK,Yahoo Finance JP full-market screener (delayed)
2026-08-25,11:04:54,2026-08-25 11:00:00,8750.T,1788.5,10,17885,OK,Yahoo Finance JP full-market screener (delayed)
2026-08-25,11:05:03,2026-08-25 11:00:00,8766.T,7409,12,88908,OK,Yahoo Finance JP full-market screener (delayed)
2026-08-25,11:05:03,2026-08-25 11:00:00,8795.T,4786,14,67004,OK,Yahoo Finance JP full-market screener (delayed)
2026-08-25,11:05:02,2026-08-25 11:00:00,9432.T,168.9,500,84450,OK,Yahoo Finance JP full-market screener (delayed)
2026-08-25,11:05:02,2026-08-25 11:00:00,9433.T,2912.5,23,66987.5,OK,Yahoo Finance JP full-market screener (delayed)
2026-08-25,11:04:42,2026-08-25 11:00:00,9697.T,4229,7,29603,OK,Yahoo Finance JP full-market screener (delayed)
2026-08-25,11:05:00,2026-08-25 11:00:00,9983.T,72900,2,145800,OK,Yahoo Finance JP full-market screener (delayed)
2026-08-25,11:30:00,2026-08-25 12:00:00,1801.T,12735,3,38205,OK,Yahoo Finance JP full-market screener (delayed)
2026-08-25,11:30:00,2026-08-25 12:00:00,1812.T,4823,14,67522,OK,Yahoo Finance JP full-market screener (delayed)
2026-08-25,11:30:00,2026-08-25 12:00:00,5333.T,5376,5,26880,OK,Yahoo Finance JP full-market screener (delayed)
2026-08-25,11:30:00,2026-08-25 12:00:00,5803.T,5318,8,42544,OK,Yahoo Finance JP full-market screener (delayed)
2026-08-25,11:30:00,2026-08-25 12:00:00,6146.T,59850,1,59850,OK,Yahoo Finance JP full-market screener (delayed)
2026-08-25,11:30:00,2026-08-25 12:00:00,6383.T,5810,6,34860,OK,Yahoo Finance JP full-market screener (delayed)
2026-08-25,11:30:00,2026-08-25 12:00:00,6501.T,5239,15,78585,OK,Yahoo Finance JP full-market screener (delayed)
2026-08-25,11:30:00,2026-08-25 12:00:00,6503.T,5541,14,77574,OK,Yahoo Finance JP full-market screener (delayed)
2026-08-25,11:30:00,2026-08-25 12:00:00,6504.T,13895,6,83370,OK,Yahoo Finance JP full-market screener (delayed)
2026-08-25,11:30:00,2026-08-25 12:00:00,6762.T,3020,23,69460,OK,Yahoo Finance JP full-market screener (delayed)
2026-08-25,11:30:00,2026-08-25 12:00:00,6861.T,81020,2,162040,OK,Yahoo Finance JP full-market screener (delayed)
2026-08-25,11:30:00,2026-08-25 12:00:00,7012.T,2583.5,25,64587.5,OK,Yahoo Finance JP full-market screener (delayed)
2026-08-25,11:30:00,2026-08-25 12:00:00,7203.T,3091,23,71093,OK,Yahoo Finance JP full-market screener (delayed)
2026-08-25,11:30:00,2026-08-25 12:00:00,7269.T,2131.5,20,42630,OK,Yahoo Finance JP full-market screener (delayed)
2026-08-25,11:30:00,2026-08-25 12:00:00,7532.T,822.9,70,57603,OK,Yahoo Finance JP full-market screener (delayed)
2026-08-25,11:30:00,2026-08-25 12:00:00,7832.T,5639,16,90224,OK,Yahoo Finance JP full-market screener (delayed)
2026-08-25,11:30:00,2026-08-25 12:00:00,8035.T,55210,1,55210,OK,Yahoo Finance JP full-market screener (delayed)
2026-08-25,11:30:00,2026-08-25 12:00:00,8306.T,3507,18,63126,OK,Yahoo Finance JP full-market screener (delayed)
2026-08-25,11:30:00,2026-08-25 12:00:00,8316.T,6604,13,85852,OK,Yahoo Finance JP full-market screener (delayed)
2026-08-25,11:30:00,2026-08-25 12:00:00,8411.T,8168,10,81680,OK,Yahoo Finance JP full-market screener (delayed)
2026-08-25,11:30:00,2026-08-25 12:00:00,8591.T,6258,13,81354,OK,Yahoo Finance JP full-market screener (delayed)
2026-08-25,11:30:00,2026-08-25 12:00:00,8630.T,6855,12,82260,OK,Yahoo Finance JP full-market screener (delayed)
2026-08-25,11:30:00,2026-08-25 12:00:00,8750.T,1795.5,10,17955,OK,Yahoo Finance JP full-market screener (delayed)
2026-08-25,11:30:00,2026-08-25 12:00:00,8766.T,7442,12,89304,OK,Yahoo Finance JP full-market screener (delayed)
2026-08-25,11:30:00,2026-08-25 12:00:00,8795.T,4801,14,67214,OK,Yahoo Finance JP full-market screener (delayed)
2026-08-25,11:30:00,2026-08-25 12:00:00,9432.T,168.9,500,84450,OK,Yahoo Finance JP full-market screener (delayed)
2026-08-25,11:30:00,2026-08-25 12:00:00,9433.T,2919.5,23,67148.5,OK,Yahoo Finance JP full-market screener (delayed)
2026-08-25,11:30:00,2026-08-25 12:00:00,9697.T,4243,7,29701,OK,Yahoo Finance JP full-market screener (delayed)
2026-08-25,11:30:00,2026-08-25 12:00:00,9983.T,73100,2,146200,OK,Yahoo Finance JP full-market screener (delayed)
2026-08-25,13:04:58,2026-08-25 13:00:00,1801.T,12770,3,38310,OK,Yahoo Finance JP full-market screener (delayed)
2026-08-25,13:04:54,2026-08-25 13:00:00,1812.T,4831,14,67634,OK,Yahoo Finance JP full-market screener (delayed)
2026-08-25,13:04:54,2026-08-25 13:00:00,5333.T,5406,5,27030,OK,Yahoo Finance JP full-market screener (delayed)
2026-08-25,13:05:04,2026-08-25 13:00:00,5803.T,5317,8,42536,OK,Yahoo Finance JP full-market screener (delayed)
2026-08-25,13:04:58,2026-08-25 13:00:00,6146.T,60670,1,60670,OK,Yahoo Finance JP full-market screener (delayed)
2026-08-25,13:04:46,2026-08-25 13:00:00,6383.T,5825,6,34950,OK,Yahoo Finance JP full-market screener (delayed)
2026-08-25,13:04:56,2026-08-25 13:00:00,6501.T,5253,15,78795,OK,Yahoo Finance JP full-market screener (delayed)
2026-08-25,13:05:03,2026-08-25 13:00:00,6503.T,5542,14,77588,OK,Yahoo Finance JP full-market screener (delayed)
2026-08-25,13:04:40,2026-08-25 13:00:00,6504.T,13955,6,83730,OK,Yahoo Finance JP full-market screener (delayed)
2026-08-25,13:05:02,2026-08-25 13:00:00,6762.T,3040,23,69920,OK,Yahoo Finance JP full-market screener (delayed)
2026-08-25,13:04:47,2026-08-25 13:00:00,6861.T,81390,2,162780,OK,Yahoo Finance JP full-market screener (delayed)
2026-08-25,13:04:50,2026-08-25 13:00:00,7012.T,2607.5,25,65187.5,OK,Yahoo Finance JP full-market screener (delayed)
2026-08-25,13:04:53,2026-08-25 13:00:00,7203.T,3077,23,70771,OK,Yahoo Finance JP full-market screener (delayed)
2026-08-25,13:05:03,2026-08-25 13:00:00,7269.T,2128.5,20,42570,OK,Yahoo Finance JP full-market screener (delayed)
2026-08-25,13:05:01,2026-08-25 13:00:00,7532.T,818.8,70,57316,OK,Yahoo Finance JP full-market screener (delayed)
2026-08-25,13:05:02,2026-08-25 13:00:00,7832.T,5594,16,89504,OK,Yahoo Finance JP full-market screener (delayed)
2026-08-25,13:05:02,2026-08-25 13:00:00,8035.T,55400,1,55400,OK,Yahoo Finance JP full-market screener (delayed)
2026-08-25,13:05:01,2026-08-25 13:00:00,8306.T,3524,18,63432,OK,Yahoo Finance JP full-market screener (delayed)
2026-08-25,13:05:01,2026-08-25 13:00:00,8316.T,6639,13,86307,OK,Yahoo Finance JP full-market screener (delayed)
2026-08-25,13:05:03,2026-08-25 13:00:00,8411.T,8220,10,82200,OK,Yahoo Finance JP full-market screener (delayed)
2026-08-25,13:05:01,2026-08-25 13:00:00,8591.T,6286,13,81718,OK,Yahoo Finance JP full-market screener (delayed)
2026-08-25,13:04:47,2026-08-25 13:00:00,8630.T,6844,12,82128,OK,Yahoo Finance JP full-market screener (delayed)
2026-08-25,13:05:02,2026-08-25 13:00:00,8750.T,1801,10,18010,OK,Yahoo Finance JP full-market screener (delayed)
2026-08-25,13:04:57,2026-08-25 13:00:00,8766.T,7450,12,89400,OK,Yahoo Finance JP full-market screener (delayed)
2026-08-25,13:04:59,2026-08-25 13:00:00,8795.T,4815,14,67410,OK,Yahoo Finance JP full-market screener (delayed)
2026-08-25,13:05:03,2026-08-25 13:00:00,9432.T,168.9,500,84450,OK,Yahoo Finance JP full-market screener (delayed)
2026-08-25,13:04:53,2026-08-25 13:00:00,9433.T,2911,23,66953,OK,Yahoo Finance JP full-market screener (delayed)
2026-08-25,13:04:47,2026-08-25 13:00:00,9697.T,4244,7,29708,OK,Yahoo Finance JP full-market screener (delayed)
2026-08-25,13:05:01,2026-08-25 13:00:00,9983.T,73130,2,146260,OK,Yahoo Finance JP full-market screener (delayed)
2026-08-25,14:04:45,2026-08-25 14:00:00,1801.T,12705,3,38115,OK,Yahoo Finance JP full-market screener (delayed)
2026-08-25,14:04:51,2026-08-25 14:00:00,1812.T,4830,14,67620,OK,Yahoo Finance JP full-market screener (delayed)
2026-08-25,14:04:57,2026-08-25 14:00:00,5333.T,5384,5,26920,OK,Yahoo Finance JP full-market screener (delayed)
2026-08-25,14:05:04,2026-08-25 14:00:00,5803.T,5293,8,42344,OK,Yahoo Finance JP full-market screener (delayed)
2026-08-25,14:04:27,2026-08-25 14:00:00,6146.T,60610,1,60610,OK,Yahoo Finance JP full-market screener (delayed)
2026-08-25,14:05:03,2026-08-25 14:00:00,6383.T,5818,6,34908,OK,Yahoo Finance JP full-market screener (delayed)
2026-08-25,14:05:03,2026-08-25 14:00:00,6501.T,5254,15,78810,OK,Yahoo Finance JP full-market screener (delayed)
2026-08-25,14:04:56,2026-08-25 14:00:00,6503.T,5575,14,78050,OK,Yahoo Finance JP full-market screener (delayed)
2026-08-25,14:04:21,2026-08-25 14:00:00,6504.T,13890,6,83340,OK,Yahoo Finance JP full-market screener (delayed)
2026-08-25,14:05:00,2026-08-25 14:00:00,6762.T,3024,23,69552,OK,Yahoo Finance JP full-market screener (delayed)
2026-08-25,14:04:59,2026-08-25 14:00:00,6861.T,81780,2,163560,OK,Yahoo Finance JP full-market screener (delayed)
2026-08-25,14:05:04,2026-08-25 14:00:00,7012.T,2607.5,25,65187.5,OK,Yahoo Finance JP full-market screener (delayed)
2026-08-25,14:04:57,2026-08-25 14:00:00,7203.T,3079,23,70817,OK,Yahoo Finance JP full-market screener (delayed)
2026-08-25,14:04:50,2026-08-25 14:00:00,7269.T,2128,20,42560,OK,Yahoo Finance JP full-market screener (delayed)
2026-08-25,14:04:58,2026-08-25 14:00:00,7532.T,814.2,70,56994,OK,Yahoo Finance JP full-market screener (delayed)
2026-08-25,14:05:02,2026-08-25 14:00:00,7832.T,5582,16,89312,OK,Yahoo Finance JP full-market screener (delayed)
2026-08-25,14:05:02,2026-08-25 14:00:00,8035.T,55310,1,55310,OK,Yahoo Finance JP full-market screener (delayed)
2026-08-25,14:04:55,2026-08-25 14:00:00,8306.T,3514,18,63252,OK,Yahoo Finance JP full-market screener (delayed)
2026-08-25,14:05:03,2026-08-25 14:00:00,8316.T,6625,13,86125,OK,Yahoo Finance JP full-market screener (delayed)
2026-08-25,14:05:03,2026-08-25 14:00:00,8411.T,8199,10,81990,OK,Yahoo Finance JP full-market screener (delayed)
2026-08-25,14:05:02,2026-08-25 14:00:00,8591.T,6275,13,81575,OK,Yahoo Finance JP full-market screener (delayed)
2026-08-25,14:05:03,2026-08-25 14:00:00,8630.T,6831,12,81972,OK,Yahoo Finance JP full-market screener (delayed)
2026-08-25,14:05:02,2026-08-25 14:00:00,8750.T,1798.5,10,17985,OK,Yahoo Finance JP full-market screener (delayed)
2026-08-25,14:04:58,2026-08-25 14:00:00,8766.T,7438,12,89256,OK,Yahoo Finance JP full-market screener (delayed)
2026-08-25,14:04:45,2026-08-25 14:00:00,8795.T,4798,14,67172,OK,Yahoo Finance JP full-market screener (delayed)
2026-08-25,14:05:02,2026-08-25 14:00:00,9432.T,169,500,84500,OK,Yahoo Finance JP full-market screener (delayed)
2026-08-25,14:05:02,2026-08-25 14:00:00,9433.T,2917,23,67091,OK,Yahoo Finance JP full-market screener (delayed)
2026-08-25,14:04:42,2026-08-25 14:00:00,9697.T,4257,7,29799,OK,Yahoo Finance JP full-market screener (delayed)
2026-08-25,14:05:03,2026-08-25 14:00:00,9983.T,72950,2,145900,OK,Yahoo Finance JP full-market screener (delayed)
2026-08-25,15:04:13,2026-08-25 15:00:00,1801.T,12765,3,38295,OK,Yahoo Finance JP full-market screener (delayed)
2026-08-25,15:04:42,2026-08-25 15:00:00,1812.T,4821,14,67494,OK,Yahoo Finance JP full-market screener (delayed)
2026-08-25,15:05:04,2026-08-25 15:00:00,5333.T,5371,5,26855,OK,Yahoo Finance JP full-market screener (delayed)
2026-08-25,15:05:03,2026-08-25 15:00:00,5803.T,5301,8,42408,OK,Yahoo Finance JP full-market screener (delayed)
2026-08-25,15:05:04,2026-08-25 15:00:00,6146.T,60720,1,60720,OK,Yahoo Finance JP full-market screener (delayed)
2026-08-25,15:05:00,2026-08-25 15:00:00,6383.T,5831,6,34986,OK,Yahoo Finance JP full-market screener (delayed)
2026-08-25,15:04:59,2026-08-25 15:00:00,6501.T,5255,15,78825,OK,Yahoo Finance JP full-market screener (delayed)
2026-08-25,15:05:02,2026-08-25 15:00:00,6503.T,5592,14,78288,OK,Yahoo Finance JP full-market screener (delayed)
2026-08-25,15:04:59,2026-08-25 15:00:00,6504.T,13970,6,83820,OK,Yahoo Finance JP full-market screener (delayed)
2026-08-25,15:04:56,2026-08-25 15:00:00,6762.T,3031,23,69713,OK,Yahoo Finance JP full-market screener (delayed)
2026-08-25,15:05:03,2026-08-25 15:00:00,6861.T,81800,2,163600,OK,Yahoo Finance JP full-market screener (delayed)
2026-08-25,15:05:03,2026-08-25 15:00:00,7012.T,2605.5,25,65137.5,OK,Yahoo Finance JP full-market screener (delayed)
2026-08-25,15:05:02,2026-08-25 15:00:00,7203.T,3075,23,70725,OK,Yahoo Finance JP full-market screener (delayed)
2026-08-25,15:05:00,2026-08-25 15:00:00,7269.T,2125,20,42500,OK,Yahoo Finance JP full-market screener (delayed)
2026-08-25,15:05:03,2026-08-25 15:00:00,7532.T,813.6,70,56952,OK,Yahoo Finance JP full-market screener (delayed)
2026-08-25,15:05:00,2026-08-25 15:00:00,7832.T,5574,16,89184,OK,Yahoo Finance JP full-market screener (delayed)
2026-08-25,15:05:03,2026-08-25 15:00:00,8035.T,55360,1,55360,OK,Yahoo Finance JP full-market screener (delayed)
2026-08-25,15:04:59,2026-08-25 15:00:00,8306.T,3512,18,63216,OK,Yahoo Finance JP full-market screener (delayed)
2026-08-25,15:05:03,2026-08-25 15:00:00,8316.T,6624,13,86112,OK,Yahoo Finance JP full-market screener (delayed)
2026-08-25,15:05:03,2026-08-25 15:00:00,8411.T,8198,10,81980,OK,Yahoo Finance JP full-market screener (delayed)
2026-08-25,15:05:03,2026-08-25 15:00:00,8591.T,6267,13,81471,OK,Yahoo Finance JP full-market screener (delayed)
2026-08-25,15:04:59,2026-08-25 15:00:00,8630.T,6815,12,81780,OK,Yahoo Finance JP full-market screener (delayed)
2026-08-25,15:04:57,2026-08-25 15:00:00,8750.T,1792.5,10,17925,OK,Yahoo Finance JP full-market screener (delayed)
2026-08-25,15:04:51,2026-08-25 15:00:00,8766.T,7408,12,88896,OK,Yahoo Finance JP full-market screener (delayed)
2026-08-25,15:04:35,2026-08-25 15:00:00,8795.T,4783,14,66962,OK,Yahoo Finance JP full-market screener (delayed)
2026-08-25,15:05:04,2026-08-25 15:00:00,9432.T,168.6,500,84300,OK,Yahoo Finance JP full-market screener (delayed)
2026-08-25,15:05:03,2026-08-25 15:00:00,9433.T,2906,23,66838,OK,Yahoo Finance JP full-market screener (delayed)
2026-08-25,15:05:01,2026-08-25 15:00:00,9697.T,4243,7,29701,OK,Yahoo Finance JP full-market screener (delayed)
2026-08-25,15:05:03,2026-08-25 15:00:00,9983.T,72820,2,145640,OK,Yahoo Finance JP full-market screener (delayed)
2026-08-25,15:30:00,2026-08-25 16:00:00,1801.T,12805,3,38415,OK,Yahoo Finance JP full-market screener (delayed)
2026-08-25,15:30:00,2026-08-25 16:00:00,1812.T,4835,14,67690,OK,Yahoo Finance JP full-market screener (delayed)
2026-08-25,15:30:00,2026-08-25 16:00:00,5333.T,5408,5,27040,OK,Yahoo Finance JP full-market screener (delayed)
2026-08-25,15:30:00,2026-08-25 16:00:00,5803.T,5292,8,42336,OK,Yahoo Finance JP full-market screener (delayed)
2026-08-25,15:30:00,2026-08-25 16:00:00,6146.T,60700,1,60700,OK,Yahoo Finance JP full-market screener (delayed)
2026-08-25,15:30:00,2026-08-25 16:00:00,6383.T,5861,6,35166,OK,Yahoo Finance JP full-market screener (delayed)
2026-08-25,15:30:00,2026-08-25 16:00:00,6501.T,5300,15,79500,OK,Yahoo Finance JP full-market screener (delayed)
2026-08-25,15:30:00,2026-08-25 16:00:00,6503.T,5614,14,78596,OK,Yahoo Finance JP full-market screener (delayed)
2026-08-25,15:30:00,2026-08-25 16:00:00,6504.T,14010,6,84060,OK,Yahoo Finance JP full-market screener (delayed)
2026-08-25,15:30:00,2026-08-25 16:00:00,6762.T,3049,23,70127,OK,Yahoo Finance JP full-market screener (delayed)
2026-08-25,15:30:00,2026-08-25 16:00:00,6861.T,82250,2,164500,OK,Yahoo Finance JP full-market screener (delayed)
2026-08-25,15:30:00,2026-08-25 16:00:00,7012.T,2611,25,65275,OK,Yahoo Finance JP full-market screener (delayed)
2026-08-25,15:30:00,2026-08-25 16:00:00,7203.T,3082,23,70886,OK,Yahoo Finance JP full-market screener (delayed)
2026-08-25,15:30:00,2026-08-25 16:00:00,7269.T,2119,20,42380,OK,Yahoo Finance JP full-market screener (delayed)
2026-08-25,15:30:00,2026-08-25 16:00:00,7532.T,814,70,56980,OK,Yahoo Finance JP full-market screener (delayed)
2026-08-25,15:30:00,2026-08-25 16:00:00,7832.T,5576,16,89216,OK,Yahoo Finance JP full-market screener (delayed)
2026-08-25,15:30:00,2026-08-25 16:00:00,8035.T,55410,1,55410,OK,Yahoo Finance JP full-market screener (delayed)
2026-08-25,15:30:00,2026-08-25 16:00:00,8306.T,3529,18,63522,OK,Yahoo Finance JP full-market screener (delayed)
2026-08-25,15:30:00,2026-08-25 16:00:00,8316.T,6633,13,86229,OK,Yahoo Finance JP full-market screener (delayed)
2026-08-25,15:30:00,2026-08-25 16:00:00,8411.T,8208,10,82080,OK,Yahoo Finance JP full-market screener (delayed)
2026-08-25,15:30:00,2026-08-25 16:00:00,8591.T,6279,13,81627,OK,Yahoo Finance JP full-market screener (delayed)
2026-08-25,15:30:00,2026-08-25 16:00:00,8630.T,6803,12,81636,OK,Yahoo Finance JP full-market screener (delayed)
2026-08-25,15:30:00,2026-08-25 16:00:00,8750.T,1802,10,18020,OK,Yahoo Finance JP full-market screener (delayed)
2026-08-25,15:30:00,2026-08-25 16:00:00,8766.T,7408,12,88896,OK,Yahoo Finance JP full-market screener (delayed)
2026-08-25,15:30:00,2026-08-25 16:00:00,8795.T,4767,14,66738,OK,Yahoo Finance JP full-market screener (delayed)
2026-08-25,15:30:00,2026-08-25 16:00:00,9432.T,169.2,500,84600,OK,Yahoo Finance JP full-market screener (delayed)
2026-08-25,15:30:00,2026-08-25 16:00:00,9433.T,2909.5,23,66918.5,OK,Yahoo Finance JP full-market screener (delayed)
2026-08-25,15:30:00,2026-08-25 16:00:00,9697.T,4266,7,29862,OK,Yahoo Finance JP full-market screener (delayed)
2026-08-25,15:30:00,2026-08-25 16:00:00,9983.T,72530,2,145060,OK,Yahoo Finance JP full-market screener (delayed)
2026-08-25,15:30:00,2026-08-25 17:00:00,1801.T,12805,3,38415,OK,Yahoo Finance JP full-market screener (delayed)
2026-08-25,15:30:00,2026-08-25 17:00:00,1812.T,4835,14,67690,OK,Yahoo Finance JP full-market screener (delayed)
2026-08-25,15:30:00,2026-08-25 17:00:00,5333.T,5408,5,27040,OK,Yahoo Finance JP full-market screener (delayed)
2026-08-25,15:30:00,2026-08-25 17:00:00,5803.T,5292,8,42336,OK,Yahoo Finance JP full-market screener (delayed)
2026-08-25,15:30:00,2026-08-25 17:00:00,6146.T,60700,1,60700,OK,Yahoo Finance JP full-market screener (delayed)
2026-08-25,15:30:00,2026-08-25 17:00:00,6383.T,5861,6,35166,OK,Yahoo Finance JP full-market screener (delayed)
2026-08-25,15:30:00,2026-08-25 17:00:00,6501.T,5300,15,79500,OK,Yahoo Finance JP full-market screener (delayed)
2026-08-25,15:30:00,2026-08-25 17:00:00,6503.T,5614,14,78596,OK,Yahoo Finance JP full-market screener (delayed)
2026-08-25,15:30:00,2026-08-25 17:00:00,6504.T,14010,6,84060,OK,Yahoo Finance JP full-market screener (delayed)
2026-08-25,15:30:00,2026-08-25 17:00:00,6762.T,3049,23,70127,OK,Yahoo Finance JP full-market screener (delayed)
2026-08-25,15:30:00,2026-08-25 17:00:00,6861.T,82250,2,164500,OK,Yahoo Finance JP full-market screener (delayed)
2026-08-25,15:30:00,2026-08-25 17:00:00,7012.T,2611,25,65275,OK,Yahoo Finance JP full-market screener (delayed)
2026-08-25,15:30:00,2026-08-25 17:00:00,7203.T,3082,23,70886,OK,Yahoo Finance JP full-market screener (delayed)
2026-08-25,15:30:00,2026-08-25 17:00:00,7269.T,2119,20,42380,OK,Yahoo Finance JP full-market screener (delayed)
2026-08-25,15:30:00,2026-08-25 17:00:00,7532.T,814,70,56980,OK,Yahoo Finance JP full-market screener (delayed)
2026-08-25,15:30:00,2026-08-25 17:00:00,7832.T,5576,16,89216,OK,Yahoo Finance JP full-market screener (delayed)
2026-08-25,15:30:00,2026-08-25 17:00:00,8035.T,55410,1,55410,OK,Yahoo Finance JP full-market screener (delayed)
2026-08-25,15:30:00,2026-08-25 17:00:00,8306.T,3529,18,63522,OK,Yahoo Finance JP full-market screener (delayed)
2026-08-25,15:30:00,2026-08-25 17:00:00,8316.T,6633,13,86229,OK,Yahoo Finance JP full-market screener (delayed)
2026-08-25,15:30:00,2026-08-25 17:00:00,8411.T,8208,10,82080,OK,Yahoo Finance JP full-market screener (delayed)
2026-08-25,15:30:00,2026-08-25 17:00:00,8591.T,6279,13,81627,OK,Yahoo Finance JP full-market screener (delayed)
2026-08-25,15:30:00,2026-08-25 17:00:00,8630.T,6803,12,81636,OK,Yahoo Finance JP full-market screener (delayed)
2026-08-25,15:30:00,2026-08-25 17:00:00,8750.T,1802,10,18020,OK,Yahoo Finance JP full-market screener (delayed)
2026-08-25,15:30:00,2026-08-25 17:00:00,8766.T,7408,12,88896,OK,Yahoo Finance JP full-market screener (delayed)
2026-08-25,15:30:00,2026-08-25 17:00:00,8795.T,4767,14,66738,OK,Yahoo Finance JP full-market screener (delayed)
2026-08-25,15:30:00,2026-08-25 17:00:00,9432.T,169.2,500,84600,OK,Yahoo Finance JP full-market screener (delayed)
2026-08-25,15:30:00,2026-08-25 17:00:00,9433.T,2909.5,23,66918.5,OK,Yahoo Finance JP full-market screener (delayed)
2026-08-25,15:30:00,2026-08-25 17:00:00,9697.T,4266,7,29862,OK,Yahoo Finance JP full-market screener (delayed)
2026-08-25,15:30:00,2026-08-25 17:00:00,9983.T,72530,2,145060,OK,Yahoo Finance JP full-market screener (delayed)
2026-08-26,09:04:56,2026-08-26 09:00:00,1801.T,12805,3,38415,OK,Yahoo Finance JP full-market screener (delayed)
2026-08-26,09:05:13,2026-08-26 09:00:00,1812.T,4825,14,67550,OK,Yahoo Finance JP full-market screener (delayed)
2026-08-26,09:05:10,2026-08-26 09:00:00,5333.T,5349,5,26745,OK,Yahoo Finance JP full-market screener (delayed)
2026-08-26,09:05:13,2026-08-26 09:00:00,5803.T,5295,8,42360,OK,Yahoo Finance JP full-market screener (delayed)
2026-08-26,09:05:13,2026-08-26 09:00:00,6146.T,59210,1,59210,OK,Yahoo Finance JP full-market screener (delayed)
2026-08-26,09:05:13,2026-08-26 09:00:00,6383.T,5825,6,34950,OK,Yahoo Finance JP full-market screener (delayed)
2026-08-26,09:05:13,2026-08-26 09:00:00,6501.T,5369,15,80535,OK,Yahoo Finance JP full-market screener (delayed)
2026-08-26,09:05:11,2026-08-26 09:00:00,6503.T,5585,14,78190,OK,Yahoo Finance JP full-market screener (delayed)
2026-08-26,09:05:08,2026-08-26 09:00:00,6504.T,13935,6,83610,OK,Yahoo Finance JP full-market screener (delayed)
2026-08-26,09:05:09,2026-08-26 09:00:00,6762.T,3024,23,69552,OK,Yahoo Finance JP full-market screener (delayed)
2026-08-26,09:05:04,2026-08-26 09:00:00,6861.T,81310,2,162620,OK,Yahoo Finance JP full-market screener (delayed)
2026-08-26,09:05:13,2026-08-26 09:00:00,7012.T,2602.5,25,65062.5,OK,Yahoo Finance JP full-market screener (delayed)
2026-08-26,09:05:09,2026-08-26 09:00:00,7203.T,3080,23,70840,OK,Yahoo Finance JP full-market screener (delayed)
2026-08-26,09:05:13,2026-08-26 09:00:00,7269.T,2141.5,20,42830,OK,Yahoo Finance JP full-market screener (delayed)
2026-08-26,09:05:13,2026-08-26 09:00:00,7532.T,835.1,70,58457,OK,Yahoo Finance JP full-market screener (delayed)
2026-08-26,09:05:12,2026-08-26 09:00:00,7832.T,5655,16,90480,OK,Yahoo Finance JP full-market screener (delayed)
2026-08-26,09:05:12,2026-08-26 09:00:00,8035.T,54500,1,54500,OK,Yahoo Finance JP full-market screener (delayed)
2026-08-26,09:05:14,2026-08-26 09:00:00,8306.T,3556,18,64008,OK,Yahoo Finance JP full-market screener (delayed)
2026-08-26,09:05:14,2026-08-26 09:00:00,8316.T,6685,13,86905,OK,Yahoo Finance JP full-market screener (delayed)
2026-08-26,09:05:12,2026-08-26 09:00:00,8411.T,8247,10,82470,OK,Yahoo Finance JP full-market screener (delayed)
2026-08-26,09:05:13,2026-08-26 09:00:00,8591.T,6285,13,81705,OK,Yahoo Finance JP full-market screener (delayed)
2026-08-26,09:05:13,2026-08-26 09:00:00,8630.T,6881,12,82572,OK,Yahoo Finance JP full-market screener (delayed)
2026-08-26,09:05:10,2026-08-26 09:00:00,8750.T,1815,10,18150,OK,Yahoo Finance JP full-market screener (delayed)
2026-08-26,09:05:13,2026-08-26 09:00:00,8766.T,7551,12,90612,OK,Yahoo Finance JP full-market screener (delayed)
2026-08-26,09:05:13,2026-08-26 09:00:00,8795.T,4823,14,67522,OK,Yahoo Finance JP full-market screener (delayed)
2026-08-26,09:05:13,2026-08-26 09:00:00,9432.T,168.7,500,84350,OK,Yahoo Finance JP full-market screener (delayed)
2026-08-26,09:05:12,2026-08-26 09:00:00,9433.T,2908,23,66884,OK,Yahoo Finance JP full-market screener (delayed)
2026-08-26,09:05:13,2026-08-26 09:00:00,9697.T,4323,7,30261,OK,Yahoo Finance JP full-market screener (delayed)
2026-08-26,09:05:11,2026-08-26 09:00:00,9983.T,72420,2,144840,OK,Yahoo Finance JP full-market screener (delayed)
2026-08-26,10:04:01,2026-08-26 10:00:00,1801.T,12825,3,38475,OK,Yahoo Finance JP full-market screener (delayed)
2026-08-26,10:05:01,2026-08-26 10:00:00,1812.T,4836,14,67704,OK,Yahoo Finance JP full-market screener (delayed)
2026-08-26,10:04:53,2026-08-26 10:00:00,5333.T,5344,5,26720,OK,Yahoo Finance JP full-market screener (delayed)
2026-08-26,10:05:05,2026-08-26 10:00:00,5803.T,5151,8,41208,OK,Yahoo Finance JP full-market screener (delayed)
2026-08-26,10:05:04,2026-08-26 10:00:00,6146.T,58460,1,58460,OK,Yahoo Finance JP full-market screener (delayed)
2026-08-26,10:05:05,2026-08-26 10:00:00,6383.T,5795,6,34770,OK,Yahoo Finance JP full-market screener (delayed)
2026-08-26,10:05:04,2026-08-26 10:00:00,6501.T,5355,15,80325,OK,Yahoo Finance JP full-market screener (delayed)
2026-08-26,10:05:01,2026-08-26 10:00:00,6503.T,5576,14,78064,OK,Yahoo Finance JP full-market screener (delayed)
2026-08-26,10:05:04,2026-08-26 10:00:00,6504.T,13875,6,83250,OK,Yahoo Finance JP full-market screener (delayed)
2026-08-26,10:05:04,2026-08-26 10:00:00,6762.T,3003,23,69069,OK,Yahoo Finance JP full-market screener (delayed)
2026-08-26,10:04:28,2026-08-26 10:00:00,6861.T,80960,2,161920,OK,Yahoo Finance JP full-market screener (delayed)
2026-08-26,10:05:02,2026-08-26 10:00:00,7012.T,2569,25,64225,OK,Yahoo Finance JP full-market screener (delayed)
2026-08-26,10:05:05,2026-08-26 10:00:00,7203.T,3096,23,71208,OK,Yahoo Finance JP full-market screener (delayed)
2026-08-26,10:04:55,2026-08-26 10:00:00,7269.T,2143.5,20,42870,OK,Yahoo Finance JP full-market screener (delayed)
2026-08-26,10:05:02,2026-08-26 10:00:00,7532.T,824.3,70,57701,OK,Yahoo Finance JP full-market screener (delayed)
2026-08-26,10:04:49,2026-08-26 10:00:00,7832.T,5685,16,90960,OK,Yahoo Finance JP full-market screener (delayed)
2026-08-26,10:05:04,2026-08-26 10:00:00,8035.T,54060,1,54060,OK,Yahoo Finance JP full-market screener (delayed)
2026-08-26,10:05:04,2026-08-26 10:00:00,8306.T,3569,18,64242,OK,Yahoo Finance JP full-market screener (delayed)
2026-08-26,10:05:05,2026-08-26 10:00:00,8316.T,6740,13,87620,OK,Yahoo Finance JP full-market screener (delayed)
2026-08-26,10:05:06,2026-08-26 10:00:00,8411.T,8300,10,83000,OK,Yahoo Finance JP full-market screener (delayed)
2026-08-26,10:04:35,2026-08-26 10:00:00,8591.T,6330,13,82290,OK,Yahoo Finance JP full-market screener (delayed)
2026-08-26,10:05:03,2026-08-26 10:00:00,8630.T,6866,12,82392,OK,Yahoo Finance JP full-market screener (delayed)
2026-08-26,10:05:04,2026-08-26 10:00:00,8750.T,1823,10,18230,OK,Yahoo Finance JP full-market screener (delayed)
2026-08-26,10:05:05,2026-08-26 10:00:00,8766.T,7593,12,91116,OK,Yahoo Finance JP full-market screener (delayed)
2026-08-26,10:05:02,2026-08-26 10:00:00,8795.T,4855,14,67970,OK,Yahoo Finance JP full-market screener (delayed)
2026-08-26,10:05:05,2026-08-26 10:00:00,9432.T,169.6,500,84800,OK,Yahoo Finance JP full-market screener (delayed)
2026-08-26,10:05:05,2026-08-26 10:00:00,9433.T,2915,23,67045,OK,Yahoo Finance JP full-market screener (delayed)
2026-08-26,10:05:05,2026-08-26 10:00:00,9697.T,4337,7,30359,OK,Yahoo Finance JP full-market screener (delayed)
2026-08-26,10:05:00,2026-08-26 10:00:00,9983.T,72960,2,145920,OK,Yahoo Finance JP full-market screener (delayed)
2026-08-26,11:04:38,2026-08-26 11:00:00,1801.T,12850,3,38550,OK,Yahoo Finance JP full-market screener (delayed)
2026-08-26,11:05:08,2026-08-26 11:00:00,1812.T,4845,14,67830,OK,Yahoo Finance JP full-market screener (delayed)
2026-08-26,11:05:04,2026-08-26 11:00:00,5333.T,5382,5,26910,OK,Yahoo Finance JP full-market screener (delayed)
2026-08-26,11:05:12,2026-08-26 11:00:00,5803.T,5225,8,41800,OK,Yahoo Finance JP full-market screener (delayed)
2026-08-26,11:05:10,2026-08-26 11:00:00,6146.T,59140,1,59140,OK,Yahoo Finance JP full-market screener (delayed)
2026-08-26,11:04:56,2026-08-26 11:00:00,6383.T,5806,6,34836,OK,Yahoo Finance JP full-market screener (delayed)
2026-08-26,11:05:07,2026-08-26 11:00:00,6501.T,5354,15,80310,OK,Yahoo Finance JP full-market screener (delayed)
2026-08-26,11:05:03,2026-08-26 11:00:00,6503.T,5598,14,78372,OK,Yahoo Finance JP full-market screener (delayed)
2026-08-26,11:05:06,2026-08-26 11:00:00,6504.T,13890,6,83340,OK,Yahoo Finance JP full-market screener (delayed)
2026-08-26,11:05:04,2026-08-26 11:00:00,6762.T,3020,23,69460,OK,Yahoo Finance JP full-market screener (delayed)
2026-08-26,11:05:03,2026-08-26 11:00:00,6861.T,81320,2,162640,OK,Yahoo Finance JP full-market screener (delayed)
2026-08-26,11:05:09,2026-08-26 11:00:00,7012.T,2567.5,25,64187.5,OK,Yahoo Finance JP full-market screener (delayed)
2026-08-26,11:05:10,2026-08-26 11:00:00,7203.T,3090,23,71070,OK,Yahoo Finance JP full-market screener (delayed)
2026-08-26,11:05:12,2026-08-26 11:00:00,7269.T,2160,20,43200,OK,Yahoo Finance JP full-market screener (delayed)
2026-08-26,11:05:09,2026-08-26 11:00:00,7532.T,826.1,70,57827,OK,Yahoo Finance JP full-market screener (delayed)
2026-08-26,11:05:13,2026-08-26 11:00:00,7832.T,5671,16,90736,OK,Yahoo Finance JP full-market screener (delayed)
2026-08-26,11:05:12,2026-08-26 11:00:00,8035.T,54030,1,54030,OK,Yahoo Finance JP full-market screener (delayed)
2026-08-26,11:05:13,2026-08-26 11:00:00,8306.T,3577,18,64386,OK,Yahoo Finance JP full-market screener (delayed)
2026-08-26,11:05:09,2026-08-26 11:00:00,8316.T,6751,13,87763,OK,Yahoo Finance JP full-market screener (delayed)
2026-08-26,11:05:06,2026-08-26 11:00:00,8411.T,8312,10,83120,OK,Yahoo Finance JP full-market screener (delayed)
2026-08-26,11:05:02,2026-08-26 11:00:00,8591.T,6332,13,82316,OK,Yahoo Finance JP full-market screener (delayed)
2026-08-26,11:05:13,2026-08-26 11:00:00,8630.T,6892,12,82704,OK,Yahoo Finance JP full-market screener (delayed)
2026-08-26,11:05:10,2026-08-26 11:00:00,8750.T,1824,10,18240,OK,Yahoo Finance JP full-market screener (delayed)
2026-08-26,11:05:11,2026-08-26 11:00:00,8766.T,7604,12,91248,OK,Yahoo Finance JP full-market screener (delayed)
2026-08-26,11:05:12,2026-08-26 11:00:00,8795.T,4880,14,68320,OK,Yahoo Finance JP full-market screener (delayed)
2026-08-26,11:05:10,2026-08-26 11:00:00,9432.T,169.8,500,84900,OK,Yahoo Finance JP full-market screener (delayed)
2026-08-26,11:05:09,2026-08-26 11:00:00,9433.T,2912,23,66976,OK,Yahoo Finance JP full-market screener (delayed)
2026-08-26,11:04:46,2026-08-26 11:00:00,9697.T,4309,7,30163,OK,Yahoo Finance JP full-market screener (delayed)
2026-08-26,11:05:08,2026-08-26 11:00:00,9983.T,72420,2,144840,OK,Yahoo Finance JP full-market screener (delayed)
2026-08-26,11:30:00,2026-08-26 12:00:00,1801.T,12830,3,38490,OK,Yahoo Finance JP full-market screener (delayed)
2026-08-26,11:30:00,2026-08-26 12:00:00,1812.T,4846,14,67844,OK,Yahoo Finance JP full-market screener (delayed)
2026-08-26,11:30:00,2026-08-26 12:00:00,5333.T,5396,5,26980,OK,Yahoo Finance JP full-market screener (delayed)
2026-08-26,11:30:00,2026-08-26 12:00:00,5803.T,5265,8,42120,OK,Yahoo Finance JP full-market screener (delayed)
2026-08-26,11:30:00,2026-08-26 12:00:00,6146.T,60170,1,60170,OK,Yahoo Finance JP full-market screener (delayed)
2026-08-26,11:30:00,2026-08-26 12:00:00,6383.T,5832,6,34992,OK,Yahoo Finance JP full-market screener (delayed)
2026-08-26,11:30:00,2026-08-26 12:00:00,6501.T,5348,15,80220,OK,Yahoo Finance JP full-market screener (delayed)
2026-08-26,11:30:00,2026-08-26 12:00:00,6503.T,5640,14,78960,OK,Yahoo Finance JP full-market screener (delayed)
2026-08-26,11:30:00,2026-08-26 12:00:00,6504.T,14065,6,84390,OK,Yahoo Finance JP full-market screener (delayed)
2026-08-26,11:30:00,2026-08-26 12:00:00,6762.T,3038,23,69874,OK,Yahoo Finance JP full-market screener (delayed)
2026-08-26,11:30:00,2026-08-26 12:00:00,6861.T,81690,2,163380,OK,Yahoo Finance JP full-market screener (delayed)
2026-08-26,11:30:00,2026-08-26 12:00:00,7012.T,2578.5,25,64462.5,OK,Yahoo Finance JP full-market screener (delayed)
2026-08-26,11:30:00,2026-08-26 12:00:00,7203.T,3090,23,71070,OK,Yahoo Finance JP full-market screener (delayed)
2026-08-26,11:30:00,2026-08-26 12:00:00,7269.T,2155.5,20,43110,OK,Yahoo Finance JP full-market screener (delayed)
2026-08-26,11:30:00,2026-08-26 12:00:00,7532.T,823.9,70,57673,OK,Yahoo Finance JP full-market screener (delayed)
2026-08-26,11:30:00,2026-08-26 12:00:00,7832.T,5675,16,90800,OK,Yahoo Finance JP full-market screener (delayed)
2026-08-26,11:30:00,2026-08-26 12:00:00,8035.T,54660,1,54660,OK,Yahoo Finance JP full-market screener (delayed)
2026-08-26,11:30:00,2026-08-26 12:00:00,8306.T,3585,18,64530,OK,Yahoo Finance JP full-market screener (delayed)
2026-08-26,11:30:00,2026-08-26 12:00:00,8316.T,6756,13,87828,OK,Yahoo Finance JP full-market screener (delayed)
2026-08-26,11:30:00,2026-08-26 12:00:00,8411.T,8325,10,83250,OK,Yahoo Finance JP full-market screener (delayed)
2026-08-26,11:30:00,2026-08-26 12:00:00,8591.T,6335,13,82355,OK,Yahoo Finance JP full-market screener (delayed)
2026-08-26,11:30:00,2026-08-26 12:00:00,8630.T,6878,12,82536,OK,Yahoo Finance JP full-market screener (delayed)
2026-08-26,11:30:00,2026-08-26 12:00:00,8750.T,1824,10,18240,OK,Yahoo Finance JP full-market screener (delayed)
2026-08-26,11:30:00,2026-08-26 12:00:00,8766.T,7599,12,91188,OK,Yahoo Finance JP full-market screener (delayed)
2026-08-26,11:30:00,2026-08-26 12:00:00,8795.T,4867,14,68138,OK,Yahoo Finance JP full-market screener (delayed)
2026-08-26,11:30:00,2026-08-26 12:00:00,9432.T,169.2,500,84600,OK,Yahoo Finance JP full-market screener (delayed)
2026-08-26,11:30:00,2026-08-26 12:00:00,9433.T,2907,23,66861,OK,Yahoo Finance JP full-market screener (delayed)
2026-08-26,11:30:00,2026-08-26 12:00:00,9697.T,4317,7,30219,OK,Yahoo Finance JP full-market screener (delayed)
2026-08-26,11:30:00,2026-08-26 12:00:00,9983.T,72740,2,145480,OK,Yahoo Finance JP full-market screener (delayed)
2026-08-26,13:04:53,2026-08-26 13:00:00,1801.T,12815,3,38445,OK,Yahoo Finance JP full-market screener (delayed)
2026-08-26,13:05:03,2026-08-26 13:00:00,1812.T,4839,14,67746,OK,Yahoo Finance JP full-market screener (delayed)
2026-08-26,13:04:55,2026-08-26 13:00:00,5333.T,5410,5,27050,OK,Yahoo Finance JP full-market screener (delayed)
2026-08-26,13:05:05,2026-08-26 13:00:00,5803.T,5297,8,42376,OK,Yahoo Finance JP full-market screener (delayed)
2026-08-26,13:04:58,2026-08-26 13:00:00,6146.T,60170,1,60170,OK,Yahoo Finance JP full-market screener (delayed)
2026-08-26,13:05:04,2026-08-26 13:00:00,6383.T,5833,6,34998,OK,Yahoo Finance JP full-market screener (delayed)
2026-08-26,13:04:59,2026-08-26 13:00:00,6501.T,5340,15,80100,OK,Yahoo Finance JP full-market screener (delayed)
2026-08-26,13:04:54,2026-08-26 13:00:00,6503.T,5622,14,78708,OK,Yahoo Finance JP full-market screener (delayed)
2026-08-26,13:05:02,2026-08-26 13:00:00,6504.T,13975,6,83850,OK,Yahoo Finance JP full-market screener (delayed)
2026-08-26,13:04:53,2026-08-26 13:00:00,6762.T,3050,23,70150,OK,Yahoo Finance JP full-market screener (delayed)
2026-08-26,13:04:46,2026-08-26 13:00:00,6861.T,81450,2,162900,OK,Yahoo Finance JP full-market screener (delayed)
2026-08-26,13:05:03,2026-08-26 13:00:00,7012.T,2578,25,64450,OK,Yahoo Finance JP full-market screener (delayed)
2026-08-26,13:05:00,2026-08-26 13:00:00,7203.T,3084,23,70932,OK,Yahoo Finance JP full-market screener (delayed)
2026-08-26,13:04:48,2026-08-26 13:00:00,7269.T,2147.5,20,42950,OK,Yahoo Finance JP full-market screener (delayed)
2026-08-26,13:05:02,2026-08-26 13:00:00,7532.T,823.6,70,57652,OK,Yahoo Finance JP full-market screener (delayed)
2026-08-26,13:04:57,2026-08-26 13:00:00,7832.T,5647,16,90352,OK,Yahoo Finance JP full-market screener (delayed)
2026-08-26,13:05:00,2026-08-26 13:00:00,8035.T,55310,1,55310,OK,Yahoo Finance JP full-market screener (delayed)
2026-08-26,13:05:05,2026-08-26 13:00:00,8306.T,3568,18,64224,OK,Yahoo Finance JP full-market screener (delayed)
2026-08-26,13:05:01,2026-08-26 13:00:00,8316.T,6704,13,87152,OK,Yahoo Finance JP full-market screener (delayed)
2026-08-26,13:04:50,2026-08-26 13:00:00,8411.T,8270,10,82700,OK,Yahoo Finance JP full-market screener (delayed)
2026-08-26,13:05:00,2026-08-26 13:00:00,8591.T,6302,13,81926,OK,Yahoo Finance JP full-market screener (delayed)
2026-08-26,13:04:52,2026-08-26 13:00:00,8630.T,6849,12,82188,OK,Yahoo Finance JP full-market screener (delayed)
2026-08-26,13:04:48,2026-08-26 13:00:00,8750.T,1819.5,10,18195,OK,Yahoo Finance JP full-market screener (delayed)
2026-08-26,13:05:03,2026-08-26 13:00:00,8766.T,7561,12,90732,OK,Yahoo Finance JP full-market screener (delayed)
2026-08-26,13:05:03,2026-08-26 13:00:00,8795.T,4854,14,67956,OK,Yahoo Finance JP full-market screener (delayed)
2026-08-26,13:05:05,2026-08-26 13:00:00,9432.T,169.7,500,84850,OK,Yahoo Finance JP full-market screener (delayed)
2026-08-26,13:05:01,2026-08-26 13:00:00,9433.T,2900.5,23,66711.5,OK,Yahoo Finance JP full-market screener (delayed)
2026-08-26,13:05:02,2026-08-26 13:00:00,9697.T,4309,7,30163,OK,Yahoo Finance JP full-market screener (delayed)
2026-08-26,13:05:00,2026-08-26 13:00:00,9983.T,72530,2,145060,OK,Yahoo Finance JP full-market screener (delayed)
2026-08-26,14:04:27,2026-08-26 14:00:00,1801.T,12825,3,38475,OK,Yahoo Finance JP full-market screener (delayed)
2026-08-26,14:05:03,2026-08-26 14:00:00,1812.T,4849,14,67886,OK,Yahoo Finance JP full-market screener (delayed)
2026-08-26,14:04:55,2026-08-26 14:00:00,5333.T,5415,5,27075,OK,Yahoo Finance JP full-market screener (delayed)
2026-08-26,14:05:06,2026-08-26 14:00:00,5803.T,5272,8,42176,OK,Yahoo Finance JP full-market screener (delayed)
2026-08-26,14:05:04,2026-08-26 14:00:00,6146.T,60550,1,60550,OK,Yahoo Finance JP full-market screener (delayed)
2026-08-26,14:04:56,2026-08-26 14:00:00,6383.T,5824,6,34944,OK,Yahoo Finance JP full-market screener (delayed)
2026-08-26,14:04:46,2026-08-26 14:00:00,6501.T,5349,15,80235,OK,Yahoo Finance JP full-market screener (delayed)
2026-08-26,14:05:00,2026-08-26 14:00:00,6503.T,5636,14,78904,OK,Yahoo Finance JP full-market screener (delayed)
2026-08-26,14:05:03,2026-08-26 14:00:00,6504.T,13975,6,83850,OK,Yahoo Finance JP full-market screener (delayed)
2026-08-26,14:05:03,2026-08-26 14:00:00,6762.T,3063,23,70449,OK,Yahoo Finance JP full-market screener (delayed)
2026-08-26,14:04:31,2026-08-26 14:00:00,6861.T,81420,2,162840,OK,Yahoo Finance JP full-market screener (delayed)
2026-08-26,14:05:01,2026-08-26 14:00:00,7012.T,2581,25,64525,OK,Yahoo Finance JP full-market screener (delayed)
2026-08-26,14:05:04,2026-08-26 14:00:00,7203.T,3088,23,71024,OK,Yahoo Finance JP full-market screener (delayed)
2026-08-26,14:05:02,2026-08-26 14:00:00,7269.T,2146,20,42920,OK,Yahoo Finance JP full-market screener (delayed)
2026-08-26,14:05:02,2026-08-26 14:00:00,7532.T,825.3,70,57771,OK,Yahoo Finance JP full-market screener (delayed)
2026-08-26,14:05:04,2026-08-26 14:00:00,7832.T,5665,16,90640,OK,Yahoo Finance JP full-market screener (delayed)
2026-08-26,14:04:58,2026-08-26 14:00:00,8035.T,55390,1,55390,OK,Yahoo Finance JP full-market screener (delayed)
2026-08-26,14:05:05,2026-08-26 14:00:00,8306.T,3570,18,64260,OK,Yahoo Finance JP full-market screener (delayed)
2026-08-26,14:04:43,2026-08-26 14:00:00,8316.T,6703,13,87139,OK,Yahoo Finance JP full-market screener (delayed)
2026-08-26,14:05:05,2026-08-26 14:00:00,8411.T,8270,10,82700,OK,Yahoo Finance JP full-market screener (delayed)
2026-08-26,14:05:01,2026-08-26 14:00:00,8591.T,6330,13,82290,OK,Yahoo Finance JP full-market screener (delayed)
2026-08-26,14:05:02,2026-08-26 14:00:00,8630.T,6845,12,82140,OK,Yahoo Finance JP full-market screener (delayed)
2026-08-26,14:04:51,2026-08-26 14:00:00,8750.T,1821,10,18210,OK,Yahoo Finance JP full-market screener (delayed)
2026-08-26,14:04:55,2026-08-26 14:00:00,8766.T,7574,12,90888,OK,Yahoo Finance JP full-market screener (delayed)
2026-08-26,14:05:01,2026-08-26 14:00:00,8795.T,4832,14,67648,OK,Yahoo Finance JP full-market screener (delayed)
2026-08-26,14:05:04,2026-08-26 14:00:00,9432.T,169.9,500,84950,OK,Yahoo Finance JP full-market screener (delayed)
2026-08-26,14:05:02,2026-08-26 14:00:00,9433.T,2899,23,66677,OK,Yahoo Finance JP full-market screener (delayed)
2026-08-26,14:04:42,2026-08-26 14:00:00,9697.T,4307,7,30149,OK,Yahoo Finance JP full-market screener (delayed)
2026-08-26,14:04:47,2026-08-26 14:00:00,9983.T,72500,2,145000,OK,Yahoo Finance JP full-market screener (delayed)
2026-08-26,15:04:21,2026-08-26 15:00:00,1801.T,12835,3,38505,OK,Yahoo Finance JP full-market screener (delayed)
2026-08-26,15:05:05,2026-08-26 15:00:00,1812.T,4843,14,67802,OK,Yahoo Finance JP full-market screener (delayed)
2026-08-26,15:05:03,2026-08-26 15:00:00,5333.T,5405,5,27025,OK,Yahoo Finance JP full-market screener (delayed)
2026-08-26,15:05:05,2026-08-26 15:00:00,5803.T,5285,8,42280,OK,Yahoo Finance JP full-market screener (delayed)
2026-08-26,15:05:01,2026-08-26 15:00:00,6146.T,60810,1,60810,OK,Yahoo Finance JP full-market screener (delayed)
2026-08-26,15:05:01,2026-08-26 15:00:00,6383.T,5831,6,34986,OK,Yahoo Finance JP full-market screener (delayed)
2026-08-26,15:05:02,2026-08-26 15:00:00,6501.T,5326,15,79890,OK,Yahoo Finance JP full-market screener (delayed)
2026-08-26,15:05:02,2026-08-26 15:00:00,6503.T,5637,14,78918,OK,Yahoo Finance JP full-market screener (delayed)
2026-08-26,15:04:54,2026-08-26 15:00:00,6504.T,13955,6,83730,OK,Yahoo Finance JP full-market screener (delayed)
2026-08-26,15:05:01,2026-08-26 15:00:00,6762.T,3049,23,70127,OK,Yahoo Finance JP full-market screener (delayed)
2026-08-26,15:04:41,2026-08-26 15:00:00,6861.T,81160,2,162320,OK,Yahoo Finance JP full-market screener (delayed)
2026-08-26,15:05:06,2026-08-26 15:00:00,7012.T,2582.5,25,64562.5,OK,Yahoo Finance JP full-market screener (delayed)
2026-08-26,15:05:03,2026-08-26 15:00:00,7203.T,3077,23,70771,OK,Yahoo Finance JP full-market screener (delayed)
2026-08-26,15:05:04,2026-08-26 15:00:00,7269.T,2147,20,42940,OK,Yahoo Finance JP full-market screener (delayed)
2026-08-26,15:05:05,2026-08-26 15:00:00,7532.T,822.2,70,57554,OK,Yahoo Finance JP full-market screener (delayed)
2026-08-26,15:05:04,2026-08-26 15:00:00,7832.T,5663,16,90608,OK,Yahoo Finance JP full-market screener (delayed)
2026-08-26,15:05:00,2026-08-26 15:00:00,8035.T,55360,1,55360,OK,Yahoo Finance JP full-market screener (delayed)
2026-08-26,15:05:02,2026-08-26 15:00:00,8306.T,3570,18,64260,OK,Yahoo Finance JP full-market screener (delayed)
2026-08-26,15:05:01,2026-08-26 15:00:00,8316.T,6708,13,87204,OK,Yahoo Finance JP full-market screener (delayed)
2026-08-26,15:04:59,2026-08-26 15:00:00,8411.T,8280,10,82800,OK,Yahoo Finance JP full-market screener (delayed)
2026-08-26,15:04:48,2026-08-26 15:00:00,8591.T,6341,13,82433,OK,Yahoo Finance JP full-market screener (delayed)
2026-08-26,15:05:04,2026-08-26 15:00:00,8630.T,6867,12,82404,OK,Yahoo Finance JP full-market screener (delayed)
2026-08-26,15:05:02,2026-08-26 15:00:00,8750.T,1823.5,10,18235,OK,Yahoo Finance JP full-market screener (delayed)
2026-08-26,15:05:03,2026-08-26 15:00:00,8766.T,7625,12,91500,OK,Yahoo Finance JP full-market screener (delayed)
2026-08-26,15:05:05,2026-08-26 15:00:00,8795.T,4854,14,67956,OK,Yahoo Finance JP full-market screener (delayed)
2026-08-26,15:05:01,2026-08-26 15:00:00,9432.T,169.6,500,84800,OK,Yahoo Finance JP full-market screener (delayed)
2026-08-26,15:05:01,2026-08-26 15:00:00,9433.T,2896,23,66608,OK,Yahoo Finance JP full-market screener (delayed)
2026-08-26,15:05:02,2026-08-26 15:00:00,9697.T,4286,7,30002,OK,Yahoo Finance JP full-market screener (delayed)
2026-08-26,15:05:00,2026-08-26 15:00:00,9983.T,72160,2,144320,OK,Yahoo Finance JP full-market screener (delayed)
2026-08-26,15:30:00,2026-08-26 16:00:00,1801.T,12815,3,38445,OK,Yahoo Finance JP full-market screener (delayed)
2026-08-26,15:30:00,2026-08-26 16:00:00,1812.T,4829,14,67606,OK,Yahoo Finance JP full-market screener (delayed)
2026-08-26,15:30:00,2026-08-26 16:00:00,5333.T,5412,5,27060,OK,Yahoo Finance JP full-market screener (delayed)
2026-08-26,15:30:00,2026-08-26 16:00:00,5803.T,5305,8,42440,OK,Yahoo Finance JP full-market screener (delayed)
2026-08-26,15:30:00,2026-08-26 16:00:00,6146.T,60610,1,60610,OK,Yahoo Finance JP full-market screener (delayed)
2026-08-26,15:30:00,2026-08-26 16:00:00,6383.T,5853,6,35118,OK,Yahoo Finance JP full-market screener (delayed)
2026-08-26,15:30:00,2026-08-26 16:00:00,6501.T,5307,15,79605,OK,Yahoo Finance JP full-market screener (delayed)
2026-08-26,15:30:00,2026-08-26 16:00:00,6503.T,5619,14,78666,OK,Yahoo Finance JP full-market screener (delayed)
2026-08-26,15:30:00,2026-08-26 16:00:00,6504.T,13965,6,83790,OK,Yahoo Finance JP full-market screener (delayed)
2026-08-26,15:30:00,2026-08-26 16:00:00,6762.T,3031,23,69713,OK,Yahoo Finance JP full-market screener (delayed)
2026-08-26,15:30:00,2026-08-26 16:00:00,6861.T,81500,2,163000,OK,Yahoo Finance JP full-market screener (delayed)
2026-08-26,15:30:00,2026-08-26 16:00:00,7012.T,2575,25,64375,OK,Yahoo Finance JP full-market screener (delayed)
2026-08-26,15:30:00,2026-08-26 16:00:00,7203.T,3070,23,70610,OK,Yahoo Finance JP full-market screener (delayed)
2026-08-26,15:30:00,2026-08-26 16:00:00,7269.T,2153,20,43060,OK,Yahoo Finance JP full-market screener (delayed)
2026-08-26,15:30:00,2026-08-26 16:00:00,7532.T,824.2,70,57694,OK,Yahoo Finance JP full-market screener (delayed)
2026-08-26,15:30:00,2026-08-26 16:00:00,7832.T,5658,16,90528,OK,Yahoo Finance JP full-market screener (delayed)
2026-08-26,15:30:00,2026-08-26 16:00:00,8035.T,55500,1,55500,OK,Yahoo Finance JP full-market screener (delayed)
2026-08-26,15:30:00,2026-08-26 16:00:00,8306.T,3579,18,64422,OK,Yahoo Finance JP full-market screener (delayed)
2026-08-26,15:30:00,2026-08-26 16:00:00,8316.T,6732,13,87516,OK,Yahoo Finance JP full-market screener (delayed)
2026-08-26,15:30:00,2026-08-26 16:00:00,8411.T,8314,10,83140,OK,Yahoo Finance JP full-market screener (delayed)
2026-08-26,15:30:00,2026-08-26 16:00:00,8591.T,6325,13,82225,OK,Yahoo Finance JP full-market screener (delayed)
2026-08-26,15:30:00,2026-08-26 16:00:00,8630.T,6873,12,82476,OK,Yahoo Finance JP full-market screener (delayed)
2026-08-26,15:30:00,2026-08-26 16:00:00,8750.T,1824.5,10,18245,OK,Yahoo Finance JP full-market screener (delayed)
2026-08-26,15:30:00,2026-08-26 16:00:00,8766.T,7629,12,91548,OK,Yahoo Finance JP full-market screener (delayed)
2026-08-26,15:30:00,2026-08-26 16:00:00,8795.T,4851,14,67914,OK,Yahoo Finance JP full-market screener (delayed)
2026-08-26,15:30:00,2026-08-26 16:00:00,9432.T,169.6,500,84800,OK,Yahoo Finance JP full-market screener (delayed)
2026-08-26,15:30:00,2026-08-26 16:00:00,9433.T,2897.5,23,66642.5,OK,Yahoo Finance JP full-market screener (delayed)
2026-08-26,15:30:00,2026-08-26 16:00:00,9697.T,4280,7,29960,OK,Yahoo Finance JP full-market screener (delayed)
2026-08-26,15:30:00,2026-08-26 16:00:00,9983.T,72120,2,144240,OK,Yahoo Finance JP full-market screener (delayed)
2026-08-26,15:30:00,2026-08-26 17:00:00,1801.T,12815,3,38445,OK,Yahoo Finance JP full-market screener (delayed)
2026-08-26,15:30:00,2026-08-26 17:00:00,1812.T,4829,14,67606,OK,Yahoo Finance JP full-market screener (delayed)
2026-08-26,15:30:00,2026-08-26 17:00:00,5333.T,5412,5,27060,OK,Yahoo Finance JP full-market screener (delayed)
2026-08-26,15:30:00,2026-08-26 17:00:00,5803.T,5305,8,42440,OK,Yahoo Finance JP full-market screener (delayed)
2026-08-26,15:30:00,2026-08-26 17:00:00,6146.T,60610,1,60610,OK,Yahoo Finance JP full-market screener (delayed)
2026-08-26,15:30:00,2026-08-26 17:00:00,6383.T,5853,6,35118,OK,Yahoo Finance JP full-market screener (delayed)
2026-08-26,15:30:00,2026-08-26 17:00:00,6501.T,5307,15,79605,OK,Yahoo Finance JP full-market screener (delayed)
2026-08-26,15:30:00,2026-08-26 17:00:00,6503.T,5619,14,78666,OK,Yahoo Finance JP full-market screener (delayed)
2026-08-26,15:30:00,2026-08-26 17:00:00,6504.T,13965,6,83790,OK,Yahoo Finance JP full-market screener (delayed)
2026-08-26,15:30:00,2026-08-26 17:00:00,6762.T,3031,23,69713,OK,Yahoo Finance JP full-market screener (delayed)
2026-08-26,15:30:00,2026-08-26 17:00:00,6861.T,81500,2,163000,OK,Yahoo Finance JP full-market screener (delayed)
2026-08-26,15:30:00,2026-08-26 17:00:00,7012.T,2575,25,64375,OK,Yahoo Finance JP full-market screener (delayed)
2026-08-26,15:30:00,2026-08-26 17:00:00,7203.T,3070,23,70610,OK,Yahoo Finance JP full-market screener (delayed)
2026-08-26,15:30:00,2026-08-26 17:00:00,7269.T,2153,20,43060,OK,Yahoo Finance JP full-market screener (delayed)
2026-08-26,15:30:00,2026-08-26 17:00:00,7532.T,824.2,70,57694,OK,Yahoo Finance JP full-market screener (delayed)
2026-08-26,15:30:00,2026-08-26 17:00:00,7832.T,5658,16,90528,OK,Yahoo Finance JP full-market screener (delayed)
2026-08-26,15:30:00,2026-08-26 17:00:00,8035.T,55500,1,55500,OK,Yahoo Finance JP full-market screener (delayed)
2026-08-26,15:30:00,2026-08-26 17:00:00,8306.T,3579,18,64422,OK,Yahoo Finance JP full-market screener (delayed)
2026-08-26,15:30:00,2026-08-26 17:00:00,8316.T,6732,13,87516,OK,Yahoo Finance JP full-market screener (delayed)
2026-08-26,15:30:00,2026-08-26 17:00:00,8411.T,8314,10,83140,OK,Yahoo Finance JP full-market screener (delayed)
2026-08-26,15:30:00,2026-08-26 17:00:00,8591.T,6325,13,82225,OK,Yahoo Finance JP full-market screener (delayed)
2026-08-26,15:30:00,2026-08-26 17:00:00,8630.T,6873,12,82476,OK,Yahoo Finance JP full-market screener (delayed)
2026-08-26,15:30:00,2026-08-26 17:00:00,8750.T,1824.5,10,18245,OK,Yahoo Finance JP full-market screener (delayed)
2026-08-26,15:30:00,2026-08-26 17:00:00,8766.T,7629,12,91548,OK,Yahoo Finance JP full-market screener (delayed)
2026-08-26,15:30:00,2026-08-26 17:00:00,8795.T,4851,14,67914,OK,Yahoo Finance JP full-market screener (delayed)
2026-08-26,15:30:00,2026-08-26 17:00:00,9432.T,169.6,500,84800,OK,Yahoo Finance JP full-market screener (delayed)
2026-08-26,15:30:00,2026-08-26 17:00:00,9433.T,2897.5,23,66642.5,OK,Yahoo Finance JP full-market screener (delayed)
2026-08-26,15:30:00,2026-08-26 17:00:00,9697.T,4280,7,29960,OK,Yahoo Finance JP full-market screener (delayed)
2026-08-26,15:30:00,2026-08-26 17:00:00,9983.T,72120,2,144240,OK,Yahoo Finance JP full-market screener (delayed)
2026-08-27,09:43:59,2026-08-27 09:00:00,1801.T,12900,3,38700,OK,Yahoo Finance JP full-market screener (delayed)
2026-08-27,09:44:26,2026-08-27 09:00:00,1812.T,4840,14,67760,OK,Yahoo Finance JP full-market screener (delayed)
2026-08-27,09:44:30,2026-08-27 09:00:00,5333.T,5403,5,27015,OK,Yahoo Finance JP full-market screener (delayed)
2026-08-27,09:44:31,2026-08-27 09:00:00,5803.T,5380,8,43040,OK,Yahoo Finance JP full-market screener (delayed)
2026-08-27,09:44:30,2026-08-27 09:00:00,6146.T,59630,1,59630,OK,Yahoo Finance JP full-market screener (delayed)
2026-08-27,09:44:26,2026-08-27 09:00:00,6383.T,5823,6,34938,OK,Yahoo Finance JP full-market screener (delayed)
2026-08-27,09:44:31,2026-08-27 09:00:00,6501.T,5412,15,81180,OK,Yahoo Finance JP full-market screener (delayed)
2026-08-27,09:44:30,2026-08-27 09:00:00,6503.T,5619,14,78666,OK,Yahoo Finance JP full-market screener (delayed)
2026-08-27,09:44:30,2026-08-27 09:00:00,6504.T,14090,6,84540,OK,Yahoo Finance JP full-market screener (delayed)
2026-08-27,09:44:30,2026-08-27 09:00:00,6762.T,3041,23,69943,OK,Yahoo Finance JP full-market screener (delayed)
2026-08-27,09:44:04,2026-08-27 09:00:00,6861.T,81890,2,163780,OK,Yahoo Finance JP full-market screener (delayed)
2026-08-27,09:44:30,2026-08-27 09:00:00,7012.T,2606.5,25,65162.5,OK,Yahoo Finance JP full-market screener (delayed)
2026-08-27,09:44:27,2026-08-27 09:00:00,7203.T,3093,23,71139,OK,Yahoo Finance JP full-market screener (delayed)
2026-08-27,09:44:31,2026-08-27 09:00:00,7269.T,2156.5,20,43130,OK,Yahoo Finance JP full-market screener (delayed)
2026-08-27,09:44:31,2026-08-27 09:00:00,7532.T,820,70,57400,OK,Yahoo Finance JP full-market screener (delayed)
2026-08-27,09:44:31,2026-08-27 09:00:00,7832.T,5639,16,90224,OK,Yahoo Finance JP full-market screener (delayed)
2026-08-27,09:44:31,2026-08-27 09:00:00,8035.T,55390,1,55390,OK,Yahoo Finance JP full-market screener (delayed)
2026-08-27,09:44:29,2026-08-27 09:00:00,8306.T,3597,18,64746,OK,Yahoo Finance JP full-market screener (delayed)
2026-08-27,09:44:30,2026-08-27 09:00:00,8316.T,6793,13,88309,OK,Yahoo Finance JP full-market screener (delayed)
2026-08-27,09:44:30,2026-08-27 09:00:00,8411.T,8332,10,83320,OK,Yahoo Finance JP full-market screener (delayed)
2026-08-27,09:44:29,2026-08-27 09:00:00,8591.T,6347,13,82511,OK,Yahoo Finance JP full-market screener (delayed)
2026-08-27,09:44:24,2026-08-27 09:00:00,8630.T,6877,12,82524,OK,Yahoo Finance JP full-market screener (delayed)
2026-08-27,09:44:31,2026-08-27 09:00:00,8750.T,1832.5,10,18325,OK,Yahoo Finance JP full-market screener (delayed)
2026-08-27,09:44:30,2026-08-27 09:00:00,8766.T,7660,12,91920,OK,Yahoo Finance JP full-market screener (delayed)
2026-08-27,09:44:28,2026-08-27 09:00:00,8795.T,4870,14,68180,OK,Yahoo Finance JP full-market screener (delayed)
2026-08-27,09:44:22,2026-08-27 09:00:00,9432.T,168.9,500,84450,OK,Yahoo Finance JP full-market screener (delayed)
2026-08-27,09:44:30,2026-08-27 09:00:00,9433.T,2893,23,66539,OK,Yahoo Finance JP full-market screener (delayed)
2026-08-27,09:44:30,2026-08-27 09:00:00,9697.T,4280,7,29960,OK,Yahoo Finance JP full-market screener (delayed)
2026-08-27,09:44:28,2026-08-27 09:00:00,9983.T,72060,2,144120,OK,Yahoo Finance JP full-market screener (delayed)
2026-08-27,10:04:59,2026-08-27 10:00:00,1801.T,12900,3,38700,OK,Yahoo Finance JP full-market screener (delayed)
2026-08-27,10:05:01,2026-08-27 10:00:00,1812.T,4837,14,67718,OK,Yahoo Finance JP full-market screener (delayed)
2026-08-27,10:04:59,2026-08-27 10:00:00,5333.T,5398,5,26990,OK,Yahoo Finance JP full-market screener (delayed)
2026-08-27,10:05:04,2026-08-27 10:00:00,5803.T,5382,8,43056,OK,Yahoo Finance JP full-market screener (delayed)
2026-08-27,10:05:00,2026-08-27 10:00:00,6146.T,59530,1,59530,OK,Yahoo Finance JP full-market screener (delayed)
2026-08-27,10:04:52,2026-08-27 10:00:00,6383.T,5794,6,34764,OK,Yahoo Finance JP full-market screener (delayed)
2026-08-27,10:05:03,2026-08-27 10:00:00,6501.T,5417,15,81255,OK,Yahoo Finance JP full-market screener (delayed)
2026-08-27,10:04:48,2026-08-27 10:00:00,6503.T,5604,14,78456,OK,Yahoo Finance JP full-market screener (delayed)
2026-08-27,10:04:28,2026-08-27 10:00:00,6504.T,14060,6,84360,OK,Yahoo Finance JP full-market screener (delayed)
2026-08-27,10:05:03,2026-08-27 10:00:00,6762.T,3043,23,69989,OK,Yahoo Finance JP full-market screener (delayed)
2026-08-27,10:04:43,2026-08-27 10:00:00,6861.T,81680,2,163360,OK,Yahoo Finance JP full-market screener (delayed)
2026-08-27,10:05:03,2026-08-27 10:00:00,7012.T,2604,25,65100,OK,Yahoo Finance JP full-market screener (delayed)
2026-08-27,10:04:59,2026-08-27 10:00:00,7203.T,3082,23,70886,OK,Yahoo Finance JP full-market screener (delayed)
2026-08-27,10:04:59,2026-08-27 10:00:00,7269.T,2148.5,20,42970,OK,Yahoo Finance JP full-market screener (delayed)
2026-08-27,10:05:03,2026-08-27 10:00:00,7532.T,816.2,70,57134,OK,Yahoo Finance JP full-market screener (delayed)
2026-08-27,10:05:00,2026-08-27 10:00:00,7832.T,5607,16,89712,OK,Yahoo Finance JP full-market screener (delayed)
2026-08-27,10:05:03,2026-08-27 10:00:00,8035.T,55260,1,55260,OK,Yahoo Finance JP full-market screener (delayed)
2026-08-27,10:05:02,2026-08-27 10:00:00,8306.T,3602,18,64836,OK,Yahoo Finance JP full-market screener (delayed)
2026-08-27,10:05:01,2026-08-27 10:00:00,8316.T,6813,13,88569,OK,Yahoo Finance JP full-market screener (delayed)
2026-08-27,10:05:01,2026-08-27 10:00:00,8411.T,8348,10,83480,OK,Yahoo Finance JP full-market screener (delayed)
2026-08-27,10:04:59,2026-08-27 10:00:00,8591.T,6333,13,82329,OK,Yahoo Finance JP full-market screener (delayed)
2026-08-27,10:05:03,2026-08-27 10:00:00,8630.T,6860,12,82320,OK,Yahoo Finance JP full-market screener (delayed)
2026-08-27,10:05:02,2026-08-27 10:00:00,8750.T,1828.5,10,18285,OK,Yahoo Finance JP full-market screener (delayed)
2026-08-27,10:05:02,2026-08-27 10:00:00,8766.T,7642,12,91704,OK,Yahoo Finance JP full-market screener (delayed)
2026-08-27,10:05:02,2026-08-27 10:00:00,8795.T,4857,14,67998,OK,Yahoo Finance JP full-market screener (delayed)
2026-08-27,10:05:00,2026-08-27 10:00:00,9432.T,168.6,500,84300,OK,Yahoo Finance JP full-market screener (delayed)
2026-08-27,10:04:57,2026-08-27 10:00:00,9433.T,2883,23,66309,OK,Yahoo Finance JP full-market screener (delayed)
2026-08-27,10:05:01,2026-08-27 10:00:00,9697.T,4235,7,29645,OK,Yahoo Finance JP full-market screener (delayed)
2026-08-27,10:05:04,2026-08-27 10:00:00,9983.T,71660,2,143320,OK,Yahoo Finance JP full-market screener (delayed)
2026-08-27,11:30:00,2026-08-27 11:00:00,1801.T,12745,3,38235,OK,Yahoo Finance JP full-market screener (delayed)
2026-08-27,11:30:00,2026-08-27 11:00:00,1812.T,4812,14,67368,OK,Yahoo Finance JP full-market screener (delayed)
2026-08-27,11:30:00,2026-08-27 11:00:00,5333.T,5458,5,27290,OK,Yahoo Finance JP full-market screener (delayed)
2026-08-27,11:30:00,2026-08-27 11:00:00,5803.T,5460,8,43680,OK,Yahoo Finance JP full-market screener (delayed)
2026-08-27,11:30:00,2026-08-27 11:00:00,6146.T,59940,1,59940,OK,Yahoo Finance JP full-market screener (delayed)
2026-08-27,11:30:00,2026-08-27 11:00:00,6383.T,5797,6,34782,OK,Yahoo Finance JP full-market screener (delayed)
2026-08-27,11:30:00,2026-08-27 11:00:00,6501.T,5435,15,81525,OK,Yahoo Finance JP full-market screener (delayed)
2026-08-27,11:30:00,2026-08-27 11:00:00,6503.T,5600,14,78400,OK,Yahoo Finance JP full-market screener (delayed)
2026-08-27,11:30:00,2026-08-27 11:00:00,6504.T,14230,6,85380,OK,Yahoo Finance JP full-market screener (delayed)
2026-08-27,11:30:00,2026-08-27 11:00:00,6762.T,3079,23,70817,OK,Yahoo Finance JP full-market screener (delayed)
2026-08-27,11:30:00,2026-08-27 11:00:00,6861.T,81940,2,163880,OK,Yahoo Finance JP full-market screener (delayed)
2026-08-27,11:30:00,2026-08-27 11:00:00,7012.T,2609,25,65225,OK,Yahoo Finance JP full-market screener (delayed)
2026-08-27,11:30:00,2026-08-27 11:00:00,7203.T,3069,23,70587,OK,Yahoo Finance JP full-market screener (delayed)
2026-08-27,11:30:00,2026-08-27 11:00:00,7269.T,2145,20,42900,OK,Yahoo Finance JP full-market screener (delayed)
2026-08-27,11:30:00,2026-08-27 11:00:00,7532.T,813.7,70,56959,OK,Yahoo Finance JP full-market screener (delayed)
2026-08-27,11:30:00,2026-08-27 11:00:00,7832.T,5602,16,89632,OK,Yahoo Finance JP full-market screener (delayed)
2026-08-27,11:30:00,2026-08-27 11:00:00,8035.T,55720,1,55720,OK,Yahoo Finance JP full-market screener (delayed)
2026-08-27,11:30:00,2026-08-27 11:00:00,8306.T,3593,18,64674,OK,Yahoo Finance JP full-market screener (delayed)
2026-08-27,11:30:00,2026-08-27 11:00:00,8316.T,6776,13,88088,OK,Yahoo Finance JP full-market screener (delayed)
2026-08-27,11:30:00,2026-08-27 11:00:00,8411.T,8326,10,83260,OK,Yahoo Finance JP full-market screener (delayed)
2026-08-27,11:30:00,2026-08-27 11:00:00,8591.T,6329,13,82277,OK,Yahoo Finance JP full-market screener (delayed)
2026-08-27,11:30:00,2026-08-27 11:00:00,8630.T,6823,12,81876,OK,Yahoo Finance JP full-market screener (delayed)
2026-08-27,11:30:00,2026-08-27 11:00:00,8750.T,1817,10,18170,OK,Yahoo Finance JP full-market screener (delayed)
2026-08-27,11:30:00,2026-08-27 11:00:00,8766.T,7617,12,91404,OK,Yahoo Finance JP full-market screener (delayed)
2026-08-27,11:30:00,2026-08-27 11:00:00,8795.T,4830,14,67620,OK,Yahoo Finance JP full-market screener (delayed)
2026-08-27,11:30:00,2026-08-27 11:00:00,9432.T,167.6,500,83800,OK,Yahoo Finance JP full-market screener (delayed)
2026-08-27,11:30:00,2026-08-27 11:00:00,9433.T,2874,23,66102,OK,Yahoo Finance JP full-market screener (delayed)
2026-08-27,11:30:00,2026-08-27 11:00:00,9697.T,4213,7,29491,OK,Yahoo Finance JP full-market screener (delayed)
2026-08-27,11:30:00,2026-08-27 11:00:00,9983.T,71730,2,143460,OK,Yahoo Finance JP full-market screener (delayed)
2026-08-27,11:30:00,2026-08-27 12:00:00,1801.T,12745,3,38235,OK,Yahoo Finance JP full-market screener (delayed)
2026-08-27,11:30:00,2026-08-27 12:00:00,1812.T,4812,14,67368,OK,Yahoo Finance JP full-market screener (delayed)
2026-08-27,11:30:00,2026-08-27 12:00:00,5333.T,5458,5,27290,OK,Yahoo Finance JP full-market screener (delayed)
2026-08-27,11:30:00,2026-08-27 12:00:00,5803.T,5460,8,43680,OK,Yahoo Finance JP full-market screener (delayed)
2026-08-27,11:30:00,2026-08-27 12:00:00,6146.T,59940,1,59940,OK,Yahoo Finance JP full-market screener (delayed)
2026-08-27,11:30:00,2026-08-27 12:00:00,6383.T,5797,6,34782,OK,Yahoo Finance JP full-market screener (delayed)
2026-08-27,11:30:00,2026-08-27 12:00:00,6501.T,5435,15,81525,OK,Yahoo Finance JP full-market screener (delayed)
2026-08-27,11:30:00,2026-08-27 12:00:00,6503.T,5600,14,78400,OK,Yahoo Finance JP full-market screener (delayed)
2026-08-27,11:30:00,2026-08-27 12:00:00,6504.T,14230,6,85380,OK,Yahoo Finance JP full-market screener (delayed)
2026-08-27,11:30:00,2026-08-27 12:00:00,6762.T,3079,23,70817,OK,Yahoo Finance JP full-market screener (delayed)
2026-08-27,11:30:00,2026-08-27 12:00:00,6861.T,81940,2,163880,OK,Yahoo Finance JP full-market screener (delayed)
2026-08-27,11:30:00,2026-08-27 12:00:00,7012.T,2609,25,65225,OK,Yahoo Finance JP full-market screener (delayed)
2026-08-27,11:30:00,2026-08-27 12:00:00,7203.T,3069,23,70587,OK,Yahoo Finance JP full-market screener (delayed)
2026-08-27,11:30:00,2026-08-27 12:00:00,7269.T,2145,20,42900,OK,Yahoo Finance JP full-market screener (delayed)
2026-08-27,11:30:00,2026-08-27 12:00:00,7532.T,813.7,70,56959,OK,Yahoo Finance JP full-market screener (delayed)
2026-08-27,11:30:00,2026-08-27 12:00:00,7832.T,5602,16,89632,OK,Yahoo Finance JP full-market screener (delayed)
2026-08-27,11:30:00,2026-08-27 12:00:00,8035.T,55720,1,55720,OK,Yahoo Finance JP full-market screener (delayed)
2026-08-27,11:30:00,2026-08-27 12:00:00,8306.T,3593,18,64674,OK,Yahoo Finance JP full-market screener (delayed)
2026-08-27,11:30:00,2026-08-27 12:00:00,8316.T,6776,13,88088,OK,Yahoo Finance JP full-market screener (delayed)
2026-08-27,11:30:00,2026-08-27 12:00:00,8411.T,8326,10,83260,OK,Yahoo Finance JP full-market screener (delayed)
2026-08-27,11:30:00,2026-08-27 12:00:00,8591.T,6329,13,82277,OK,Yahoo Finance JP full-market screener (delayed)
2026-08-27,11:30:00,2026-08-27 12:00:00,8630.T,6823,12,81876,OK,Yahoo Finance JP full-market screener (delayed)
2026-08-27,11:30:00,2026-08-27 12:00:00,8750.T,1817,10,18170,OK,Yahoo Finance JP full-market screener (delayed)
2026-08-27,11:30:00,2026-08-27 12:00:00,8766.T,7617,12,91404,OK,Yahoo Finance JP full-market screener (delayed)
2026-08-27,11:30:00,2026-08-27 12:00:00,8795.T,4830,14,67620,OK,Yahoo Finance JP full-market screener (delayed)
2026-08-27,11:30:00,2026-08-27 12:00:00,9432.T,167.6,500,83800,OK,Yahoo Finance JP full-market screener (delayed)
2026-08-27,11:30:00,2026-08-27 12:00:00,9433.T,2874,23,66102,OK,Yahoo Finance JP full-market screener (delayed)
2026-08-27,11:30:00,2026-08-27 12:00:00,9697.T,4213,7,29491,OK,Yahoo Finance JP full-market screener (delayed)
2026-08-27,11:30:00,2026-08-27 12:00:00,9983.T,71730,2,143460,OK,Yahoo Finance JP full-market screener (delayed)
2026-08-27,13:05:02,2026-08-27 13:00:00,1801.T,12795,3,38385,OK,Yahoo Finance JP full-market screener (delayed)
2026-08-27,13:04:59,2026-08-27 13:00:00,1812.T,4830,14,67620,OK,Yahoo Finance JP full-market screener (delayed)
2026-08-27,13:04:42,2026-08-27 13:00:00,5333.T,5447,5,27235,OK,Yahoo Finance JP full-market screener (delayed)
2026-08-27,13:05:04,2026-08-27 13:00:00,5803.T,5488,8,43904,OK,Yahoo Finance JP full-market screener (delayed)
2026-08-27,13:05:00,2026-08-27 13:00:00,6146.T,60400,1,60400,OK,Yahoo Finance JP full-market screener (delayed)
2026-08-27,13:04:54,2026-08-27 13:00:00,6383.T,5815,6,34890,OK,Yahoo Finance JP full-market screener (delayed)
2026-08-27,13:04:57,2026-08-27 13:00:00,6501.T,5451,15,81765,OK,Yahoo Finance JP full-market screener (delayed)
2026-08-27,13:04:54,2026-08-27 13:00:00,6503.T,5625,14,78750,OK,Yahoo Finance JP full-market screener (delayed)
2026-08-27,13:04:49,2026-08-27 13:00:00,6504.T,14310,6,85860,OK,Yahoo Finance JP full-market screener (delayed)
2026-08-27,13:04:59,2026-08-27 13:00:00,6762.T,3083,23,70909,OK,Yahoo Finance JP full-market screener (delayed)
2026-08-27,13:04:24,2026-08-27 13:00:00,6861.T,82170,2,164340,OK,Yahoo Finance JP full-market screener (delayed)
2026-08-27,13:04:56,2026-08-27 13:00:00,7012.T,2636,25,65900,OK,Yahoo Finance JP full-market screener (delayed)
2026-08-27,13:04:46,2026-08-27 13:00:00,7203.T,3075,23,70725,OK,Yahoo Finance JP full-market screener (delayed)
2026-08-27,13:05:00,2026-08-27 13:00:00,7269.T,2133.5,20,42670,OK,Yahoo Finance JP full-market screener (delayed)
2026-08-27,13:05:03,2026-08-27 13:00:00,7532.T,811.9,70,56833,OK,Yahoo Finance JP full-market screener (delayed)
2026-08-27,13:04:57,2026-08-27 13:00:00,7832.T,5599,16,89584,OK,Yahoo Finance JP full-market screener (delayed)
2026-08-27,13:04:59,2026-08-27 13:00:00,8035.T,56290,1,56290,OK,Yahoo Finance JP full-market screener (delayed)
2026-08-27,13:05:02,2026-08-27 13:00:00,8306.T,3591,18,64638,OK,Yahoo Finance JP full-market screener (delayed)
2026-08-27,13:05:00,2026-08-27 13:00:00,8316.T,6780,13,88140,OK,Yahoo Finance JP full-market screener (delayed)
2026-08-27,13:05:02,2026-08-27 13:00:00,8411.T,8335,10,83350,OK,Yahoo Finance JP full-market screener (delayed)
2026-08-27,13:05:00,2026-08-27 13:00:00,8591.T,6361,13,82693,OK,Yahoo Finance JP full-market screener (delayed)
2026-08-27,13:04:51,2026-08-27 13:00:00,8630.T,6816,12,81792,OK,Yahoo Finance JP full-market screener (delayed)
2026-08-27,13:04:57,2026-08-27 13:00:00,8750.T,1819,10,18190,OK,Yahoo Finance JP full-market screener (delayed)
2026-08-27,13:05:04,2026-08-27 13:00:00,8766.T,7615,12,91380,OK,Yahoo Finance JP full-market screener (delayed)
2026-08-27,13:05:00,2026-08-27 13:00:00,8795.T,4836,14,67704,OK,Yahoo Finance JP full-market screener (delayed)
2026-08-27,13:05:02,2026-08-27 13:00:00,9432.T,167.6,500,83800,OK,Yahoo Finance JP full-market screener (delayed)
2026-08-27,13:05:03,2026-08-27 13:00:00,9433.T,2881.5,23,66274.5,OK,Yahoo Finance JP full-market screener (delayed)
2026-08-27,13:04:45,2026-08-27 13:00:00,9697.T,4205,7,29435,OK,Yahoo Finance JP full-market screener (delayed)
2026-08-27,13:05:00,2026-08-27 13:00:00,9983.T,71900,2,143800,OK,Yahoo Finance JP full-market screener (delayed)
2026-08-27,14:04:44,2026-08-27 14:00:00,1801.T,12805,3,38415,OK,Yahoo Finance JP full-market screener (delayed)
2026-08-27,14:04:51,2026-08-27 14:00:00,1812.T,4827,14,67578,OK,Yahoo Finance JP full-market screener (delayed)
2026-08-27,14:05:00,2026-08-27 14:00:00,5333.T,5432,5,27160,OK,Yahoo Finance JP full-market screener (delayed)
2026-08-27,14:05:02,2026-08-27 14:00:00,5803.T,5480,8,43840,OK,Yahoo Finance JP full-market screener (delayed)
2026-08-27,14:04:59,2026-08-27 14:00:00,6146.T,60040,1,60040,OK,Yahoo Finance JP full-market screener (delayed)
2026-08-27,14:05:01,2026-08-27 14:00:00,6383.T,5794,6,34764,OK,Yahoo Finance JP full-market screener (delayed)
2026-08-27,14:04:54,2026-08-27 14:00:00,6501.T,5449,15,81735,OK,Yahoo Finance JP full-market screener (delayed)
2026-08-27,14:05:01,2026-08-27 14:00:00,6503.T,5623,14,78722,OK,Yahoo Finance JP full-market screener (delayed)
2026-08-27,14:04:59,2026-08-27 14:00:00,6504.T,14305,6,85830,OK,Yahoo Finance JP full-market screener (delayed)
2026-08-27,14:05:02,2026-08-27 14:00:00,6762.T,3081,23,70863,OK,Yahoo Finance JP full-market screener (delayed)
2026-08-27,14:03:49,2026-08-27 14:00:00,6861.T,81970,2,163940,OK,Yahoo Finance JP full-market screener (delayed)
2026-08-27,14:05:02,2026-08-27 14:00:00,7012.T,2634,25,65850,OK,Yahoo Finance JP full-market screener (delayed)
2026-08-27,14:03:20,2026-08-27 14:00:00,7203.T,3082,23,70886,OK,Yahoo Finance JP full-market screener (delayed)
2026-08-27,14:04:48,2026-08-27 14:00:00,7269.T,2130.5,20,42610,OK,Yahoo Finance JP full-market screener (delayed)
2026-08-27,14:04:55,2026-08-27 14:00:00,7532.T,811.3,70,56791,OK,Yahoo Finance JP full-market screener (delayed)
2026-08-27,14:04:48,2026-08-27 14:00:00,7832.T,5591,16,89456,OK,Yahoo Finance JP full-market screener (delayed)
2026-08-27,14:05:01,2026-08-27 14:00:00,8035.T,55970,1,55970,OK,Yahoo Finance JP full-market screener (delayed)
2026-08-27,14:05:00,2026-08-27 14:00:00,8306.T,3597,18,64746,OK,Yahoo Finance JP full-market screener (delayed)
2026-08-27,14:05:00,2026-08-27 14:00:00,8316.T,6763,13,87919,OK,Yahoo Finance JP full-market screener (delayed)
2026-08-27,14:05:01,2026-08-27 14:00:00,8411.T,8322,10,83220,OK,Yahoo Finance JP full-market screener (delayed)
2026-08-27,14:03:21,2026-08-27 14:00:00,8591.T,6344,13,82472,OK,Yahoo Finance JP full-market screener (delayed)
2026-08-27,14:04:49,2026-08-27 14:00:00,8630.T,6805,12,81660,OK,Yahoo Finance JP full-market screener (delayed)
2026-08-27,14:04:57,2026-08-27 14:00:00,8750.T,1816.5,10,18165,OK,Yahoo Finance JP full-market screener (delayed)
2026-08-27,14:04:55,2026-08-27 14:00:00,8766.T,7614,12,91368,OK,Yahoo Finance JP full-market screener (delayed)
2026-08-27,14:04:48,2026-08-27 14:00:00,8795.T,4843,14,67802,OK,Yahoo Finance JP full-market screener (delayed)
2026-08-27,14:05:01,2026-08-27 14:00:00,9432.T,167.9,500,83950,OK,Yahoo Finance JP full-market screener (delayed)
2026-08-27,14:05:03,2026-08-27 14:00:00,9433.T,2880,23,66240,OK,Yahoo Finance JP full-market screener (delayed)
2026-08-27,14:04:48,2026-08-27 14:00:00,9697.T,4176,7,29232,OK,Yahoo Finance JP full-market screener (delayed)
2026-08-27,14:04:46,2026-08-27 14:00:00,9983.T,71940,2,143880,OK,Yahoo Finance JP full-market screener (delayed)
2026-08-27,15:04:32,2026-08-27 15:00:00,1801.T,12805,3,38415,OK,Yahoo Finance JP full-market screener (delayed)
2026-08-27,15:04:46,2026-08-27 15:00:00,1812.T,4817,14,67438,OK,Yahoo Finance JP full-market screener (delayed)
2026-08-27,15:04:39,2026-08-27 15:00:00,5333.T,5397,5,26985,OK,Yahoo Finance JP full-market screener (delayed)
2026-08-27,15:05:02,2026-08-27 15:00:00,5803.T,5470,8,43760,OK,Yahoo Finance JP full-market screener (delayed)
2026-08-27,15:05:02,2026-08-27 15:00:00,6146.T,59780,1,59780,OK,Yahoo Finance JP full-market screener (delayed)
2026-08-27,15:04:59,2026-08-27 15:00:00,6383.T,5771,6,34626,OK,Yahoo Finance JP full-market screener (delayed)
2026-08-27,15:05:04,2026-08-27 15:00:00,6501.T,5447,15,81705,OK,Yahoo Finance JP full-market screener (delayed)
2026-08-27,15:04:59,2026-08-27 15:00:00,6503.T,5576,14,78064,OK,Yahoo Finance JP full-market screener (delayed)
2026-08-27,15:04:45,2026-08-27 15:00:00,6504.T,14185,6,85110,OK,Yahoo Finance JP full-market screener (delayed)
2026-08-27,15:05:00,2026-08-27 15:00:00,6762.T,3071,23,70633,OK,Yahoo Finance JP full-market screener (delayed)
2026-08-27,15:04:53,2026-08-27 15:00:00,6861.T,81800,2,163600,OK,Yahoo Finance JP full-market screener (delayed)
2026-08-27,15:05:01,2026-08-27 15:00:00,7012.T,2624.5,25,65612.5,OK,Yahoo Finance JP full-market screener (delayed)
2026-08-27,14:58:52,2026-08-27 15:00:00,7203.T,3080,23,70840,OK,Yahoo Finance JP full-market screener (delayed)
2026-08-27,15:05:01,2026-08-27 15:00:00,7269.T,2133,20,42660,OK,Yahoo Finance JP full-market screener (delayed)
2026-08-27,15:05:01,2026-08-27 15:00:00,7532.T,811.6,70,56812,OK,Yahoo Finance JP full-market screener (delayed)
2026-08-27,15:05:00,2026-08-27 15:00:00,7832.T,5588,16,89408,OK,Yahoo Finance JP full-market screener (delayed)
2026-08-27,15:05:00,2026-08-27 15:00:00,8035.T,55790,1,55790,OK,Yahoo Finance JP full-market screener (delayed)
2026-08-27,15:05:02,2026-08-27 15:00:00,8306.T,3597,18,64746,OK,Yahoo Finance JP full-market screener (delayed)
2026-08-27,15:04:51,2026-08-27 15:00:00,8316.T,6769,13,87997,OK,Yahoo Finance JP full-market screener (delayed)
2026-08-27,15:04:51,2026-08-27 15:00:00,8411.T,8318,10,83180,OK,Yahoo Finance JP full-market screener (delayed)
2026-08-27,14:58:55,2026-08-27 15:00:00,8591.T,6354,13,82602,OK,Yahoo Finance JP full-market screener (delayed)
2026-08-27,15:03:40,2026-08-27 15:00:00,8630.T,6821,12,81852,OK,Yahoo Finance JP full-market screener (delayed)
2026-08-27,15:04:54,2026-08-27 15:00:00,8750.T,1814,10,18140,OK,Yahoo Finance JP full-market screener (delayed)
2026-08-27,15:04:55,2026-08-27 15:00:00,8766.T,7638,12,91656,OK,Yahoo Finance JP full-market screener (delayed)
2026-08-27,15:04:48,2026-08-27 15:00:00,8795.T,4849,14,67886,OK,Yahoo Finance JP full-market screener (delayed)
2026-08-27,15:05:01,2026-08-27 15:00:00,9432.T,167.9,500,83950,OK,Yahoo Finance JP full-market screener (delayed)
2026-08-27,15:04:24,2026-08-27 15:00:00,9433.T,2889.5,23,66458.5,OK,Yahoo Finance JP full-market screener (delayed)
2026-08-27,15:05:03,2026-08-27 15:00:00,9697.T,4154,7,29078,OK,Yahoo Finance JP full-market screener (delayed)
2026-08-27,15:04:55,2026-08-27 15:00:00,9983.T,71940,2,143880,OK,Yahoo Finance JP full-market screener (delayed)
2026-08-27,15:30:00,2026-08-27 17:00:00,1801.T,12880,3,38640,OK,Yahoo Finance JP full-market screener (delayed)
2026-08-27,15:30:00,2026-08-27 17:00:00,1812.T,4826,14,67564,OK,Yahoo Finance JP full-market screener (delayed)
2026-08-27,15:30:00,2026-08-27 17:00:00,5333.T,5399,5,26995,OK,Yahoo Finance JP full-market screener (delayed)
2026-08-27,15:30:00,2026-08-27 17:00:00,5803.T,5500,8,44000,OK,Yahoo Finance JP full-market screener (delayed)
2026-08-27,15:30:00,2026-08-27 17:00:00,6146.T,59780,1,59780,OK,Yahoo Finance JP full-market screener (delayed)
2026-08-27,15:30:00,2026-08-27 17:00:00,6383.T,5798,6,34788,OK,Yahoo Finance JP full-market screener (delayed)
2026-08-27,15:30:00,2026-08-27 17:00:00,6501.T,5433,15,81495,OK,Yahoo Finance JP full-market screener (delayed)
2026-08-27,15:30:00,2026-08-27 17:00:00,6503.T,5563,14,77882,OK,Yahoo Finance JP full-market screener (delayed)
2026-08-27,15:30:00,2026-08-27 17:00:00,6504.T,14230,6,85380,OK,Yahoo Finance JP full-market screener (delayed)
2026-08-27,15:30:00,2026-08-27 17:00:00,6762.T,3077,23,70771,OK,Yahoo Finance JP full-market screener (delayed)
2026-08-27,15:30:00,2026-08-27 17:00:00,6861.T,82150,2,164300,OK,Yahoo Finance JP full-market screener (delayed)
2026-08-27,15:30:00,2026-08-27 17:00:00,7012.T,2626.5,25,65662.5,OK,Yahoo Finance JP full-market screener (delayed)
2026-08-27,15:30:00,2026-08-27 17:00:00,7203.T,3077,23,70771,OK,Yahoo Finance JP full-market screener (delayed)
2026-08-27,15:30:00,2026-08-27 17:00:00,7269.T,2134,20,42680,OK,Yahoo Finance JP full-market screener (delayed)
2026-08-27,15:30:00,2026-08-27 17:00:00,7532.T,812.8,70,56896,OK,Yahoo Finance JP full-market screener (delayed)
2026-08-27,15:30:00,2026-08-27 17:00:00,7832.T,5612,16,89792,OK,Yahoo Finance JP full-market screener (delayed)
2026-08-27,15:30:00,2026-08-27 17:00:00,8035.T,56000,1,56000,OK,Yahoo Finance JP full-market screener (delayed)
2026-08-27,15:30:00,2026-08-27 17:00:00,8306.T,3608,18,64944,OK,Yahoo Finance JP full-market screener (delayed)
2026-08-27,15:30:00,2026-08-27 17:00:00,8316.T,6794,13,88322,OK,Yahoo Finance JP full-market screener (delayed)
2026-08-27,15:30:00,2026-08-27 17:00:00,8411.T,8340,10,83400,OK,Yahoo Finance JP full-market screener (delayed)
2026-08-27,15:30:00,2026-08-27 17:00:00,8591.T,6345,13,82485,OK,Yahoo Finance JP full-market screener (delayed)
2026-08-27,15:30:00,2026-08-27 17:00:00,8630.T,6850,12,82200,OK,Yahoo Finance JP full-market screener (delayed)
2026-08-27,15:30:00,2026-08-27 17:00:00,8750.T,1816.5,10,18165,OK,Yahoo Finance JP full-market screener (delayed)
2026-08-27,15:30:00,2026-08-27 17:00:00,8766.T,7629,12,91548,OK,Yahoo Finance JP full-market screener (delayed)
2026-08-27,15:30:00,2026-08-27 17:00:00,8795.T,4848,14,67872,OK,Yahoo Finance JP full-market screener (delayed)
2026-08-27,15:30:00,2026-08-27 17:00:00,9432.T,168.2,500,84100,OK,Yahoo Finance JP full-market screener (delayed)
2026-08-27,15:30:00,2026-08-27 17:00:00,9433.T,2880.5,23,66251.5,OK,Yahoo Finance JP full-market screener (delayed)
2026-08-27,15:30:00,2026-08-27 17:00:00,9697.T,4159,7,29113,OK,Yahoo Finance JP full-market screener (delayed)
2026-08-27,15:30:00,2026-08-27 17:00:00,9983.T,71540,2,143080,OK,Yahoo Finance JP full-market screener (delayed)
2026-08-27,15:30:00,2026-08-28 08:00:00,1801.T,12880,3,38640,OK,Yahoo Finance JP full-market screener (delayed)
2026-08-27,15:30:00,2026-08-28 08:00:00,1812.T,4826,14,67564,OK,Yahoo Finance JP full-market screener (delayed)
2026-08-27,15:30:00,2026-08-28 08:00:00,5333.T,5399,5,26995,OK,Yahoo Finance JP full-market screener (delayed)
2026-08-27,15:30:00,2026-08-28 08:00:00,5803.T,5500,8,44000,OK,Yahoo Finance JP full-market screener (delayed)
2026-08-27,15:30:00,2026-08-28 08:00:00,6146.T,59780,1,59780,OK,Yahoo Finance JP full-market screener (delayed)
2026-08-27,15:30:00,2026-08-28 08:00:00,6383.T,5798,6,34788,OK,Yahoo Finance JP full-market screener (delayed)
2026-08-27,15:30:00,2026-08-28 08:00:00,6501.T,5433,15,81495,OK,Yahoo Finance JP full-market screener (delayed)
2026-08-27,15:30:00,2026-08-28 08:00:00,6503.T,5563,14,77882,OK,Yahoo Finance JP full-market screener (delayed)
2026-08-27,15:30:00,2026-08-28 08:00:00,6504.T,14230,6,85380,OK,Yahoo Finance JP full-market screener (delayed)
2026-08-27,15:30:00,2026-08-28 08:00:00,6762.T,3077,23,70771,OK,Yahoo Finance JP full-market screener (delayed)
2026-08-27,15:30:00,2026-08-28 08:00:00,6861.T,82150,2,164300,OK,Yahoo Finance JP full-market screener (delayed)
2026-08-27,15:30:00,2026-08-28 08:00:00,7012.T,2626.5,25,65662.5,OK,Yahoo Finance JP full-market screener (delayed)
2026-08-27,15:30:00,2026-08-28 08:00:00,7203.T,3077,23,70771,OK,Yahoo Finance JP full-market screener (delayed)
2026-08-27,15:30:00,2026-08-28 08:00:00,7269.T,2134,20,42680,OK,Yahoo Finance JP full-market screener (delayed)
2026-08-27,15:30:00,2026-08-28 08:00:00,7532.T,812.8,70,56896,OK,Yahoo Finance JP full-market screener (delayed)
2026-08-27,15:30:00,2026-08-28 08:00:00,7832.T,5612,16,89792,OK,Yahoo Finance JP full-market screener (delayed)
2026-08-27,15:30:00,2026-08-28 08:00:00,8035.T,56000,1,56000,OK,Yahoo Finance JP full-market screener (delayed)
2026-08-27,15:30:00,2026-08-28 08:00:00,8306.T,3608,18,64944,OK,Yahoo Finance JP full-market screener (delayed)
2026-08-27,15:30:00,2026-08-28 08:00:00,8316.T,6794,13,88322,OK,Yahoo Finance JP full-market screener (delayed)
2026-08-27,15:30:00,2026-08-28 08:00:00,8411.T,8340,10,83400,OK,Yahoo Finance JP full-market screener (delayed)
2026-08-27,15:30:00,2026-08-28 08:00:00,8591.T,6345,13,82485,OK,Yahoo Finance JP full-market screener (delayed)
2026-08-27,15:30:00,2026-08-28 08:00:00,8630.T,6850,12,82200,OK,Yahoo Finance JP full-market screener (delayed)
2026-08-27,15:30:00,2026-08-28 08:00:00,8750.T,1816.5,10,18165,OK,Yahoo Finance JP full-market screener (delayed)
2026-08-27,15:30:00,2026-08-28 08:00:00,8766.T,7629,12,91548,OK,Yahoo Finance JP full-market screener (delayed)
2026-08-27,15:30:00,2026-08-28 08:00:00,8795.T,4848,14,67872,OK,Yahoo Finance JP full-market screener (delayed)
2026-08-27,15:30:00,2026-08-28 08:00:00,9432.T,168.2,500,84100,OK,Yahoo Finance JP full-market screener (delayed)
2026-08-27,15:30:00,2026-08-28 08:00:00,9433.T,2880.5,23,66251.5,OK,Yahoo Finance JP full-market screener (delayed)
2026-08-27,15:30:00,2026-08-28 08:00:00,9697.T,4159,7,29113,OK,Yahoo Finance JP full-market screener (delayed)
2026-08-27,15:30:00,2026-08-28 08:00:00,9983.T,71540,2,143080,OK,Yahoo Finance JP full-market screener (delayed)
2026-08-28,09:30:23,2026-08-28 09:00:00,1801.T,12805,3,38415,OK,Yahoo Finance JP full-market screener (delayed)
2026-08-28,09:30:23,2026-08-28 09:00:00,1812.T,4820,14,67480,OK,Yahoo Finance JP full-market screener (delayed)
2026-08-28,09:30:18,2026-08-28 09:00:00,5333.T,5389,5,26945,OK,Yahoo Finance JP full-market screener (delayed)
2026-08-28,09:30:25,2026-08-28 09:00:00,5803.T,5398,8,43184,OK,Yahoo Finance JP full-market screener (delayed)
2026-08-28,09:30:13,2026-08-28 09:00:00,6146.T,60490,1,60490,OK,Yahoo Finance JP full-market screener (delayed)
2026-08-28,09:30:23,2026-08-28 09:00:00,6383.T,5787,6,34722,OK,Yahoo Finance JP full-market screener (delayed)
2026-08-28,09:30:24,2026-08-28 09:00:00,6501.T,5640,15,84600,OK,Yahoo Finance JP full-market screener (delayed)
2026-08-28,09:30:24,2026-08-28 09:00:00,6503.T,5648,14,79072,OK,Yahoo Finance JP full-market screener (delayed)
2026-08-28,09:30:17,2026-08-28 09:00:00,6504.T,14190,6,85140,OK,Yahoo Finance JP full-market screener (delayed)
2026-08-28,09:30:23,2026-08-28 09:00:00,6762.T,3085,23,70955,OK,Yahoo Finance JP full-market screener (delayed)
2026-08-28,09:30:23,2026-08-28 09:00:00,6861.T,83630,2,167260,OK,Yahoo Finance JP full-market screener (delayed)
2026-08-28,09:30:24,2026-08-28 09:00:00,7012.T,2638,25,65950,OK,Yahoo Finance JP full-market screener (delayed)
2026-08-28,09:30:23,2026-08-28 09:00:00,7203.T,3139,23,72197,OK,Yahoo Finance JP full-market screener (delayed)
2026-08-28,09:30:21,2026-08-28 09:00:00,7269.T,2168.5,20,43370,OK,Yahoo Finance JP full-market screener (delayed)
2026-08-28,09:30:21,2026-08-28 09:00:00,7532.T,808.6,70,56602,OK,Yahoo Finance JP full-market screener (delayed)
2026-08-28,09:30:19,2026-08-28 09:00:00,7832.T,5723,16,91568,OK,Yahoo Finance JP full-market screener (delayed)
2026-08-28,09:30:24,2026-08-28 09:00:00,8035.T,56600,1,56600,OK,Yahoo Finance JP full-market screener (delayed)
2026-08-28,09:30:24,2026-08-28 09:00:00,8306.T,3643,18,65574,OK,Yahoo Finance JP full-market screener (delayed)
2026-08-28,09:30:24,2026-08-28 09:00:00,8316.T,6899,13,89687,OK,Yahoo Finance JP full-market screener (delayed)
2026-08-28,09:30:22,2026-08-28 09:00:00,8411.T,8473,10,84730,OK,Yahoo Finance JP full-market screener (delayed)
2026-08-28,09:30:22,2026-08-28 09:00:00,8591.T,6242,13,81146,OK,Yahoo Finance JP full-market screener (delayed)
2026-08-28,09:30:24,2026-08-28 09:00:00,8630.T,6873,12,82476,OK,Yahoo Finance JP full-market screener (delayed)
2026-08-28,09:30:24,2026-08-28 09:00:00,8750.T,1839,10,18390,OK,Yahoo Finance JP full-market screener (delayed)
2026-08-28,09:30:24,2026-08-28 09:00:00,8766.T,7678,12,92136,OK,Yahoo Finance JP full-market screener (delayed)
2026-08-28,09:30:19,2026-08-28 09:00:00,8795.T,4884,14,68376,OK,Yahoo Finance JP full-market screener (delayed)
2026-08-28,09:30:23,2026-08-28 09:00:00,9432.T,169.3,500,84650,OK,Yahoo Finance JP full-market screener (delayed)
2026-08-28,09:30:24,2026-08-28 09:00:00,9433.T,2891.5,23,66504.5,OK,Yahoo Finance JP full-market screener (delayed)
2026-08-28,09:30:17,2026-08-28 09:00:00,9697.T,4282,7,29974,OK,Yahoo Finance JP full-market screener (delayed)
2026-08-28,09:30:16,2026-08-28 09:00:00,9983.T,71070,2,142140,OK,Yahoo Finance JP full-market screener (delayed)
2026-08-28,10:31:41,2026-08-28 10:00:00,1801.T,12670,3,38010,OK,Yahoo Finance JP full-market screener (delayed)
2026-08-28,10:31:47,2026-08-28 10:00:00,1812.T,4798,14,67172,OK,Yahoo Finance JP full-market screener (delayed)
2026-08-28,10:31:54,2026-08-28 10:00:00,5333.T,5345,5,26725,OK,Yahoo Finance JP full-market screener (delayed)
2026-08-28,10:31:56,2026-08-28 10:00:00,5803.T,5408,8,43264,OK,Yahoo Finance JP full-market screener (delayed)
2026-08-28,10:31:55,2026-08-28 10:00:00,6146.T,60270,1,60270,OK,Yahoo Finance JP full-market screener (delayed)
2026-08-28,10:31:47,2026-08-28 10:00:00,6383.T,5749,6,34494,OK,Yahoo Finance JP full-market screener (delayed)
2026-08-28,10:31:55,2026-08-28 10:00:00,6501.T,5592,15,83880,OK,Yahoo Finance JP full-market screener (delayed)
2026-08-28,10:31:55,2026-08-28 10:00:00,6503.T,5625,14,78750,OK,Yahoo Finance JP full-market screener (delayed)
2026-08-28,10:31:00,2026-08-28 10:00:00,6504.T,14095,6,84570,OK,Yahoo Finance JP full-market screener (delayed)
2026-08-28,10:31:43,2026-08-28 10:00:00,6762.T,3085,23,70955,OK,Yahoo Finance JP full-market screener (delayed)
2026-08-28,10:31:40,2026-08-28 10:00:00,6861.T,83580,2,167160,OK,Yahoo Finance JP full-market screener (delayed)
2026-08-28,10:31:55,2026-08-28 10:00:00,7012.T,2604.5,25,65112.5,OK,Yahoo Finance JP full-market screener (delayed)
2026-08-28,10:31:56,2026-08-28 10:00:00,7203.T,3118,23,71714,OK,Yahoo Finance JP full-market screener (delayed)
2026-08-28,10:31:56,2026-08-28 10:00:00,7269.T,2163,20,43260,OK,Yahoo Finance JP full-market screener (delayed)
2026-08-28,10:31:56,2026-08-28 10:00:00,7532.T,805.5,70,56385,OK,Yahoo Finance JP full-market screener (delayed)
2026-08-28,10:31:46,2026-08-28 10:00:00,7832.T,5697,16,91152,OK,Yahoo Finance JP full-market screener (delayed)
2026-08-28,10:31:52,2026-08-28 10:00:00,8035.T,56590,1,56590,OK,Yahoo Finance JP full-market screener (delayed)
2026-08-28,10:31:55,2026-08-28 10:00:00,8306.T,3642,18,65556,OK,Yahoo Finance JP full-market screener (delayed)
2026-08-28,10:31:56,2026-08-28 10:00:00,8316.T,6862,13,89206,OK,Yahoo Finance JP full-market screener (delayed)
2026-08-28,10:31:56,2026-08-28 10:00:00,8411.T,8442,10,84420,OK,Yahoo Finance JP full-market screener (delayed)
2026-08-28,10:31:54,2026-08-28 10:00:00,8591.T,6227,13,80951,OK,Yahoo Finance JP full-market screener (delayed)
2026-08-28,10:31:43,2026-08-28 10:00:00,8630.T,6844,12,82128,OK,Yahoo Finance JP full-market screener (delayed)
2026-08-28,10:31:56,2026-08-28 10:00:00,8750.T,1835,10,18350,OK,Yahoo Finance JP full-market screener (delayed)
2026-08-28,10:31:54,2026-08-28 10:00:00,8766.T,7663,12,91956,OK,Yahoo Finance JP full-market screener (delayed)
2026-08-28,10:31:56,2026-08-28 10:00:00,8795.T,4859,14,68026,OK,Yahoo Finance JP full-market screener (delayed)
2026-08-28,10:31:55,2026-08-28 10:00:00,9432.T,168.6,500,84300,OK,Yahoo Finance JP full-market screener (delayed)
2026-08-28,10:31:47,2026-08-28 10:00:00,9433.T,2881,23,66263,OK,Yahoo Finance JP full-market screener (delayed)
2026-08-28,10:31:51,2026-08-28 10:00:00,9697.T,4273,7,29911,OK,Yahoo Finance JP full-market screener (delayed)
2026-08-28,10:31:54,2026-08-28 10:00:00,9983.T,70820,2,141640,OK,Yahoo Finance JP full-market screener (delayed)
2026-08-28,11:30:00,2026-08-28 11:00:00,1801.T,12735,3,38205,OK,Yahoo Finance JP full-market screener (delayed)
2026-08-28,11:30:00,2026-08-28 11:00:00,1812.T,4818,14,67452,OK,Yahoo Finance JP full-market screener (delayed)
2026-08-28,11:30:00,2026-08-28 11:00:00,5333.T,5354,5,26770,OK,Yahoo Finance JP full-market screener (delayed)
2026-08-28,11:30:00,2026-08-28 11:00:00,5803.T,5434,8,43472,OK,Yahoo Finance JP full-market screener (delayed)
2026-08-28,11:30:00,2026-08-28 11:00:00,6146.T,60000,1,60000,OK,Yahoo Finance JP full-market screener (delayed)
2026-08-28,11:30:00,2026-08-28 11:00:00,6383.T,5751,6,34506,OK,Yahoo Finance JP full-market screener (delayed)
2026-08-28,11:30:00,2026-08-28 11:00:00,6501.T,5573,15,83595,OK,Yahoo Finance JP full-market screener (delayed)
2026-08-28,11:30:00,2026-08-28 11:00:00,6503.T,5657,14,79198,OK,Yahoo Finance JP full-market screener (delayed)
2026-08-28,11:30:00,2026-08-28 11:00:00,6504.T,14110,6,84660,OK,Yahoo Finance JP full-market screener (delayed)
2026-08-28,11:30:00,2026-08-28 11:00:00,6762.T,3093,23,71139,OK,Yahoo Finance JP full-market screener (delayed)
2026-08-28,11:30:00,2026-08-28 11:00:00,6861.T,83520,2,167040,OK,Yahoo Finance JP full-market screener (delayed)
2026-08-28,11:30:00,2026-08-28 11:00:00,7012.T,2626,25,65650,OK,Yahoo Finance JP full-market screener (delayed)
2026-08-28,11:30:00,2026-08-28 11:00:00,7203.T,3122,23,71806,OK,Yahoo Finance JP full-market screener (delayed)
2026-08-28,11:30:00,2026-08-28 11:00:00,7269.T,2161,20,43220,OK,Yahoo Finance JP full-market screener (delayed)
2026-08-28,11:30:00,2026-08-28 11:00:00,7532.T,806.9,70,56483,OK,Yahoo Finance JP full-market screener (delayed)
2026-08-28,11:30:00,2026-08-28 11:00:00,7832.T,5699,16,91184,OK,Yahoo Finance JP full-market screener (delayed)
2026-08-28,11:30:00,2026-08-28 11:00:00,8035.T,56810,1,56810,OK,Yahoo Finance JP full-market screener (delayed)
2026-08-28,11:30:00,2026-08-28 11:00:00,8306.T,3647,18,65646,OK,Yahoo Finance JP full-market screener (delayed)
2026-08-28,11:30:00,2026-08-28 11:00:00,8316.T,6878,13,89414,OK,Yahoo Finance JP full-market screener (delayed)
2026-08-28,11:30:00,2026-08-28 11:00:00,8411.T,8481,10,84810,OK,Yahoo Finance JP full-market screener (delayed)
2026-08-28,11:30:00,2026-08-28 11:00:00,8591.T,6240,13,81120,OK,Yahoo Finance JP full-market screener (delayed)
2026-08-28,11:30:00,2026-08-28 11:00:00,8630.T,6873,12,82476,OK,Yahoo Finance JP full-market screener (delayed)
2026-08-28,11:30:00,2026-08-28 11:00:00,8750.T,1844.5,10,18445,OK,Yahoo Finance JP full-market screener (delayed)
2026-08-28,11:30:00,2026-08-28 11:00:00,8766.T,7685,12,92220,OK,Yahoo Finance JP full-market screener (delayed)
2026-08-28,11:30:00,2026-08-28 11:00:00,8795.T,4883,14,68362,OK,Yahoo Finance JP full-market screener (delayed)
2026-08-28,11:30:00,2026-08-28 11:00:00,9432.T,168.4,500,84200,OK,Yahoo Finance JP full-market screener (delayed)
2026-08-28,11:30:00,2026-08-28 11:00:00,9433.T,2881,23,66263,OK,Yahoo Finance JP full-market screener (delayed)
2026-08-28,11:30:00,2026-08-28 11:00:00,9697.T,4295,7,30065,OK,Yahoo Finance JP full-market screener (delayed)
2026-08-28,11:30:00,2026-08-28 11:00:00,9983.T,71900,2,143800,OK,Yahoo Finance JP full-market screener (delayed)
2026-08-28,12:32:34,2026-08-28 12:00:00,1801.T,12730,3,38190,OK,Yahoo Finance JP full-market screener (delayed)
2026-08-28,12:32:47,2026-08-28 12:00:00,1812.T,4824,14,67536,OK,Yahoo Finance JP full-market screener (delayed)
2026-08-28,12:32:55,2026-08-28 12:00:00,5333.T,5361,5,26805,OK,Yahoo Finance JP full-market screener (delayed)
2026-08-28,12:32:58,2026-08-28 12:00:00,5803.T,5441,8,43528,OK,Yahoo Finance JP full-market screener (delayed)
2026-08-28,12:32:56,2026-08-28 12:00:00,6146.T,59970,1,59970,OK,Yahoo Finance JP full-market screener (delayed)
2026-08-28,12:32:46,2026-08-28 12:00:00,6383.T,5783,6,34698,OK,Yahoo Finance JP full-market screener (delayed)
2026-08-28,12:32:57,2026-08-28 12:00:00,6501.T,5591,15,83865,OK,Yahoo Finance JP full-market screener (delayed)
2026-08-28,12:32:55,2026-08-28 12:00:00,6503.T,5672,14,79408,OK,Yahoo Finance JP full-market screener (delayed)
2026-08-28,12:32:33,2026-08-28 12:00:00,6504.T,14095,6,84570,OK,Yahoo Finance JP full-market screener (delayed)
2026-08-28,12:32:57,2026-08-28 12:00:00,6762.T,3108,23,71484,OK,Yahoo Finance JP full-market screener (delayed)
2026-08-28,12:32:23,2026-08-28 12:00:00,6861.T,83670,2,167340,OK,Yahoo Finance JP full-market screener (delayed)
2026-08-28,12:32:59,2026-08-28 12:00:00,7012.T,2630,25,65750,OK,Yahoo Finance JP full-market screener (delayed)
2026-08-28,12:32:59,2026-08-28 12:00:00,7203.T,3124,23,71852,OK,Yahoo Finance JP full-market screener (delayed)
2026-08-28,12:32:44,2026-08-28 12:00:00,7269.T,2162,20,43240,OK,Yahoo Finance JP full-market screener (delayed)
2026-08-28,12:32:55,2026-08-28 12:00:00,7532.T,805.2,70,56364,OK,Yahoo Finance JP full-market screener (delayed)
2026-08-28,12:32:32,2026-08-28 12:00:00,7832.T,5699,16,91184,OK,Yahoo Finance JP full-market screener (delayed)
2026-08-28,12:32:55,2026-08-28 12:00:00,8035.T,56740,1,56740,OK,Yahoo Finance JP full-market screener (delayed)
2026-08-28,12:32:59,2026-08-28 12:00:00,8306.T,3652,18,65736,OK,Yahoo Finance JP full-market screener (delayed)
2026-08-28,12:32:53,2026-08-28 12:00:00,8316.T,6882,13,89466,OK,Yahoo Finance JP full-market screener (delayed)
2026-08-28,12:32:55,2026-08-28 12:00:00,8411.T,8490,10,84900,OK,Yahoo Finance JP full-market screener (delayed)
2026-08-28,12:32:56,2026-08-28 12:00:00,8591.T,6232,13,81016,OK,Yahoo Finance JP full-market screener (delayed)
2026-08-28,12:32:47,2026-08-28 12:00:00,8630.T,6873,12,82476,OK,Yahoo Finance JP full-market screener (delayed)
2026-08-28,12:32:57,2026-08-28 12:00:00,8750.T,1843,10,18430,OK,Yahoo Finance JP full-market screener (delayed)
2026-08-28,12:32:55,2026-08-28 12:00:00,8766.T,7693,12,92316,OK,Yahoo Finance JP full-market screener (delayed)
2026-08-28,12:32:41,2026-08-28 12:00:00,8795.T,4899,14,68586,OK,Yahoo Finance JP full-market screener (delayed)
2026-08-28,12:32:58,2026-08-28 12:00:00,9432.T,168.7,500,84350,OK,Yahoo Finance JP full-market screener (delayed)
2026-08-28,12:32:43,2026-08-28 12:00:00,9433.T,2880.5,23,66251.5,OK,Yahoo Finance JP full-market screener (delayed)
2026-08-28,12:32:54,2026-08-28 12:00:00,9697.T,4293,7,30051,OK,Yahoo Finance JP full-market screener (delayed)
2026-08-28,12:32:47,2026-08-28 12:00:00,9983.T,71540,2,143080,OK,Yahoo Finance JP full-market screener (delayed)
2026-08-28,13:33:54,2026-08-28 13:00:00,1801.T,12725,3,38175,OK,Yahoo Finance JP full-market screener (delayed)
2026-08-28,13:33:57,2026-08-28 13:00:00,1812.T,4835,14,67690,OK,Yahoo Finance JP full-market screener (delayed)
2026-08-28,13:33:50,2026-08-28 13:00:00,5333.T,5303,5,26515,OK,Yahoo Finance JP full-market screener (delayed)
2026-08-28,13:33:57,2026-08-28 13:00:00,5803.T,5367,8,42936,OK,Yahoo Finance JP full-market screener (delayed)
2026-08-28,13:33:57,2026-08-28 13:00:00,6146.T,59660,1,59660,OK,Yahoo Finance JP full-market screener (delayed)
2026-08-28,13:33:56,2026-08-28 13:00:00,6383.T,5741,6,34446,OK,Yahoo Finance JP full-market screener (delayed)
2026-08-28,13:33:56,2026-08-28 13:00:00,6501.T,5599,15,83985,OK,Yahoo Finance JP full-market screener (delayed)
2026-08-28,13:33:58,2026-08-28 13:00:00,6503.T,5657,14,79198,OK,Yahoo Finance JP full-market screener (delayed)
2026-08-28,13:33:53,2026-08-28 13:00:00,6504.T,14005,6,84030,OK,Yahoo Finance JP full-market screener (delayed)
2026-08-28,13:33:54,2026-08-28 13:00:00,6762.T,3115,23,71645,OK,Yahoo Finance JP full-market screener (delayed)
2026-08-28,13:33:46,2026-08-28 13:00:00,6861.T,83450,2,166900,OK,Yahoo Finance JP full-market screener (delayed)
2026-08-28,13:33:57,2026-08-28 13:00:00,7012.T,2633.5,25,65837.5,OK,Yahoo Finance JP full-market screener (delayed)
2026-08-28,13:33:56,2026-08-28 13:00:00,7203.T,3134,23,72082,OK,Yahoo Finance JP full-market screener (delayed)
2026-08-28,13:33:57,2026-08-28 13:00:00,7269.T,2167,20,43340,OK,Yahoo Finance JP full-market screener (delayed)
2026-08-28,13:33:56,2026-08-28 13:00:00,7532.T,806.5,70,56455,OK,Yahoo Finance JP full-market screener (delayed)
2026-08-28,13:33:34,2026-08-28 13:00:00,7832.T,5732,16,91712,OK,Yahoo Finance JP full-market screener (delayed)
2026-08-28,13:33:54,2026-08-28 13:00:00,8035.T,56170,1,56170,OK,Yahoo Finance JP full-market screener (delayed)
2026-08-28,13:33:53,2026-08-28 13:00:00,8306.T,3671,18,66078,OK,Yahoo Finance JP full-market screener (delayed)
2026-08-28,13:33:57,2026-08-28 13:00:00,8316.T,6924,13,90012,OK,Yahoo Finance JP full-market screener (delayed)
2026-08-28,13:33:55,2026-08-28 13:00:00,8411.T,8517,10,85170,OK,Yahoo Finance JP full-market screener (delayed)
2026-08-28,13:33:57,2026-08-28 13:00:00,8591.T,6216,13,80808,OK,Yahoo Finance JP full-market screener (delayed)
2026-08-28,13:33:46,2026-08-28 13:00:00,8630.T,6889,12,82668,OK,Yahoo Finance JP full-market screener (delayed)
2026-08-28,13:33:45,2026-08-28 13:00:00,8750.T,1850,10,18500,OK,Yahoo Finance JP full-market screener (delayed)
2026-08-28,13:33:57,2026-08-28 13:00:00,8766.T,7722,12,92664,OK,Yahoo Finance JP full-market screener (delayed)
2026-08-28,13:33:54,2026-08-28 13:00:00,8795.T,4915,14,68810,OK,Yahoo Finance JP full-market screener (delayed)
2026-08-28,13:33:48,2026-08-28 13:00:00,9432.T,168.8,500,84400,OK,Yahoo Finance JP full-market screener (delayed)
2026-08-28,13:33:56,2026-08-28 13:00:00,9433.T,2883.5,23,66320.5,OK,Yahoo Finance JP full-market screener (delayed)
2026-08-28,13:33:53,2026-08-28 13:00:00,9697.T,4304,7,30128,OK,Yahoo Finance JP full-market screener (delayed)
2026-08-28,13:33:55,2026-08-28 13:00:00,9983.T,71060,2,142120,OK,Yahoo Finance JP full-market screener (delayed)
2026-08-28,14:34:30,2026-08-28 14:00:00,1801.T,12690,3,38070,OK,Yahoo Finance JP full-market screener (delayed)
2026-08-28,14:34:25,2026-08-28 14:00:00,1812.T,4833,14,67662,OK,Yahoo Finance JP full-market screener (delayed)
2026-08-28,14:34:19,2026-08-28 14:00:00,5333.T,5284,5,26420,OK,Yahoo Finance JP full-market screener (delayed)
2026-08-28,14:34:30,2026-08-28 14:00:00,5803.T,5368,8,42944,OK,Yahoo Finance JP full-market screener (delayed)
2026-08-28,14:34:27,2026-08-28 14:00:00,6146.T,59560,1,59560,OK,Yahoo Finance JP full-market screener (delayed)
2026-08-28,14:33:48,2026-08-28 14:00:00,6383.T,5740,6,34440,OK,Yahoo Finance JP full-market screener (delayed)
2026-08-28,14:34:25,2026-08-28 14:00:00,6501.T,5568,15,83520,OK,Yahoo Finance JP full-market screener (delayed)
2026-08-28,14:34:26,2026-08-28 14:00:00,6503.T,5637,14,78918,OK,Yahoo Finance JP full-market screener (delayed)
2026-08-28,14:33:58,2026-08-28 14:00:00,6504.T,13960,6,83760,OK,Yahoo Finance JP full-market screener (delayed)
2026-08-28,14:34:22,2026-08-28 14:00:00,6762.T,3106,23,71438,OK,Yahoo Finance JP full-market screener (delayed)
2026-08-28,14:34:12,2026-08-28 14:00:00,6861.T,83380,2,166760,OK,Yahoo Finance JP full-market screener (delayed)
2026-08-28,14:34:29,2026-08-28 14:00:00,7012.T,2627.5,25,65687.5,OK,Yahoo Finance JP full-market screener (delayed)
2026-08-28,14:34:21,2026-08-28 14:00:00,7203.T,3126,23,71898,OK,Yahoo Finance JP full-market screener (delayed)
2026-08-28,14:34:29,2026-08-28 14:00:00,7269.T,2169,20,43380,OK,Yahoo Finance JP full-market screener (delayed)
2026-08-28,14:34:26,2026-08-28 14:00:00,7532.T,807.2,70,56504,OK,Yahoo Finance JP full-market screener (delayed)
2026-08-28,14:34:20,2026-08-28 14:00:00,7832.T,5707,16,91312,OK,Yahoo Finance JP full-market screener (delayed)
2026-08-28,14:34:14,2026-08-28 14:00:00,8035.T,56080,1,56080,OK,Yahoo Finance JP full-market screener (delayed)
2026-08-28,14:34:31,2026-08-28 14:00:00,8306.T,3666,18,65988,OK,Yahoo Finance JP full-market screener (delayed)
2026-08-28,14:34:28,2026-08-28 14:00:00,8316.T,6894,13,89622,OK,Yahoo Finance JP full-market screener (delayed)
2026-08-28,14:34:21,2026-08-28 14:00:00,8411.T,8462,10,84620,OK,Yahoo Finance JP full-market screener (delayed)
2026-08-28,14:34:29,2026-08-28 14:00:00,8591.T,6220,13,80860,OK,Yahoo Finance JP full-market screener (delayed)
2026-08-28,14:34:30,2026-08-28 14:00:00,8630.T,6876,12,82512,OK,Yahoo Finance JP full-market screener (delayed)
2026-08-28,14:34:26,2026-08-28 14:00:00,8750.T,1846.5,10,18465,OK,Yahoo Finance JP full-market screener (delayed)
2026-08-28,14:34:29,2026-08-28 14:00:00,8766.T,7720,12,92640,OK,Yahoo Finance JP full-market screener (delayed)
2026-08-28,14:33:58,2026-08-28 14:00:00,8795.T,4912,14,68768,OK,Yahoo Finance JP full-market screener (delayed)
2026-08-28,14:34:27,2026-08-28 14:00:00,9432.T,168.8,500,84400,OK,Yahoo Finance JP full-market screener (delayed)
2026-08-28,14:34:26,2026-08-28 14:00:00,9433.T,2884,23,66332,OK,Yahoo Finance JP full-market screener (delayed)
2026-08-28,14:34:22,2026-08-28 14:00:00,9697.T,4299,7,30093,OK,Yahoo Finance JP full-market screener (delayed)
2026-08-28,14:34:16,2026-08-28 14:00:00,9983.T,71180,2,142360,OK,Yahoo Finance JP full-market screener (delayed)
2026-08-28,15:30:00,2026-08-28 15:00:00,1801.T,12690,3,38070,OK,Yahoo Finance JP full-market screener (delayed)
2026-08-28,15:30:00,2026-08-28 15:00:00,1812.T,4834,14,67676,OK,Yahoo Finance JP full-market screener (delayed)
2026-08-28,15:30:00,2026-08-28 15:00:00,5333.T,5285,5,26425,OK,Yahoo Finance JP full-market screener (delayed)
2026-08-28,15:30:00,2026-08-28 15:00:00,5803.T,5340,8,42720,OK,Yahoo Finance JP full-market screener (delayed)
2026-08-28,15:30:00,2026-08-28 15:00:00,6146.T,59350,1,59350,OK,Yahoo Finance JP full-market screener (delayed)
2026-08-28,15:30:00,2026-08-28 15:00:00,6383.T,5745,6,34470,OK,Yahoo Finance JP full-market screener (delayed)
2026-08-28,15:30:00,2026-08-28 15:00:00,6501.T,5550,15,83250,OK,Yahoo Finance JP full-market screener (delayed)
2026-08-28,15:30:00,2026-08-28 15:00:00,6503.T,5648,14,79072,OK,Yahoo Finance JP full-market screener (delayed)
2026-08-28,15:30:00,2026-08-28 15:00:00,6504.T,13815,6,82890,OK,Yahoo Finance JP full-market screener (delayed)
2026-08-28,15:30:00,2026-08-28 15:00:00,6762.T,3112,23,71576,OK,Yahoo Finance JP full-market screener (delayed)
2026-08-28,15:30:00,2026-08-28 15:00:00,6861.T,82960,2,165920,OK,Yahoo Finance JP full-market screener (delayed)
2026-08-28,15:30:00,2026-08-28 15:00:00,7012.T,2623,25,65575,OK,Yahoo Finance JP full-market screener (delayed)
2026-08-28,15:30:00,2026-08-28 15:00:00,7203.T,3116,23,71668,OK,Yahoo Finance JP full-market screener (delayed)
2026-08-28,15:30:00,2026-08-28 15:00:00,7269.T,2170,20,43400,OK,Yahoo Finance JP full-market screener (delayed)
2026-08-28,15:30:00,2026-08-28 15:00:00,7532.T,809.5,70,56665,OK,Yahoo Finance JP full-market screener (delayed)
2026-08-28,15:30:00,2026-08-28 15:00:00,7832.T,5687,16,90992,OK,Yahoo Finance JP full-market screener (delayed)
2026-08-28,15:30:00,2026-08-28 15:00:00,8035.T,56230,1,56230,OK,Yahoo Finance JP full-market screener (delayed)
2026-08-28,15:30:00,2026-08-28 15:00:00,8306.T,3658,18,65844,OK,Yahoo Finance JP full-market screener (delayed)
2026-08-28,15:30:00,2026-08-28 15:00:00,8316.T,6902,13,89726,OK,Yahoo Finance JP full-market screener (delayed)
2026-08-28,15:30:00,2026-08-28 15:00:00,8411.T,8486,10,84860,OK,Yahoo Finance JP full-market screener (delayed)
2026-08-28,15:30:00,2026-08-28 15:00:00,8591.T,6218,13,80834,OK,Yahoo Finance JP full-market screener (delayed)
2026-08-28,15:30:00,2026-08-28 15:00:00,8630.T,6861,12,82332,OK,Yahoo Finance JP full-market screener (delayed)
2026-08-28,15:30:00,2026-08-28 15:00:00,8750.T,1843,10,18430,OK,Yahoo Finance JP full-market screener (delayed)
2026-08-28,15:30:00,2026-08-28 15:00:00,8766.T,7693,12,92316,OK,Yahoo Finance JP full-market screener (delayed)
2026-08-28,15:30:00,2026-08-28 15:00:00,8795.T,4859,14,68026,OK,Yahoo Finance JP full-market screener (delayed)
2026-08-28,15:30:00,2026-08-28 15:00:00,9432.T,168.6,500,84300,OK,Yahoo Finance JP full-market screener (delayed)
2026-08-28,15:30:00,2026-08-28 15:00:00,9433.T,2922,23,67206,OK,Yahoo Finance JP full-market screener (delayed)
2026-08-28,15:30:00,2026-08-28 15:00:00,9697.T,4299,7,30093,OK,Yahoo Finance JP full-market screener (delayed)
2026-08-28,15:30:00,2026-08-28 15:00:00,9983.T,71260,2,142520,OK,Yahoo Finance JP full-market screener (delayed)
2026-08-28,15:30:00,2026-08-28 16:00:00,1801.T,12690,3,38070,OK,Yahoo Finance JP full-market screener (delayed)
2026-08-28,15:30:00,2026-08-28 16:00:00,1812.T,4834,14,67676,OK,Yahoo Finance JP full-market screener (delayed)
2026-08-28,15:30:00,2026-08-28 16:00:00,5333.T,5285,5,26425,OK,Yahoo Finance JP full-market screener (delayed)
2026-08-28,15:30:00,2026-08-28 16:00:00,5803.T,5340,8,42720,OK,Yahoo Finance JP full-market screener (delayed)
2026-08-28,15:30:00,2026-08-28 16:00:00,6146.T,59350,1,59350,OK,Yahoo Finance JP full-market screener (delayed)
2026-08-28,15:30:00,2026-08-28 16:00:00,6383.T,5745,6,34470,OK,Yahoo Finance JP full-market screener (delayed)
2026-08-28,15:30:00,2026-08-28 16:00:00,6501.T,5550,15,83250,OK,Yahoo Finance JP full-market screener (delayed)
2026-08-28,15:30:00,2026-08-28 16:00:00,6503.T,5648,14,79072,OK,Yahoo Finance JP full-market screener (delayed)
2026-08-28,15:30:00,2026-08-28 16:00:00,6504.T,13815,6,82890,OK,Yahoo Finance JP full-market screener (delayed)
2026-08-28,15:30:00,2026-08-28 16:00:00,6762.T,3112,23,71576,OK,Yahoo Finance JP full-market screener (delayed)
2026-08-28,15:30:00,2026-08-28 16:00:00,6861.T,82960,2,165920,OK,Yahoo Finance JP full-market screener (delayed)
2026-08-28,15:30:00,2026-08-28 16:00:00,7012.T,2623,25,65575,OK,Yahoo Finance JP full-market screener (delayed)
2026-08-28,15:30:00,2026-08-28 16:00:00,7203.T,3116,23,71668,OK,Yahoo Finance JP full-market screener (delayed)
2026-08-28,15:30:00,2026-08-28 16:00:00,7269.T,2170,20,43400,OK,Yahoo Finance JP full-market screener (delayed)
2026-08-28,15:30:00,2026-08-28 16:00:00,7532.T,809.5,70,56665,OK,Yahoo Finance JP full-market screener (delayed)
2026-08-28,15:30:00,2026-08-28 16:00:00,7832.T,5687,16,90992,OK,Yahoo Finance JP full-market screener (delayed)
2026-08-28,15:30:00,2026-08-28 16:00:00,8035.T,56230,1,56230,OK,Yahoo Finance JP full-market screener (delayed)
2026-08-28,15:30:00,2026-08-28 16:00:00,8306.T,3658,18,65844,OK,Yahoo Finance JP full-market screener (delayed)
2026-08-28,15:30:00,2026-08-28 16:00:00,8316.T,6902,13,89726,OK,Yahoo Finance JP full-market screener (delayed)
2026-08-28,15:30:00,2026-08-28 16:00:00,8411.T,8486,10,84860,OK,Yahoo Finance JP full-market screener (delayed)
2026-08-28,15:30:00,2026-08-28 16:00:00,8591.T,6218,13,80834,OK,Yahoo Finance JP full-market screener (delayed)
2026-08-28,15:30:00,2026-08-28 16:00:00,8630.T,6861,12,82332,OK,Yahoo Finance JP full-market screener (delayed)
2026-08-28,15:30:00,2026-08-28 16:00:00,8750.T,1843,10,18430,OK,Yahoo Finance JP full-market screener (delayed)
2026-08-28,15:30:00,2026-08-28 16:00:00,8766.T,7693,12,92316,OK,Yahoo Finance JP full-market screener (delayed)
2026-08-28,15:30:00,2026-08-28 16:00:00,8795.T,4859,14,68026,OK,Yahoo Finance JP full-market screener (delayed)
2026-08-28,15:30:00,2026-08-28 16:00:00,9432.T,168.6,500,84300,OK,Yahoo Finance JP full-market screener (delayed)
2026-08-28,15:30:00,2026-08-28 16:00:00,9433.T,2922,23,67206,OK,Yahoo Finance JP full-market screener (delayed)
2026-08-28,15:30:00,2026-08-28 16:00:00,9697.T,4299,7,30093,OK,Yahoo Finance JP full-market screener (delayed)
2026-08-28,15:30:00,2026-08-28 16:00:00,9983.T,71260,2,142520,OK,Yahoo Finance JP full-market screener (delayed)
2026-08-28,15:30:00,2026-08-28 17:00:00,1801.T,12690,3,38070,OK,Yahoo Finance JP full-market screener (delayed)
2026-08-28,15:30:00,2026-08-28 17:00:00,1812.T,4834,14,67676,OK,Yahoo Finance JP full-market screener (delayed)
2026-08-28,15:30:00,2026-08-28 17:00:00,5333.T,5285,5,26425,OK,Yahoo Finance JP full-market screener (delayed)
2026-08-28,15:30:00,2026-08-28 17:00:00,5803.T,5340,8,42720,OK,Yahoo Finance JP full-market screener (delayed)
2026-08-28,15:30:00,2026-08-28 17:00:00,6146.T,59350,1,59350,OK,Yahoo Finance JP full-market screener (delayed)
2026-08-28,15:30:00,2026-08-28 17:00:00,6383.T,5745,6,34470,OK,Yahoo Finance JP full-market screener (delayed)
2026-08-28,15:30:00,2026-08-28 17:00:00,6501.T,5550,15,83250,OK,Yahoo Finance JP full-market screener (delayed)
2026-08-28,15:30:00,2026-08-28 17:00:00,6503.T,5648,14,79072,OK,Yahoo Finance JP full-market screener (delayed)
2026-08-28,15:30:00,2026-08-28 17:00:00,6504.T,13815,6,82890,OK,Yahoo Finance JP full-market screener (delayed)
2026-08-28,15:30:00,2026-08-28 17:00:00,6762.T,3112,23,71576,OK,Yahoo Finance JP full-market screener (delayed)
2026-08-28,15:30:00,2026-08-28 17:00:00,6861.T,82960,2,165920,OK,Yahoo Finance JP full-market screener (delayed)
2026-08-28,15:30:00,2026-08-28 17:00:00,7012.T,2623,25,65575,OK,Yahoo Finance JP full-market screener (delayed)
2026-08-28,15:30:00,2026-08-28 17:00:00,7203.T,3116,23,71668,OK,Yahoo Finance JP full-market screener (delayed)
2026-08-28,15:30:00,2026-08-28 17:00:00,7269.T,2170,20,43400,OK,Yahoo Finance JP full-market screener (delayed)
2026-08-28,15:30:00,2026-08-28 17:00:00,7532.T,809.5,70,56665,OK,Yahoo Finance JP full-market screener (delayed)
2026-08-28,15:30:00,2026-08-28 17:00:00,7832.T,5687,16,90992,OK,Yahoo Finance JP full-market screener (delayed)
2026-08-28,15:30:00,2026-08-28 17:00:00,8035.T,56230,1,56230,OK,Yahoo Finance JP full-market screener (delayed)
2026-08-28,15:30:00,2026-08-28 17:00:00,8306.T,3658,18,65844,OK,Yahoo Finance JP full-market screener (delayed)
2026-08-28,15:30:00,2026-08-28 17:00:00,8316.T,6902,13,89726,OK,Yahoo Finance JP full-market screener (delayed)
2026-08-28,15:30:00,2026-08-28 17:00:00,8411.T,8486,10,84860,OK,Yahoo Finance JP full-market screener (delayed)
2026-08-28,15:30:00,2026-08-28 17:00:00,8591.T,6218,13,80834,OK,Yahoo Finance JP full-market screener (delayed)
2026-08-28,15:30:00,2026-08-28 17:00:00,8630.T,6861,12,82332,OK,Yahoo Finance JP full-market screener (delayed)
2026-08-28,15:30:00,2026-08-28 17:00:00,8750.T,1843,10,18430,OK,Yahoo Finance JP full-market screener (delayed)
2026-08-28,15:30:00,2026-08-28 17:00:00,8766.T,7693,12,92316,OK,Yahoo Finance JP full-market screener (delayed)
2026-08-28,15:30:00,2026-08-28 17:00:00,8795.T,4859,14,68026,OK,Yahoo Finance JP full-market screener (delayed)
2026-08-28,15:30:00,2026-08-28 17:00:00,9432.T,168.6,500,84300,OK,Yahoo Finance JP full-market screener (delayed)
2026-08-28,15:30:00,2026-08-28 17:00:00,9433.T,2922,23,67206,OK,Yahoo Finance JP full-market screener (delayed)
2026-08-28,15:30:00,2026-08-28 17:00:00,9697.T,4299,7,30093,OK,Yahoo Finance JP full-market screener (delayed)
2026-08-28,15:30:00,2026-08-28 17:00:00,9983.T,71260,2,142520,OK,Yahoo Finance JP full-market screener (delayed)
2026-08-31,15:30:00,2026-08-31 16:00:00,1801.T,12570,3,37710,OK,Yahoo Finance JP full-market screener (delayed)
2026-08-31,15:30:00,2026-08-31 16:00:00,1812.T,4838,14,67732,OK,Yahoo Finance JP full-market screener (delayed)
2026-08-31,15:30:00,2026-08-31 16:00:00,5333.T,5323,5,26615,OK,Yahoo Finance JP full-market screener (delayed)
2026-08-31,15:30:00,2026-08-31 16:00:00,5803.T,5504,8,44032,OK,Yahoo Finance JP full-market screener (delayed)
2026-08-31,15:30:00,2026-08-31 16:00:00,6146.T,58120,1,58120,OK,Yahoo Finance JP full-market screener (delayed)
2026-08-31,15:30:00,2026-08-31 16:00:00,6383.T,5804,6,34824,OK,Yahoo Finance JP full-market screener (delayed)
2026-08-31,15:30:00,2026-08-31 16:00:00,6501.T,5438,15,81570,OK,Yahoo Finance JP full-market screener (delayed)
2026-08-31,15:30:00,2026-08-31 16:00:00,6503.T,5585,14,78190,OK,Yahoo Finance JP full-market screener (delayed)
2026-08-31,15:30:00,2026-08-31 16:00:00,6504.T,13850,6,83100,OK,Yahoo Finance JP full-market screener (delayed)
2026-08-31,15:30:00,2026-08-31 16:00:00,6762.T,3078,23,70794,OK,Yahoo Finance JP full-market screener (delayed)
2026-08-31,15:30:00,2026-08-31 16:00:00,6861.T,83660,2,167320,OK,Yahoo Finance JP full-market screener (delayed)
2026-08-31,15:30:00,2026-08-31 16:00:00,7012.T,2581,25,64525,OK,Yahoo Finance JP full-market screener (delayed)
2026-08-31,15:30:00,2026-08-31 16:00:00,7203.T,3156,23,72588,OK,Yahoo Finance JP full-market screener (delayed)
2026-08-31,15:30:00,2026-08-31 16:00:00,7269.T,2227,20,44540,OK,Yahoo Finance JP full-market screener (delayed)
2026-08-31,15:30:00,2026-08-31 16:00:00,7532.T,807,70,56490,OK,Yahoo Finance JP full-market screener (delayed)
2026-08-31,15:30:00,2026-08-31 16:00:00,7832.T,5720,16,91520,OK,Yahoo Finance JP full-market screener (delayed)
2026-08-31,15:30:00,2026-08-31 16:00:00,8035.T,56440,1,56440,OK,Yahoo Finance JP full-market screener (delayed)
2026-08-31,15:30:00,2026-08-31 16:00:00,8306.T,3680,18,66240,OK,Yahoo Finance JP full-market screener (delayed)
2026-08-31,15:30:00,2026-08-31 16:00:00,8316.T,6975,13,90675,OK,Yahoo Finance JP full-market screener (delayed)
2026-08-31,15:30:00,2026-08-31 16:00:00,8411.T,8623,10,86230,OK,Yahoo Finance JP full-market screener (delayed)
2026-08-31,15:30:00,2026-08-31 16:00:00,8591.T,6284,13,81692,OK,Yahoo Finance JP full-market screener (delayed)
2026-08-31,15:30:00,2026-08-31 16:00:00,8630.T,6850,12,82200,OK,Yahoo Finance JP full-market screener (delayed)
2026-08-31,15:30:00,2026-08-31 16:00:00,8750.T,1838.5,10,18385,OK,Yahoo Finance JP full-market screener (delayed)
2026-08-31,15:30:00,2026-08-31 16:00:00,8766.T,7707,12,92484,OK,Yahoo Finance JP full-market screener (delayed)
2026-08-31,15:30:00,2026-08-31 16:00:00,8795.T,4880,14,68320,OK,Yahoo Finance JP full-market screener (delayed)
2026-08-31,15:30:00,2026-08-31 16:00:00,9432.T,172.5,500,86250,OK,Yahoo Finance JP full-market screener (delayed)
2026-08-31,15:30:00,2026-08-31 16:00:00,9433.T,2959.5,23,68068.5,OK,Yahoo Finance JP full-market screener (delayed)
2026-08-31,15:30:00,2026-08-31 16:00:00,9697.T,4270,7,29890,OK,Yahoo Finance JP full-market screener (delayed)
2026-08-31,15:30:00,2026-08-31 16:00:00,9983.T,72450,2,144900,OK,Yahoo Finance JP full-market screener (delayed)
2026-08-31,15:30:00,2026-08-31 17:00:00,1801.T,12570,3,37710,OK,Yahoo Finance JP full-market screener (delayed)
2026-08-31,15:30:00,2026-08-31 17:00:00,1812.T,4838,14,67732,OK,Yahoo Finance JP full-market screener (delayed)
2026-08-31,15:30:00,2026-08-31 17:00:00,5333.T,5323,5,26615,OK,Yahoo Finance JP full-market screener (delayed)
2026-08-31,15:30:00,2026-08-31 17:00:00,5803.T,5504,8,44032,OK,Yahoo Finance JP full-market screener (delayed)
2026-08-31,15:30:00,2026-08-31 17:00:00,6146.T,58120,1,58120,OK,Yahoo Finance JP full-market screener (delayed)
2026-08-31,15:30:00,2026-08-31 17:00:00,6383.T,5804,6,34824,OK,Yahoo Finance JP full-market screener (delayed)
2026-08-31,15:30:00,2026-08-31 17:00:00,6501.T,5438,15,81570,OK,Yahoo Finance JP full-market screener (delayed)
2026-08-31,15:30:00,2026-08-31 17:00:00,6503.T,5585,14,78190,OK,Yahoo Finance JP full-market screener (delayed)
2026-08-31,15:30:00,2026-08-31 17:00:00,6504.T,13850,6,83100,OK,Yahoo Finance JP full-market screener (delayed)
2026-08-31,15:30:00,2026-08-31 17:00:00,6762.T,3078,23,70794,OK,Yahoo Finance JP full-market screener (delayed)
2026-08-31,15:30:00,2026-08-31 17:00:00,6861.T,83660,2,167320,OK,Yahoo Finance JP full-market screener (delayed)
2026-08-31,15:30:00,2026-08-31 17:00:00,7012.T,2581,25,64525,OK,Yahoo Finance JP full-market screener (delayed)
2026-08-31,15:30:00,2026-08-31 17:00:00,7203.T,3156,23,72588,OK,Yahoo Finance JP full-market screener (delayed)
2026-08-31,15:30:00,2026-08-31 17:00:00,7269.T,2227,20,44540,OK,Yahoo Finance JP full-market screener (delayed)
2026-08-31,15:30:00,2026-08-31 17:00:00,7532.T,807,70,56490,OK,Yahoo Finance JP full-market screener (delayed)
2026-08-31,15:30:00,2026-08-31 17:00:00,7832.T,5720,16,91520,OK,Yahoo Finance JP full-market screener (delayed)
2026-08-31,15:30:00,2026-08-31 17:00:00,8035.T,56440,1,56440,OK,Yahoo Finance JP full-market screener (delayed)
2026-08-31,15:30:00,2026-08-31 17:00:00,8306.T,3680,18,66240,OK,Yahoo Finance JP full-market screener (delayed)
2026-08-31,15:30:00,2026-08-31 17:00:00,8316.T,6975,13,90675,OK,Yahoo Finance JP full-market screener (delayed)
2026-08-31,15:30:00,2026-08-31 17:00:00,8411.T,8623,10,86230,OK,Yahoo Finance JP full-market screener (delayed)
2026-08-31,15:30:00,2026-08-31 17:00:00,8591.T,6284,13,81692,OK,Yahoo Finance JP full-market screener (delayed)
2026-08-31,15:30:00,2026-08-31 17:00:00,8630.T,6850,12,82200,OK,Yahoo Finance JP full-market screener (delayed)
2026-08-31,15:30:00,2026-08-31 17:00:00,8750.T,1838.5,10,18385,OK,Yahoo Finance JP full-market screener (delayed)
2026-08-31,15:30:00,2026-08-31 17:00:00,8766.T,7707,12,92484,OK,Yahoo Finance JP full-market screener (delayed)
2026-08-31,15:30:00,2026-08-31 17:00:00,8795.T,4880,14,68320,OK,Yahoo Finance JP full-market screener (delayed)
2026-08-31,15:30:00,2026-08-31 17:00:00,9432.T,172.5,500,86250,OK,Yahoo Finance JP full-market screener (delayed)
2026-08-31,15:30:00,2026-08-31 17:00:00,9433.T,2959.5,23,68068.5,OK,Yahoo Finance JP full-market screener (delayed)
2026-08-31,15:30:00,2026-08-31 17:00:00,9697.T,4270,7,29890,OK,Yahoo Finance JP full-market screener (delayed)
2026-08-31,15:30:00,2026-08-31 17:00:00,9983.T,72450,2,144900,OK,Yahoo Finance JP full-market screener (delayed)
2026-08-31,15:30:00,2026-09-01 08:00:00,1801.T,12570,3,37710,OK,Yahoo Finance JP full-market screener (delayed)
2026-08-31,15:30:00,2026-09-01 08:00:00,1812.T,4838,14,67732,OK,Yahoo Finance JP full-market screener (delayed)
2026-08-31,15:30:00,2026-09-01 08:00:00,5333.T,5323,5,26615,OK,Yahoo Finance JP full-market screener (delayed)
2026-08-31,15:30:00,2026-09-01 08:00:00,5803.T,5504,8,44032,OK,Yahoo Finance JP full-market screener (delayed)
2026-08-31,15:30:00,2026-09-01 08:00:00,6146.T,58120,1,58120,OK,Yahoo Finance JP full-market screener (delayed)
2026-08-31,15:30:00,2026-09-01 08:00:00,6383.T,5804,6,34824,OK,Yahoo Finance JP full-market screener (delayed)
2026-08-31,15:30:00,2026-09-01 08:00:00,6501.T,5438,15,81570,OK,Yahoo Finance JP full-market screener (delayed)
2026-08-31,15:30:00,2026-09-01 08:00:00,6503.T,5585,14,78190,OK,Yahoo Finance JP full-market screener (delayed)
2026-08-31,15:30:00,2026-09-01 08:00:00,6504.T,13850,6,83100,OK,Yahoo Finance JP full-market screener (delayed)
2026-08-31,15:30:00,2026-09-01 08:00:00,6762.T,3078,23,70794,OK,Yahoo Finance JP full-market screener (delayed)
2026-08-31,15:30:00,2026-09-01 08:00:00,6861.T,83660,2,167320,OK,Yahoo Finance JP full-market screener (delayed)
2026-08-31,15:30:00,2026-09-01 08:00:00,7012.T,2581,25,64525,OK,Yahoo Finance JP full-market screener (delayed)
2026-08-31,15:30:00,2026-09-01 08:00:00,7203.T,3156,23,72588,OK,Yahoo Finance JP full-market screener (delayed)
2026-08-31,15:30:00,2026-09-01 08:00:00,7269.T,2227,20,44540,OK,Yahoo Finance JP full-market screener (delayed)
2026-08-31,15:30:00,2026-09-01 08:00:00,7532.T,807,70,56490,OK,Yahoo Finance JP full-market screener (delayed)
2026-08-31,15:30:00,2026-09-01 08:00:00,7832.T,5720,16,91520,OK,Yahoo Finance JP full-market screener (delayed)
2026-08-31,15:30:00,2026-09-01 08:00:00,8035.T,56440,1,56440,OK,Yahoo Finance JP full-market screener (delayed)
2026-08-31,15:30:00,2026-09-01 08:00:00,8306.T,3680,18,66240,OK,Yahoo Finance JP full-market screener (delayed)
2026-08-31,15:30:00,2026-09-01 08:00:00,8316.T,6975,13,90675,OK,Yahoo Finance JP full-market screener (delayed)
2026-08-31,15:30:00,2026-09-01 08:00:00,8411.T,8623,10,86230,OK,Yahoo Finance JP full-market screener (delayed)
2026-08-31,15:30:00,2026-09-01 08:00:00,8591.T,6284,13,81692,OK,Yahoo Finance JP full-market screener (delayed)
2026-08-31,15:30:00,2026-09-01 08:00:00,8630.T,6850,12,82200,OK,Yahoo Finance JP full-market screener (delayed)
2026-08-31,15:30:00,2026-09-01 08:00:00,8750.T,1838.5,10,18385,OK,Yahoo Finance JP full-market screener (delayed)
2026-08-31,15:30:00,2026-09-01 08:00:00,8766.T,7707,12,92484,OK,Yahoo Finance JP full-market screener (delayed)
2026-08-31,15:30:00,2026-09-01 08:00:00,8795.T,4880,14,68320,OK,Yahoo Finance JP full-market screener (delayed)
2026-08-31,15:30:00,2026-09-01 08:00:00,9432.T,172.5,500,86250,OK,Yahoo Finance JP full-market screener (delayed)
2026-08-31,15:30:00,2026-09-01 08:00:00,9433.T,2959.5,23,68068.5,OK,Yahoo Finance JP full-market screener (delayed)
2026-08-31,15:30:00,2026-09-01 08:00:00,9697.T,4270,7,29890,OK,Yahoo Finance JP full-market screener (delayed)
2026-08-31,15:30:00,2026-09-01 08:00:00,9983.T,72450,2,144900,OK,Yahoo Finance JP full-market screener (delayed)
2026-09-01,09:05:03,2026-09-01 09:00:00,1801.T,12800,3,38400,OK,Yahoo Finance JP full-market screener (delayed)
2026-09-01,09:05:04,2026-09-01 09:00:00,1812.T,4948,14,69272,OK,Yahoo Finance JP full-market screener (delayed)
2026-09-01,09:05:03,2026-09-01 09:00:00,5333.T,5340,5,26700,OK,Yahoo Finance JP full-market screener (delayed)
2026-09-01,09:05:04,2026-09-01 09:00:00,5803.T,5437,8,43496,OK,Yahoo Finance JP full-market screener (delayed)
2026-09-01,09:05:03,2026-09-01 09:00:00,6146.T,56490,1,56490,OK,Yahoo Finance JP full-market screener (delayed)
2026-09-01,09:05:03,2026-09-01 09:00:00,6383.T,5853,6,35118,OK,Yahoo Finance JP full-market screener (delayed)
2026-09-01,09:05:04,2026-09-01 09:00:00,6501.T,5472,15,82080,OK,Yahoo Finance JP full-market screener (delayed)
2026-09-01,09:05:03,2026-09-01 09:00:00,6503.T,5567,14,77938,OK,Yahoo Finance JP full-market screener (delayed)
2026-09-01,09:04:55,2026-09-01 09:00:00,6504.T,13850,6,83100,OK,Yahoo Finance JP full-market screener (delayed)
2026-09-01,09:05:04,2026-09-01 09:00:00,6762.T,3075,23,70725,OK,Yahoo Finance JP full-market screener (delayed)
2026-09-01,09:05:03,2026-09-01 09:00:00,6861.T,82860,2,165720,OK,Yahoo Finance JP full-market screener (delayed)
2026-09-01,09:05:03,2026-09-01 09:00:00,7012.T,2574.5,25,64362.5,OK,Yahoo Finance JP full-market screener (delayed)
2026-09-01,09:05:04,2026-09-01 09:00:00,7203.T,3195,23,73485,OK,Yahoo Finance JP full-market screener (delayed)
2026-09-01,09:05:02,2026-09-01 09:00:00,7269.T,2256,20,45120,OK,Yahoo Finance JP full-market screener (delayed)
2026-09-01,09:05:04,2026-09-01 09:00:00,7532.T,798,70,55860,OK,Yahoo Finance JP full-market screener (delayed)
2026-09-01,09:05:03,2026-09-01 09:00:00,7832.T,5741,16,91856,OK,Yahoo Finance JP full-market screener (delayed)
2026-09-01,09:05:04,2026-09-01 09:00:00,8035.T,54330,1,54330,OK,Yahoo Finance JP full-market screener (delayed)
2026-09-01,09:05:03,2026-09-01 09:00:00,8306.T,3641,18,65538,OK,Yahoo Finance JP full-market screener (delayed)
2026-09-01,09:05:03,2026-09-01 09:00:00,8316.T,6901,13,89713,OK,Yahoo Finance JP full-market screener (delayed)
2026-09-01,09:05:03,2026-09-01 09:00:00,8411.T,8500,10,85000,OK,Yahoo Finance JP full-market screener (delayed)
2026-09-01,09:05:02,2026-09-01 09:00:00,8591.T,6309,13,82017,OK,Yahoo Finance JP full-market screener (delayed)
2026-09-01,09:04:59,2026-09-01 09:00:00,8630.T,6850,12,82200,OK,Yahoo Finance JP full-market screener (delayed)
2026-09-01,09:05:02,2026-09-01 09:00:00,8750.T,1846.5,10,18465,OK,Yahoo Finance JP full-market screener (delayed)
2026-09-01,09:05:03,2026-09-01 09:00:00,8766.T,7761,12,93132,OK,Yahoo Finance JP full-market screener (delayed)
2026-09-01,09:05:04,2026-09-01 09:00:00,8795.T,4876,14,68264,OK,Yahoo Finance JP full-market screener (delayed)
2026-09-01,09:05:04,2026-09-01 09:00:00,9432.T,173,500,86500,OK,Yahoo Finance JP full-market screener (delayed)
2026-09-01,09:05:04,2026-09-01 09:00:00,9433.T,2980.5,23,68551.5,OK,Yahoo Finance JP full-market screener (delayed)
2026-09-01,09:05:02,2026-09-01 09:00:00,9697.T,4297,7,30079,OK,Yahoo Finance JP full-market screener (delayed)
2026-09-01,09:04:59,2026-09-01 09:00:00,9983.T,72450,2,144900,OK,Yahoo Finance JP full-market screener (delayed)
2026-09-01,10:04:42,2026-09-01 10:00:00,1801.T,12830,3,38490,OK,Yahoo Finance JP full-market screener (delayed)
2026-09-01,10:05:01,2026-09-01 10:00:00,1812.T,4941,14,69174,OK,Yahoo Finance JP full-market screener (delayed)
2026-09-01,10:05:00,2026-09-01 10:00:00,5333.T,5386,5,26930,OK,Yahoo Finance JP full-market screener (delayed)
2026-09-01,10:05:03,2026-09-01 10:00:00,5803.T,5306,8,42448,OK,Yahoo Finance JP full-market screener (delayed)
2026-09-01,10:05:03,2026-09-01 10:00:00,6146.T,56900,1,56900,OK,Yahoo Finance JP full-market screener (delayed)
2026-09-01,10:05:03,2026-09-01 10:00:00,6383.T,5815,6,34890,OK,Yahoo Finance JP full-market screener (delayed)
2026-09-01,10:05:02,2026-09-01 10:00:00,6501.T,5487,15,82305,OK,Yahoo Finance JP full-market screener (delayed)
2026-09-01,10:05:03,2026-09-01 10:00:00,6503.T,5602,14,78428,OK,Yahoo Finance JP full-market screener (delayed)
2026-09-01,10:05:03,2026-09-01 10:00:00,6504.T,13705,6,82230,OK,Yahoo Finance JP full-market screener (delayed)
2026-09-01,10:05:01,2026-09-01 10:00:00,6762.T,3098,23,71254,OK,Yahoo Finance JP full-market screener (delayed)
2026-09-01,10:05:00,2026-09-01 10:00:00,6861.T,83130,2,166260,OK,Yahoo Finance JP full-market screener (delayed)
2026-09-01,10:05:03,2026-09-01 10:00:00,7012.T,2541.5,25,63537.5,OK,Yahoo Finance JP full-market screener (delayed)
2026-09-01,10:05:02,2026-09-01 10:00:00,7203.T,3229,23,74267,OK,Yahoo Finance JP full-market screener (delayed)
2026-09-01,10:05:03,2026-09-01 10:00:00,7269.T,2268,20,45360,OK,Yahoo Finance JP full-market screener (delayed)
2026-09-01,10:05:03,2026-09-01 10:00:00,7532.T,786,70,55020,OK,Yahoo Finance JP full-market screener (delayed)
2026-09-01,10:05:02,2026-09-01 10:00:00,7832.T,5802,16,92832,OK,Yahoo Finance JP full-market screener (delayed)
2026-09-01,10:05:03,2026-09-01 10:00:00,8035.T,54890,1,54890,OK,Yahoo Finance JP full-market screener (delayed)
2026-09-01,10:05:03,2026-09-01 10:00:00,8306.T,3684,18,66312,OK,Yahoo Finance JP full-market screener (delayed)
2026-09-01,10:05:00,2026-09-01 10:00:00,8316.T,6965,13,90545,OK,Yahoo Finance JP full-market screener (delayed)
2026-09-01,10:05:02,2026-09-01 10:00:00,8411.T,8617,10,86170,OK,Yahoo Finance JP full-market screener (delayed)
2026-09-01,10:05:00,2026-09-01 10:00:00,8591.T,6346,13,82498,OK,Yahoo Finance JP full-market screener (delayed)
2026-09-01,10:04:56,2026-09-01 10:00:00,8630.T,6935,12,83220,OK,Yahoo Finance JP full-market screener (delayed)
2026-09-01,10:04:59,2026-09-01 10:00:00,8750.T,1857.5,10,18575,OK,Yahoo Finance JP full-market screener (delayed)
2026-09-01,10:04:57,2026-09-01 10:00:00,8766.T,7808,12,93696,OK,Yahoo Finance JP full-market screener (delayed)
2026-09-01,10:05:03,2026-09-01 10:00:00,8795.T,4931,14,69034,OK,Yahoo Finance JP full-market screener (delayed)
2026-09-01,10:05:03,2026-09-01 10:00:00,9432.T,173.7,500,86850,OK,Yahoo Finance JP full-market screener (delayed)
2026-09-01,10:04:58,2026-09-01 10:00:00,9433.T,2989.5,23,68758.5,OK,Yahoo Finance JP full-market screener (delayed)
2026-09-01,10:05:02,2026-09-01 10:00:00,9697.T,4298,7,30086,OK,Yahoo Finance JP full-market screener (delayed)
2026-09-01,10:05:03,2026-09-01 10:00:00,9983.T,71620,2,143240,OK,Yahoo Finance JP full-market screener (delayed)
2026-09-01,11:04:58,2026-09-01 11:00:00,1801.T,12890,3,38670,OK,Yahoo Finance JP full-market screener (delayed)
2026-09-01,11:04:58,2026-09-01 11:00:00,1812.T,4988,14,69832,OK,Yahoo Finance JP full-market screener (delayed)
2026-09-01,11:04:59,2026-09-01 11:00:00,5333.T,5330,5,26650,OK,Yahoo Finance JP full-market screener (delayed)
2026-09-01,11:05:03,2026-09-01 11:00:00,5803.T,5289,8,42312,OK,Yahoo Finance JP full-market screener (delayed)
2026-09-01,11:04:58,2026-09-01 11:00:00,6146.T,56670,1,56670,OK,Yahoo Finance JP full-market screener (delayed)
2026-09-01,11:05:03,2026-09-01 11:00:00,6383.T,5776,6,34656,OK,Yahoo Finance JP full-market screener (delayed)
2026-09-01,11:05:03,2026-09-01 11:00:00,6501.T,5529,15,82935,OK,Yahoo Finance JP full-market screener (delayed)
2026-09-01,11:05:02,2026-09-01 11:00:00,6503.T,5561,14,77854,OK,Yahoo Finance JP full-market screener (delayed)
2026-09-01,11:05:01,2026-09-01 11:00:00,6504.T,13630,6,81780,OK,Yahoo Finance JP full-market screener (delayed)
2026-09-01,11:05:02,2026-09-01 11:00:00,6762.T,3095,23,71185,OK,Yahoo Finance JP full-market screener (delayed)
2026-09-01,11:04:42,2026-09-01 11:00:00,6861.T,82950,2,165900,OK,Yahoo Finance JP full-market screener (delayed)
2026-09-01,11:05:01,2026-09-01 11:00:00,7012.T,2533,25,63325,OK,Yahoo Finance JP full-market screener (delayed)
2026-09-01,11:05:01,2026-09-01 11:00:00,7203.T,3254,23,74842,OK,Yahoo Finance JP full-market screener (delayed)
2026-09-01,11:04:58,2026-09-01 11:00:00,7269.T,2281.5,20,45630,OK,Yahoo Finance JP full-market screener (delayed)
2026-09-01,11:05:03,2026-09-01 11:00:00,7532.T,789.6,70,55272,OK,Yahoo Finance JP full-market screener (delayed)
2026-09-01,11:04:58,2026-09-01 11:00:00,7832.T,5838,16,93408,OK,Yahoo Finance JP full-market screener (delayed)
2026-09-01,11:05:03,2026-09-01 11:00:00,8035.T,54650,1,54650,OK,Yahoo Finance JP full-market screener (delayed)
2026-09-01,11:04:57,2026-09-01 11:00:00,8306.T,3698,18,66564,OK,Yahoo Finance JP full-market screener (delayed)
2026-09-01,11:05:01,2026-09-01 11:00:00,8316.T,6978,13,90714,OK,Yahoo Finance JP full-market screener (delayed)
2026-09-01,11:04:50,2026-09-01 11:00:00,8411.T,8629,10,86290,OK,Yahoo Finance JP full-market screener (delayed)
2026-09-01,11:04:58,2026-09-01 11:00:00,8591.T,6360,13,82680,OK,Yahoo Finance JP full-market screener (delayed)
2026-09-01,11:05:02,2026-09-01 11:00:00,8630.T,6969,12,83628,OK,Yahoo Finance JP full-market screener (delayed)
2026-09-01,11:04:50,2026-09-01 11:00:00,8750.T,1873,10,18730,OK,Yahoo Finance JP full-market screener (delayed)
2026-09-01,11:05:00,2026-09-01 11:00:00,8766.T,7867,12,94404,OK,Yahoo Finance JP full-market screener (delayed)
2026-09-01,11:05:00,2026-09-01 11:00:00,8795.T,4973,14,69622,OK,Yahoo Finance JP full-market screener (delayed)
2026-09-01,11:05:03,2026-09-01 11:00:00,9432.T,174.8,500,87400,OK,Yahoo Finance JP full-market screener (delayed)
2026-09-01,11:05:01,2026-09-01 11:00:00,9433.T,3005,23,69115,OK,Yahoo Finance JP full-market screener (delayed)
2026-09-01,11:04:59,2026-09-01 11:00:00,9697.T,4353,7,30471,OK,Yahoo Finance JP full-market screener (delayed)
2026-09-01,11:03:50,2026-09-01 11:00:00,9983.T,71740,2,143480,OK,Yahoo Finance JP full-market screener (delayed)
2026-09-01,11:30:00,2026-09-01 12:00:00,1801.T,12875,3,38625,OK,Yahoo Finance JP full-market screener (delayed)
2026-09-01,11:30:00,2026-09-01 12:00:00,1812.T,4990,14,69860,OK,Yahoo Finance JP full-market screener (delayed)
2026-09-01,11:30:00,2026-09-01 12:00:00,5333.T,5330,5,26650,OK,Yahoo Finance JP full-market screener (delayed)
2026-09-01,11:30:00,2026-09-01 12:00:00,5803.T,5289,8,42312,OK,Yahoo Finance JP full-market screener (delayed)
2026-09-01,11:30:00,2026-09-01 12:00:00,6146.T,56390,1,56390,OK,Yahoo Finance JP full-market screener (delayed)
2026-09-01,11:30:00,2026-09-01 12:00:00,6383.T,5774,6,34644,OK,Yahoo Finance JP full-market screener (delayed)
2026-09-01,11:30:00,2026-09-01 12:00:00,6501.T,5538,15,83070,OK,Yahoo Finance JP full-market screener (delayed)
2026-09-01,11:30:00,2026-09-01 12:00:00,6503.T,5551,14,77714,OK,Yahoo Finance JP full-market screener (delayed)
2026-09-01,11:29:50,2026-09-01 12:00:00,6504.T,13625,6,81750,OK,Yahoo Finance JP full-market screener (delayed)
2026-09-01,11:30:00,2026-09-01 12:00:00,6762.T,3076,23,70748,OK,Yahoo Finance JP full-market screener (delayed)
2026-09-01,11:30:00,2026-09-01 12:00:00,6861.T,83070,2,166140,OK,Yahoo Finance JP full-market screener (delayed)
2026-09-01,11:30:00,2026-09-01 12:00:00,7012.T,2531,25,63275,OK,Yahoo Finance JP full-market screener (delayed)
2026-09-01,11:30:00,2026-09-01 12:00:00,7203.T,3257,23,74911,OK,Yahoo Finance JP full-market screener (delayed)
2026-09-01,11:30:00,2026-09-01 12:00:00,7269.T,2280.5,20,45610,OK,Yahoo Finance JP full-market screener (delayed)
2026-09-01,11:30:00,2026-09-01 12:00:00,7532.T,789,70,55230,OK,Yahoo Finance JP full-market screener (delayed)
2026-09-01,11:30:00,2026-09-01 12:00:00,7832.T,5787,16,92592,OK,Yahoo Finance JP full-market screener (delayed)
2026-09-01,11:30:00,2026-09-01 12:00:00,8035.T,54540,1,54540,OK,Yahoo Finance JP full-market screener (delayed)
2026-09-01,11:30:00,2026-09-01 12:00:00,8306.T,3700,18,66600,OK,Yahoo Finance JP full-market screener (delayed)
2026-09-01,11:30:00,2026-09-01 12:00:00,8316.T,6987,13,90831,OK,Yahoo Finance JP full-market screener (delayed)
2026-09-01,11:30:00,2026-09-01 12:00:00,8411.T,8631,10,86310,OK,Yahoo Finance JP full-market screener (delayed)
2026-09-01,11:30:00,2026-09-01 12:00:00,8591.T,6352,13,82576,OK,Yahoo Finance JP full-market screener (delayed)
2026-09-01,11:30:00,2026-09-01 12:00:00,8630.T,6967,12,83604,OK,Yahoo Finance JP full-market screener (delayed)
2026-09-01,11:30:00,2026-09-01 12:00:00,8750.T,1873,10,18730,OK,Yahoo Finance JP full-market screener (delayed)
2026-09-01,11:30:00,2026-09-01 12:00:00,8766.T,7874,12,94488,OK,Yahoo Finance JP full-market screener (delayed)
2026-09-01,11:30:00,2026-09-01 12:00:00,8795.T,4965,14,69510,OK,Yahoo Finance JP full-market screener (delayed)
2026-09-01,11:30:00,2026-09-01 12:00:00,9432.T,174.9,500,87450,OK,Yahoo Finance JP full-market screener (delayed)
2026-09-01,11:30:00,2026-09-01 12:00:00,9433.T,3008,23,69184,OK,Yahoo Finance JP full-market screener (delayed)
2026-09-01,11:30:00,2026-09-01 12:00:00,9697.T,4374,7,30618,OK,Yahoo Finance JP full-market screener (delayed)
2026-09-01,11:30:00,2026-09-01 12:00:00,9983.T,71520,2,143040,OK,Yahoo Finance JP full-market screener (delayed)
2026-09-01,13:04:34,2026-09-01 13:00:00,1801.T,12955,3,38865,OK,Yahoo Finance JP full-market screener (delayed)
2026-09-01,13:05:03,2026-09-01 13:00:00,1812.T,5021,14,70294,OK,Yahoo Finance JP full-market screener (delayed)
2026-09-01,13:04:29,2026-09-01 13:00:00,5333.T,5330,5,26650,OK,Yahoo Finance JP full-market screener (delayed)
2026-09-01,13:05:02,2026-09-01 13:00:00,5803.T,5287,8,42296,OK,Yahoo Finance JP full-market screener (delayed)
2026-09-01,13:05:02,2026-09-01 13:00:00,6146.T,56780,1,56780,OK,Yahoo Finance JP full-market screener (delayed)
2026-09-01,13:05:02,2026-09-01 13:00:00,6383.T,5787,6,34722,OK,Yahoo Finance JP full-market screener (delayed)
2026-09-01,13:05:03,2026-09-01 13:00:00,6501.T,5558,15,83370,OK,Yahoo Finance JP full-market screener (delayed)
2026-09-01,13:05:03,2026-09-01 13:00:00,6503.T,5556,14,77784,OK,Yahoo Finance JP full-market screener (delayed)
2026-09-01,13:04:44,2026-09-01 13:00:00,6504.T,13725,6,82350,OK,Yahoo Finance JP full-market screener (delayed)
2026-09-01,13:05:04,2026-09-01 13:00:00,6762.T,3117,23,71691,OK,Yahoo Finance JP full-market screener (delayed)
2026-09-01,13:04:01,2026-09-01 13:00:00,6861.T,83300,2,166600,OK,Yahoo Finance JP full-market screener (delayed)
2026-09-01,13:05:03,2026-09-01 13:00:00,7012.T,2526.5,25,63162.5,OK,Yahoo Finance JP full-market screener (delayed)
2026-09-01,13:05:03,2026-09-01 13:00:00,7203.T,3253,23,74819,OK,Yahoo Finance JP full-market screener (delayed)
2026-09-01,13:05:00,2026-09-01 13:00:00,7269.T,2281.5,20,45630,OK,Yahoo Finance JP full-market screener (delayed)
2026-09-01,13:05:02,2026-09-01 13:00:00,7532.T,781.7,70,54719,OK,Yahoo Finance JP full-market screener (delayed)
2026-09-01,13:04:47,2026-09-01 13:00:00,7832.T,5825,16,93200,OK,Yahoo Finance JP full-market screener (delayed)
2026-09-01,13:05:03,2026-09-01 13:00:00,8035.T,54830,1,54830,OK,Yahoo Finance JP full-market screener (delayed)
2026-09-01,13:05:03,2026-09-01 13:00:00,8306.T,3703,18,66654,OK,Yahoo Finance JP full-market screener (delayed)
2026-09-01,13:05:03,2026-09-01 13:00:00,8316.T,6997,13,90961,OK,Yahoo Finance JP full-market screener (delayed)
2026-09-01,13:05:03,2026-09-01 13:00:00,8411.T,8663,10,86630,OK,Yahoo Finance JP full-market screener (delayed)
2026-09-01,13:05:03,2026-09-01 13:00:00,8591.T,6357,13,82641,OK,Yahoo Finance JP full-market screener (delayed)
2026-09-01,13:05:03,2026-09-01 13:00:00,8630.T,6951,12,83412,OK,Yahoo Finance JP full-market screener (delayed)
2026-09-01,13:04:49,2026-09-01 13:00:00,8750.T,1874.5,10,18745,OK,Yahoo Finance JP full-market screener (delayed)
2026-09-01,13:04:58,2026-09-01 13:00:00,8766.T,7865,12,94380,OK,Yahoo Finance JP full-market screener (delayed)
2026-09-01,13:04:47,2026-09-01 13:00:00,8795.T,4961,14,69454,OK,Yahoo Finance JP full-market screener (delayed)
2026-09-01,13:05:04,2026-09-01 13:00:00,9432.T,174.4,500,87200,OK,Yahoo Finance JP full-market screener (delayed)
2026-09-01,13:05:03,2026-09-01 13:00:00,9433.T,2992.5,23,68827.5,OK,Yahoo Finance JP full-market screener (delayed)
2026-09-01,13:05:04,2026-09-01 13:00:00,9697.T,4351,7,30457,OK,Yahoo Finance JP full-market screener (delayed)
2026-09-01,13:04:54,2026-09-01 13:00:00,9983.T,71110,2,142220,OK,Yahoo Finance JP full-market screener (delayed)
2026-09-01,14:04:42,2026-09-01 14:00:00,1801.T,12915,3,38745,OK,Yahoo Finance JP full-market screener (delayed)
2026-09-01,14:04:35,2026-09-01 14:00:00,1812.T,5021,14,70294,OK,Yahoo Finance JP full-market screener (delayed)
2026-09-01,14:04:57,2026-09-01 14:00:00,5333.T,5318,5,26590,OK,Yahoo Finance JP full-market screener (delayed)
2026-09-01,14:05:03,2026-09-01 14:00:00,5803.T,5273,8,42184,OK,Yahoo Finance JP full-market screener (delayed)
2026-09-01,14:05:04,2026-09-01 14:00:00,6146.T,56710,1,56710,OK,Yahoo Finance JP full-market screener (delayed)
2026-09-01,14:04:56,2026-09-01 14:00:00,6383.T,5775,6,34650,OK,Yahoo Finance JP full-market screener (delayed)
2026-09-01,14:04:49,2026-09-01 14:00:00,6501.T,5560,15,83400,OK,Yahoo Finance JP full-market screener (delayed)
2026-09-01,14:05:00,2026-09-01 14:00:00,6503.T,5544,14,77616,OK,Yahoo Finance JP full-market screener (delayed)
2026-09-01,14:04:38,2026-09-01 14:00:00,6504.T,13670,6,82020,OK,Yahoo Finance JP full-market screener (delayed)
2026-09-01,14:05:02,2026-09-01 14:00:00,6762.T,3100,23,71300,OK,Yahoo Finance JP full-market screener (delayed)
2026-09-01,14:04:59,2026-09-01 14:00:00,6861.T,82750,2,165500,OK,Yahoo Finance JP full-market screener (delayed)
2026-09-01,14:05:03,2026-09-01 14:00:00,7012.T,2522.5,25,63062.5,OK,Yahoo Finance JP full-market screener (delayed)
2026-09-01,14:05:01,2026-09-01 14:00:00,7203.T,3262,23,75026,OK,Yahoo Finance JP full-market screener (delayed)
2026-09-01,14:04:49,2026-09-01 14:00:00,7269.T,2283,20,45660,OK,Yahoo Finance JP full-market screener (delayed)
2026-09-01,14:05:03,2026-09-01 14:00:00,7532.T,782.9,70,54803,OK,Yahoo Finance JP full-market screener (delayed)
2026-09-01,14:05:04,2026-09-01 14:00:00,7832.T,5797,16,92752,OK,Yahoo Finance JP full-market screener (delayed)
2026-09-01,14:05:03,2026-09-01 14:00:00,8035.T,54720,1,54720,OK,Yahoo Finance JP full-market screener (delayed)
2026-09-01,14:05:04,2026-09-01 14:00:00,8306.T,3709,18,66762,OK,Yahoo Finance JP full-market screener (delayed)
2026-09-01,14:05:03,2026-09-01 14:00:00,8316.T,7000,13,91000,OK,Yahoo Finance JP full-market screener (delayed)
2026-09-01,14:05:03,2026-09-01 14:00:00,8411.T,8676,10,86760,OK,Yahoo Finance JP full-market screener (delayed)
2026-09-01,14:04:51,2026-09-01 14:00:00,8591.T,6357,13,82641,OK,Yahoo Finance JP full-market screener (delayed)
2026-09-01,14:05:01,2026-09-01 14:00:00,8630.T,6941,12,83292,OK,Yahoo Finance JP full-market screener (delayed)
2026-09-01,14:05:01,2026-09-01 14:00:00,8750.T,1877,10,18770,OK,Yahoo Finance JP full-market screener (delayed)
2026-09-01,14:05:03,2026-09-01 14:00:00,8766.T,7852,12,94224,OK,Yahoo Finance JP full-market screener (delayed)
2026-09-01,14:04:56,2026-09-01 14:00:00,8795.T,4951,14,69314,OK,Yahoo Finance JP full-market screener (delayed)
2026-09-01,14:05:02,2026-09-01 14:00:00,9432.T,174.7,500,87350,OK,Yahoo Finance JP full-market screener (delayed)
2026-09-01,14:05:01,2026-09-01 14:00:00,9433.T,2994,23,68862,OK,Yahoo Finance JP full-market screener (delayed)
2026-09-01,14:05:04,2026-09-01 14:00:00,9697.T,4354,7,30478,OK,Yahoo Finance JP full-market screener (delayed)
2026-09-01,14:04:58,2026-09-01 14:00:00,9983.T,71080,2,142160,OK,Yahoo Finance JP full-market screener (delayed)
2026-09-01,15:04:53,2026-09-01 15:00:00,1801.T,12930,3,38790,OK,Yahoo Finance JP full-market screener (delayed)
2026-09-01,15:04:59,2026-09-01 15:00:00,1812.T,5028,14,70392,OK,Yahoo Finance JP full-market screener (delayed)
2026-09-01,15:05:00,2026-09-01 15:00:00,5333.T,5341,5,26705,OK,Yahoo Finance JP full-market screener (delayed)
2026-09-01,15:05:03,2026-09-01 15:00:00,5803.T,5310,8,42480,OK,Yahoo Finance JP full-market screener (delayed)
2026-09-01,15:05:03,2026-09-01 15:00:00,6146.T,56740,1,56740,OK,Yahoo Finance JP full-market screener (delayed)
2026-09-01,15:04:57,2026-09-01 15:00:00,6383.T,5782,6,34692,OK,Yahoo Finance JP full-market screener (delayed)
2026-09-01,15:04:52,2026-09-01 15:00:00,6501.T,5567,15,83505,OK,Yahoo Finance JP full-market screener (delayed)
2026-09-01,15:05:04,2026-09-01 15:00:00,6503.T,5545,14,77630,OK,Yahoo Finance JP full-market screener (delayed)
2026-09-01,15:04:45,2026-09-01 15:00:00,6504.T,13715,6,82290,OK,Yahoo Finance JP full-market screener (delayed)
2026-09-01,15:05:02,2026-09-01 15:00:00,6762.T,3111,23,71553,OK,Yahoo Finance JP full-market screener (delayed)
2026-09-01,15:05:02,2026-09-01 15:00:00,6861.T,82840,2,165680,OK,Yahoo Finance JP full-market screener (delayed)
2026-09-01,15:04:59,2026-09-01 15:00:00,7012.T,2525,25,63125,OK,Yahoo Finance JP full-market screener (delayed)
2026-09-01,15:05:02,2026-09-01 15:00:00,7203.T,3259,23,74957,OK,Yahoo Finance JP full-market screener (delayed)
2026-09-01,15:04:57,2026-09-01 15:00:00,7269.T,2266.5,20,45330,OK,Yahoo Finance JP full-market screener (delayed)
2026-09-01,15:05:03,2026-09-01 15:00:00,7532.T,778.8,70,54516,OK,Yahoo Finance JP full-market screener (delayed)
2026-09-01,15:05:01,2026-09-01 15:00:00,7832.T,5782,16,92512,OK,Yahoo Finance JP full-market screener (delayed)
2026-09-01,15:05:01,2026-09-01 15:00:00,8035.T,55030,1,55030,OK,Yahoo Finance JP full-market screener (delayed)
2026-09-01,15:05:02,2026-09-01 15:00:00,8306.T,3724,18,67032,OK,Yahoo Finance JP full-market screener (delayed)
2026-09-01,15:05:03,2026-09-01 15:00:00,8316.T,7031,13,91403,OK,Yahoo Finance JP full-market screener (delayed)
2026-09-01,15:05:01,2026-09-01 15:00:00,8411.T,8727,10,87270,OK,Yahoo Finance JP full-market screener (delayed)
2026-09-01,15:05:01,2026-09-01 15:00:00,8591.T,6375,13,82875,OK,Yahoo Finance JP full-market screener (delayed)
2026-09-01,15:05:03,2026-09-01 15:00:00,8630.T,6925,12,83100,OK,Yahoo Finance JP full-market screener (delayed)
2026-09-01,15:05:02,2026-09-01 15:00:00,8750.T,1877,10,18770,OK,Yahoo Finance JP full-market screener (delayed)
2026-09-01,15:05:03,2026-09-01 15:00:00,8766.T,7834,12,94008,OK,Yahoo Finance JP full-market screener (delayed)
2026-09-01,15:05:00,2026-09-01 15:00:00,8795.T,4951,14,69314,OK,Yahoo Finance JP full-market screener (delayed)
2026-09-01,15:05:04,2026-09-01 15:00:00,9432.T,174.8,500,87400,OK,Yahoo Finance JP full-market screener (delayed)
2026-09-01,15:05:02,2026-09-01 15:00:00,9433.T,2995.5,23,68896.5,OK,Yahoo Finance JP full-market screener (delayed)
2026-09-01,15:04:43,2026-09-01 15:00:00,9697.T,4355,7,30485,OK,Yahoo Finance JP full-market screener (delayed)
2026-09-01,15:04:42,2026-09-01 15:00:00,9983.T,71190,2,142380,OK,Yahoo Finance JP full-market screener (delayed)
2026-09-01,15:30:00,2026-09-01 16:00:00,1801.T,12995,3,38985,OK,Yahoo Finance JP full-market screener (delayed)
2026-09-01,15:30:00,2026-09-01 16:00:00,1812.T,5016,14,70224,OK,Yahoo Finance JP full-market screener (delayed)
2026-09-01,15:30:00,2026-09-01 16:00:00,5333.T,5360,5,26800,OK,Yahoo Finance JP full-market screener (delayed)
2026-09-01,15:30:00,2026-09-01 16:00:00,5803.T,5298,8,42384,OK,Yahoo Finance JP full-market screener (delayed)
2026-09-01,15:30:00,2026-09-01 16:00:00,6146.T,56590,1,56590,OK,Yahoo Finance JP full-market screener (delayed)
2026-09-01,15:30:00,2026-09-01 16:00:00,6383.T,5768,6,34608,OK,Yahoo Finance JP full-market screener (delayed)
2026-09-01,15:30:00,2026-09-01 16:00:00,6501.T,5541,15,83115,OK,Yahoo Finance JP full-market screener (delayed)
2026-09-01,15:30:00,2026-09-01 16:00:00,6503.T,5521,14,77294,OK,Yahoo Finance JP full-market screener (delayed)
2026-09-01,15:30:00,2026-09-01 16:00:00,6504.T,13670,6,82020,OK,Yahoo Finance JP full-market screener (delayed)
2026-09-01,15:30:00,2026-09-01 16:00:00,6762.T,3079,23,70817,OK,Yahoo Finance JP full-market screener (delayed)
2026-09-01,15:30:00,2026-09-01 16:00:00,6861.T,82280,2,164560,OK,Yahoo Finance JP full-market screener (delayed)
2026-09-01,15:30:00,2026-09-01 16:00:00,7012.T,2523,25,63075,OK,Yahoo Finance JP full-market screener (delayed)
2026-09-01,15:30:00,2026-09-01 16:00:00,7203.T,3243,23,74589,OK,Yahoo Finance JP full-market screener (delayed)
2026-09-01,15:30:00,2026-09-01 16:00:00,7269.T,2255,20,45100,OK,Yahoo Finance JP full-market screener (delayed)
2026-09-01,15:30:00,2026-09-01 16:00:00,7532.T,776.6,70,54362,OK,Yahoo Finance JP full-market screener (delayed)
2026-09-01,15:30:00,2026-09-01 16:00:00,7832.T,5780,16,92480,OK,Yahoo Finance JP full-market screener (delayed)
2026-09-01,15:30:00,2026-09-01 16:00:00,8035.T,54980,1,54980,OK,Yahoo Finance JP full-market screener (delayed)
2026-09-01,15:30:00,2026-09-01 16:00:00,8306.T,3700,18,66600,OK,Yahoo Finance JP full-market screener (delayed)
2026-09-01,15:30:00,2026-09-01 16:00:00,8316.T,7009,13,91117,OK,Yahoo Finance JP full-market screener (delayed)
2026-09-01,15:30:00,2026-09-01 16:00:00,8411.T,8697,10,86970,OK,Yahoo Finance JP full-market screener (delayed)
2026-09-01,15:30:00,2026-09-01 16:00:00,8591.T,6361,13,82693,OK,Yahoo Finance JP full-market screener (delayed)
2026-09-01,15:30:00,2026-09-01 16:00:00,8630.T,6913,12,82956,OK,Yahoo Finance JP full-market screener (delayed)
2026-09-01,15:30:00,2026-09-01 16:00:00,8750.T,1868.5,10,18685,OK,Yahoo Finance JP full-market screener (delayed)
2026-09-01,15:30:00,2026-09-01 16:00:00,8766.T,7806,12,93672,OK,Yahoo Finance JP full-market screener (delayed)
2026-09-01,15:30:00,2026-09-01 16:00:00,8795.T,4950,14,69300,OK,Yahoo Finance JP full-market screener (delayed)
2026-09-01,15:30:00,2026-09-01 16:00:00,9432.T,175.6,500,87800,OK,Yahoo Finance JP full-market screener (delayed)
2026-09-01,15:30:00,2026-09-01 16:00:00,9433.T,3007,23,69161,OK,Yahoo Finance JP full-market screener (delayed)
2026-09-01,15:30:00,2026-09-01 16:00:00,9697.T,4336,7,30352,OK,Yahoo Finance JP full-market screener (delayed)
2026-09-01,15:30:00,2026-09-01 16:00:00,9983.T,71260,2,142520,OK,Yahoo Finance JP full-market screener (delayed)
2026-09-01,15:30:00,2026-09-01 17:00:00,1801.T,12995,3,38985,OK,Yahoo Finance JP full-market screener (delayed)
2026-09-01,15:30:00,2026-09-01 17:00:00,1812.T,5016,14,70224,OK,Yahoo Finance JP full-market screener (delayed)
2026-09-01,15:30:00,2026-09-01 17:00:00,5333.T,5360,5,26800,OK,Yahoo Finance JP full-market screener (delayed)
2026-09-01,15:30:00,2026-09-01 17:00:00,5803.T,5298,8,42384,OK,Yahoo Finance JP full-market screener (delayed)
2026-09-01,15:30:00,2026-09-01 17:00:00,6146.T,56590,1,56590,OK,Yahoo Finance JP full-market screener (delayed)
2026-09-01,15:30:00,2026-09-01 17:00:00,6383.T,5768,6,34608,OK,Yahoo Finance JP full-market screener (delayed)
2026-09-01,15:30:00,2026-09-01 17:00:00,6501.T,5541,15,83115,OK,Yahoo Finance JP full-market screener (delayed)
2026-09-01,15:30:00,2026-09-01 17:00:00,6503.T,5521,14,77294,OK,Yahoo Finance JP full-market screener (delayed)
2026-09-01,15:30:00,2026-09-01 17:00:00,6504.T,13670,6,82020,OK,Yahoo Finance JP full-market screener (delayed)
2026-09-01,15:30:00,2026-09-01 17:00:00,6762.T,3079,23,70817,OK,Yahoo Finance JP full-market screener (delayed)
2026-09-01,15:30:00,2026-09-01 17:00:00,6861.T,82280,2,164560,OK,Yahoo Finance JP full-market screener (delayed)
2026-09-01,15:30:00,2026-09-01 17:00:00,7012.T,2523,25,63075,OK,Yahoo Finance JP full-market screener (delayed)
2026-09-01,15:30:00,2026-09-01 17:00:00,7203.T,3243,23,74589,OK,Yahoo Finance JP full-market screener (delayed)
2026-09-01,15:30:00,2026-09-01 17:00:00,7269.T,2255,20,45100,OK,Yahoo Finance JP full-market screener (delayed)
2026-09-01,15:30:00,2026-09-01 17:00:00,7532.T,776.6,70,54362,OK,Yahoo Finance JP full-market screener (delayed)
2026-09-01,15:30:00,2026-09-01 17:00:00,7832.T,5780,16,92480,OK,Yahoo Finance JP full-market screener (delayed)
2026-09-01,15:30:00,2026-09-01 17:00:00,8035.T,54980,1,54980,OK,Yahoo Finance JP full-market screener (delayed)
2026-09-01,15:30:00,2026-09-01 17:00:00,8306.T,3700,18,66600,OK,Yahoo Finance JP full-market screener (delayed)
2026-09-01,15:30:00,2026-09-01 17:00:00,8316.T,7009,13,91117,OK,Yahoo Finance JP full-market screener (delayed)
2026-09-01,15:30:00,2026-09-01 17:00:00,8411.T,8697,10,86970,OK,Yahoo Finance JP full-market screener (delayed)
2026-09-01,15:30:00,2026-09-01 17:00:00,8591.T,6361,13,82693,OK,Yahoo Finance JP full-market screener (delayed)
2026-09-01,15:30:00,2026-09-01 17:00:00,8630.T,6913,12,82956,OK,Yahoo Finance JP full-market screener (delayed)
2026-09-01,15:30:00,2026-09-01 17:00:00,8750.T,1868.5,10,18685,OK,Yahoo Finance JP full-market screener (delayed)
2026-09-01,15:30:00,2026-09-01 17:00:00,8766.T,7806,12,93672,OK,Yahoo Finance JP full-market screener (delayed)
2026-09-01,15:30:00,2026-09-01 17:00:00,8795.T,4950,14,69300,OK,Yahoo Finance JP full-market screener (delayed)
2026-09-01,15:30:00,2026-09-01 17:00:00,9432.T,175.6,500,87800,OK,Yahoo Finance JP full-market screener (delayed)
2026-09-01,15:30:00,2026-09-01 17:00:00,9433.T,3007,23,69161,OK,Yahoo Finance JP full-market screener (delayed)
2026-09-01,15:30:00,2026-09-01 17:00:00,9697.T,4336,7,30352,OK,Yahoo Finance JP full-market screener (delayed)
2026-09-01,15:30:00,2026-09-01 17:00:00,9983.T,71260,2,142520,OK,Yahoo Finance JP full-market screener (delayed)
2026-09-02,09:04:58,2026-09-02 09:00:00,1801.T,12995,3,38985,OK,Yahoo Finance JP full-market screener (delayed)
2026-09-02,09:05:02,2026-09-02 09:00:00,1812.T,4979,14,69706,OK,Yahoo Finance JP full-market screener (delayed)
2026-09-02,09:05:03,2026-09-02 09:00:00,5333.T,5181,5,25905,OK,Yahoo Finance JP full-market screener (delayed)
2026-09-02,09:05:03,2026-09-02 09:00:00,5803.T,5162,8,41296,OK,Yahoo Finance JP full-market screener (delayed)
2026-09-02,09:05:00,2026-09-02 09:00:00,6146.T,55010,1,55010,OK,Yahoo Finance JP full-market screener (delayed)
2026-09-02,09:05:03,2026-09-02 09:00:00,6383.T,5636,6,33816,OK,Yahoo Finance JP full-market screener (delayed)
2026-09-02,09:05:03,2026-09-02 09:00:00,6501.T,5445,15,81675,OK,Yahoo Finance JP full-market screener (delayed)
2026-09-02,09:05:03,2026-09-02 09:00:00,6503.T,5399,14,75586,OK,Yahoo Finance JP full-market screener (delayed)
2026-09-02,09:05:01,2026-09-02 09:00:00,6504.T,13260,6,79560,OK,Yahoo Finance JP full-market screener (delayed)
2026-09-02,09:05:03,2026-09-02 09:00:00,6762.T,2978.5,23,68505.5,OK,Yahoo Finance JP full-market screener (delayed)
2026-09-02,09:04:58,2026-09-02 09:00:00,6861.T,82280,2,164560,OK,Yahoo Finance JP full-market screener (delayed)
2026-09-02,09:05:03,2026-09-02 09:00:00,7012.T,2448.5,25,61212.5,OK,Yahoo Finance JP full-market screener (delayed)
2026-09-02,09:05:03,2026-09-02 09:00:00,7203.T,3174,23,73002,OK,Yahoo Finance JP full-market screener (delayed)
2026-09-02,09:05:03,2026-09-02 09:00:00,7269.T,2205,20,44100,OK,Yahoo Finance JP full-market screener (delayed)
2026-09-02,09:05:03,2026-09-02 09:00:00,7532.T,765.9,70,53613,OK,Yahoo Finance JP full-market screener (delayed)
2026-09-02,09:05:01,2026-09-02 09:00:00,7832.T,5727,16,91632,OK,Yahoo Finance JP full-market screener (delayed)
2026-09-02,09:05:03,2026-09-02 09:00:00,8035.T,52560,1,52560,OK,Yahoo Finance JP full-market screener (delayed)
2026-09-02,09:05:03,2026-09-02 09:00:00,8306.T,3671,18,66078,OK,Yahoo Finance JP full-market screener (delayed)
2026-09-02,09:05:03,2026-09-02 09:00:00,8316.T,6935,13,90155,OK,Yahoo Finance JP full-market screener (delayed)
2026-09-02,09:05:03,2026-09-02 09:00:00,8411.T,8590,10,85900,OK,Yahoo Finance JP full-market screener (delayed)
2026-09-02,09:05:03,2026-09-02 09:00:00,8591.T,6345,13,82485,OK,Yahoo Finance JP full-market screener (delayed)
2026-09-02,09:05:02,2026-09-02 09:00:00,8630.T,6892,12,82704,OK,Yahoo Finance JP full-market screener (delayed)
2026-09-02,09:05:03,2026-09-02 09:00:00,8750.T,1860.5,10,18605,OK,Yahoo Finance JP full-market screener (delayed)
2026-09-02,09:05:02,2026-09-02 09:00:00,8766.T,7782,12,93384,OK,Yahoo Finance JP full-market screener (delayed)
2026-09-02,09:05:00,2026-09-02 09:00:00,8795.T,4916,14,68824,OK,Yahoo Finance JP full-market screener (delayed)
2026-09-02,09:05:02,2026-09-02 09:00:00,9432.T,175.8,500,87900,OK,Yahoo Finance JP full-market screener (delayed)
2026-09-02,09:05:02,2026-09-02 09:00:00,9433.T,3010,23,69230,OK,Yahoo Finance JP full-market screener (delayed)
2026-09-02,09:05:02,2026-09-02 09:00:00,9697.T,4277,7,29939,OK,Yahoo Finance JP full-market screener (delayed)
2026-09-02,09:05:00,2026-09-02 09:00:00,9983.T,70860,2,141720,OK,Yahoo Finance JP full-market screener (delayed)
2026-09-02,10:05:01,2026-09-02 10:00:00,1801.T,12550,3,37650,OK,Yahoo Finance JP full-market screener (delayed)
2026-09-02,10:05:02,2026-09-02 10:00:00,1812.T,4922,14,68908,OK,Yahoo Finance JP full-market screener (delayed)
2026-09-02,10:04:47,2026-09-02 10:00:00,5333.T,5164,5,25820,OK,Yahoo Finance JP full-market screener (delayed)
2026-09-02,10:05:03,2026-09-02 10:00:00,5803.T,5211,8,41688,OK,Yahoo Finance JP full-market screener (delayed)
2026-09-02,10:04:59,2026-09-02 10:00:00,6146.T,55660,1,55660,OK,Yahoo Finance JP full-market screener (delayed)
2026-09-02,10:04:46,2026-09-02 10:00:00,6383.T,5635,6,33810,OK,Yahoo Finance JP full-market screener (delayed)
2026-09-02,10:05:02,2026-09-02 10:00:00,6501.T,5394,15,80910,OK,Yahoo Finance JP full-market screener (delayed)
2026-09-02,10:05:02,2026-09-02 10:00:00,6503.T,5323,14,74522,OK,Yahoo Finance JP full-market screener (delayed)
2026-09-02,10:04:31,2026-09-02 10:00:00,6504.T,13200,6,79200,OK,Yahoo Finance JP full-market screener (delayed)
2026-09-02,10:05:03,2026-09-02 10:00:00,6762.T,2916,23,67068,OK,Yahoo Finance JP full-market screener (delayed)
2026-09-02,10:05:02,2026-09-02 10:00:00,6861.T,79570,2,159140,OK,Yahoo Finance JP full-market screener (delayed)
2026-09-02,10:05:00,2026-09-02 10:00:00,7012.T,2435,25,60875,OK,Yahoo Finance JP full-market screener (delayed)
2026-09-02,10:05:02,2026-09-02 10:00:00,7203.T,3142,23,72266,OK,Yahoo Finance JP full-market screener (delayed)
2026-09-02,10:05:03,2026-09-02 10:00:00,7269.T,2153.5,20,43070,OK,Yahoo Finance JP full-market screener (delayed)
2026-09-02,10:05:00,2026-09-02 10:00:00,7532.T,770,70,53900,OK,Yahoo Finance JP full-market screener (delayed)
2026-09-02,10:04:59,2026-09-02 10:00:00,7832.T,5623,16,89968,OK,Yahoo Finance JP full-market screener (delayed)
2026-09-02,10:05:00,2026-09-02 10:00:00,8035.T,52860,1,52860,OK,Yahoo Finance JP full-market screener (delayed)
2026-09-02,10:05:03,2026-09-02 10:00:00,8306.T,3662,18,65916,OK,Yahoo Finance JP full-market screener (delayed)
2026-09-02,10:05:03,2026-09-02 10:00:00,8316.T,6929,13,90077,OK,Yahoo Finance JP full-market screener (delayed)
2026-09-02,10:05:03,2026-09-02 10:00:00,8411.T,8625,10,86250,OK,Yahoo Finance JP full-market screener (delayed)
2026-09-02,10:05:00,2026-09-02 10:00:00,8591.T,6303,13,81939,OK,Yahoo Finance JP full-market screener (delayed)
2026-09-02,10:05:03,2026-09-02 10:00:00,8630.T,6870,12,82440,OK,Yahoo Finance JP full-market screener (delayed)
2026-09-02,10:05:01,2026-09-02 10:00:00,8750.T,1846,10,18460,OK,Yahoo Finance JP full-market screener (delayed)
2026-09-02,10:05:03,2026-09-02 10:00:00,8766.T,7786,12,93432,OK,Yahoo Finance JP full-market screener (delayed)
2026-09-02,10:05:00,2026-09-02 10:00:00,8795.T,4892,14,68488,OK,Yahoo Finance JP full-market screener (delayed)
2026-09-02,10:05:03,2026-09-02 10:00:00,9432.T,174.2,500,87100,OK,Yahoo Finance JP full-market screener (delayed)
2026-09-02,10:04:45,2026-09-02 10:00:00,9433.T,3001,23,69023,OK,Yahoo Finance JP full-market screener (delayed)
2026-09-02,10:05:03,2026-09-02 10:00:00,9697.T,4239,7,29673,OK,Yahoo Finance JP full-market screener (delayed)
2026-09-02,10:04:50,2026-09-02 10:00:00,9983.T,70380,2,140760,OK,Yahoo Finance JP full-market screener (delayed)
2026-09-02,12:43:46,2026-09-02 12:00:00,1801.T,12490,3,37470,OK,Yahoo Finance JP full-market screener (delayed)
2026-09-02,12:43:37,2026-09-02 12:00:00,1812.T,4877,14,68278,OK,Yahoo Finance JP full-market screener (delayed)
2026-09-02,12:43:50,2026-09-02 12:00:00,5333.T,5147,5,25735,OK,Yahoo Finance JP full-market screener (delayed)
2026-09-02,12:43:50,2026-09-02 12:00:00,5803.T,5106,8,40848,OK,Yahoo Finance JP full-market screener (delayed)
2026-09-02,12:43:31,2026-09-02 12:00:00,6146.T,54960,1,54960,OK,Yahoo Finance JP full-market screener (delayed)
2026-09-02,12:43:40,2026-09-02 12:00:00,6383.T,5614,6,33684,OK,Yahoo Finance JP full-market screener (delayed)
2026-09-02,12:43:50,2026-09-02 12:00:00,6501.T,5382,15,80730,OK,Yahoo Finance JP full-market screener (delayed)
2026-09-02,12:43:46,2026-09-02 12:00:00,6503.T,5291,14,74074,OK,Yahoo Finance JP full-market screener (delayed)
2026-09-02,12:43:31,2026-09-02 12:00:00,6504.T,13105,6,78630,OK,Yahoo Finance JP full-market screener (delayed)
2026-09-02,12:43:48,2026-09-02 12:00:00,6762.T,2892,23,66516,OK,Yahoo Finance JP full-market screener (delayed)
2026-09-02,12:42:43,2026-09-02 12:00:00,6861.T,78660,2,157320,OK,Yahoo Finance JP full-market screener (delayed)
2026-09-02,12:43:47,2026-09-02 12:00:00,7012.T,2421,25,60525,OK,Yahoo Finance JP full-market screener (delayed)
2026-09-02,12:43:47,2026-09-02 12:00:00,7203.T,3134,23,72082,OK,Yahoo Finance JP full-market screener (delayed)
2026-09-02,12:43:49,2026-09-02 12:00:00,7269.T,2127,20,42540,OK,Yahoo Finance JP full-market screener (delayed)
2026-09-02,12:43:50,2026-09-02 12:00:00,7532.T,772.7,70,54089,OK,Yahoo Finance JP full-market screener (delayed)
2026-09-02,12:43:48,2026-09-02 12:00:00,7832.T,5692,16,91072,OK,Yahoo Finance JP full-market screener (delayed)
2026-09-02,12:43:50,2026-09-02 12:00:00,8035.T,52810,1,52810,OK,Yahoo Finance JP full-market screener (delayed)
2026-09-02,12:43:50,2026-09-02 12:00:00,8306.T,3682,18,66276,OK,Yahoo Finance JP full-market screener (delayed)
2026-09-02,12:43:50,2026-09-02 12:00:00,8316.T,6963,13,90519,OK,Yahoo Finance JP full-market screener (delayed)
2026-09-02,12:43:50,2026-09-02 12:00:00,8411.T,8637,10,86370,OK,Yahoo Finance JP full-market screener (delayed)
2026-09-02,12:43:40,2026-09-02 12:00:00,8591.T,6282,13,81666,OK,Yahoo Finance JP full-market screener (delayed)
2026-09-02,12:43:43,2026-09-02 12:00:00,8630.T,6908,12,82896,OK,Yahoo Finance JP full-market screener (delayed)
2026-09-02,12:43:46,2026-09-02 12:00:00,8750.T,1856,10,18560,OK,Yahoo Finance JP full-market screener (delayed)
2026-09-02,12:43:46,2026-09-02 12:00:00,8766.T,7807,12,93684,OK,Yahoo Finance JP full-market screener (delayed)
2026-09-02,12:43:10,2026-09-02 12:00:00,8795.T,4887,14,68418,OK,Yahoo Finance JP full-market screener (delayed)
2026-09-02,12:43:50,2026-09-02 12:00:00,9432.T,174.7,500,87350,OK,Yahoo Finance JP full-market screener (delayed)
2026-09-02,12:43:50,2026-09-02 12:00:00,9433.T,3002,23,69046,OK,Yahoo Finance JP full-market screener (delayed)
2026-09-02,12:43:49,2026-09-02 12:00:00,9697.T,4264,7,29848,OK,Yahoo Finance JP full-market screener (delayed)
2026-09-02,12:43:18,2026-09-02 12:00:00,9983.T,70580,2,141160,OK,Yahoo Finance JP full-market screener (delayed)
2026-09-02,13:04:57,2026-09-02 13:00:00,1801.T,12520,3,37560,OK,Yahoo Finance JP full-market screener (delayed)
2026-09-02,13:05:04,2026-09-02 13:00:00,1812.T,4884,14,68376,OK,Yahoo Finance JP full-market screener (delayed)
2026-09-02,13:05:05,2026-09-02 13:00:00,5333.T,5117,5,25585,OK,Yahoo Finance JP full-market screener (delayed)
2026-09-02,13:05:05,2026-09-02 13:00:00,5803.T,5092,8,40736,OK,Yahoo Finance JP full-market screener (delayed)
2026-09-02,13:04:57,2026-09-02 13:00:00,6146.T,54910,1,54910,OK,Yahoo Finance JP full-market screener (delayed)
2026-09-02,13:05:03,2026-09-02 13:00:00,6383.T,5589,6,33534,OK,Yahoo Finance JP full-market screener (delayed)
2026-09-02,13:05:00,2026-09-02 13:00:00,6501.T,5358,15,80370,OK,Yahoo Finance JP full-market screener (delayed)
2026-09-02,13:04:57,2026-09-02 13:00:00,6503.T,5267,14,73738,OK,Yahoo Finance JP full-market screener (delayed)
2026-09-02,13:05:02,2026-09-02 13:00:00,6504.T,13055,6,78330,OK,Yahoo Finance JP full-market screener (delayed)
2026-09-02,13:05:05,2026-09-02 13:00:00,6762.T,2866,23,65918,OK,Yahoo Finance JP full-market screener (delayed)
2026-09-02,13:05:04,2026-09-02 13:00:00,6861.T,78310,2,156620,OK,Yahoo Finance JP full-market screener (delayed)
2026-09-02,13:05:02,2026-09-02 13:00:00,7012.T,2417,25,60425,OK,Yahoo Finance JP full-market screener (delayed)
2026-09-02,13:05:02,2026-09-02 13:00:00,7203.T,3132,23,72036,OK,Yahoo Finance JP full-market screener (delayed)
2026-09-02,13:05:04,2026-09-02 13:00:00,7269.T,2126.5,20,42530,OK,Yahoo Finance JP full-market screener (delayed)
2026-09-02,13:05:01,2026-09-02 13:00:00,7532.T,774.5,70,54215,OK,Yahoo Finance JP full-market screener (delayed)
2026-09-02,13:05:02,2026-09-02 13:00:00,7832.T,5687,16,90992,OK,Yahoo Finance JP full-market screener (delayed)
2026-09-02,13:04:57,2026-09-02 13:00:00,8035.T,52720,1,52720,OK,Yahoo Finance JP full-market screener (delayed)
2026-09-02,13:05:03,2026-09-02 13:00:00,8306.T,3679,18,66222,OK,Yahoo Finance JP full-market screener (delayed)
2026-09-02,13:05:04,2026-09-02 13:00:00,8316.T,6959,13,90467,OK,Yahoo Finance JP full-market screener (delayed)
2026-09-02,13:05:04,2026-09-02 13:00:00,8411.T,8626,10,86260,OK,Yahoo Finance JP full-market screener (delayed)
2026-09-02,13:05:03,2026-09-02 13:00:00,8591.T,6278,13,81614,OK,Yahoo Finance JP full-market screener (delayed)
2026-09-02,13:04:55,2026-09-02 13:00:00,8630.T,6904,12,82848,OK,Yahoo Finance JP full-market screener (delayed)
2026-09-02,13:04:55,2026-09-02 13:00:00,8750.T,1856.5,10,18565,OK,Yahoo Finance JP full-market screener (delayed)
2026-09-02,13:05:01,2026-09-02 13:00:00,8766.T,7797,12,93564,OK,Yahoo Finance JP full-market screener (delayed)
2026-09-02,13:04:51,2026-09-02 13:00:00,8795.T,4896,14,68544,OK,Yahoo Finance JP full-market screener (delayed)
2026-09-02,13:05:03,2026-09-02 13:00:00,9432.T,174.8,500,87400,OK,Yahoo Finance JP full-market screener (delayed)
2026-09-02,13:05:03,2026-09-02 13:00:00,9433.T,3005,23,69115,OK,Yahoo Finance JP full-market screener (delayed)
2026-09-02,13:04:53,2026-09-02 13:00:00,9697.T,4259,7,29813,OK,Yahoo Finance JP full-market screener (delayed)
2026-09-02,13:05:01,2026-09-02 13:00:00,9983.T,70330,2,140660,OK,Yahoo Finance JP full-market screener (delayed)
2026-09-02,14:04:38,2026-09-02 14:00:00,1801.T,12490,3,37470,OK,Yahoo Finance JP full-market screener (delayed)
2026-09-02,14:04:32,2026-09-02 14:00:00,1812.T,4882,14,68348,OK,Yahoo Finance JP full-market screener (delayed)
2026-09-02,14:05:04,2026-09-02 14:00:00,5333.T,5110,5,25550,OK,Yahoo Finance JP full-market screener (delayed)
2026-09-02,14:05:03,2026-09-02 14:00:00,5803.T,5095,8,40760,OK,Yahoo Finance JP full-market screener (delayed)
2026-09-02,14:05:04,2026-09-02 14:00:00,6146.T,55070,1,55070,OK,Yahoo Finance JP full-market screener (delayed)
2026-09-02,14:05:04,2026-09-02 14:00:00,6383.T,5588,6,33528,OK,Yahoo Finance JP full-market screener (delayed)
2026-09-02,14:04:59,2026-09-02 14:00:00,6501.T,5360,15,80400,OK,Yahoo Finance JP full-market screener (delayed)
2026-09-02,14:04:58,2026-09-02 14:00:00,6503.T,5266,14,73724,OK,Yahoo Finance JP full-market screener (delayed)
2026-09-02,14:05:01,2026-09-02 14:00:00,6504.T,13015,6,78090,OK,Yahoo Finance JP full-market screener (delayed)
2026-09-02,14:05:04,2026-09-02 14:00:00,6762.T,2866,23,65918,OK,Yahoo Finance JP full-market screener (delayed)
2026-09-02,14:05:03,2026-09-02 14:00:00,6861.T,78140,2,156280,OK,Yahoo Finance JP full-market screener (delayed)
2026-09-02,14:05:04,2026-09-02 14:00:00,7012.T,2425,25,60625,OK,Yahoo Finance JP full-market screener (delayed)
2026-09-02,14:05:03,2026-09-02 14:00:00,7203.T,3124,23,71852,OK,Yahoo Finance JP full-market screener (delayed)
2026-09-02,14:05:03,2026-09-02 14:00:00,7269.T,2116,20,42320,OK,Yahoo Finance JP full-market screener (delayed)
2026-09-02,14:05:01,2026-09-02 14:00:00,7532.T,772.9,70,54103,OK,Yahoo Finance JP full-market screener (delayed)
2026-09-02,14:05:04,2026-09-02 14:00:00,7832.T,5663,16,90608,OK,Yahoo Finance JP full-market screener (delayed)
2026-09-02,14:05:04,2026-09-02 14:00:00,8035.T,52770,1,52770,OK,Yahoo Finance JP full-market screener (delayed)
2026-09-02,14:05:05,2026-09-02 14:00:00,8306.T,3689,18,66402,OK,Yahoo Finance JP full-market screener (delayed)
2026-09-02,14:05:05,2026-09-02 14:00:00,8316.T,6975,13,90675,OK,Yahoo Finance JP full-market screener (delayed)
2026-09-02,14:05:03,2026-09-02 14:00:00,8411.T,8643,10,86430,OK,Yahoo Finance JP full-market screener (delayed)
2026-09-02,14:04:46,2026-09-02 14:00:00,8591.T,6280,13,81640,OK,Yahoo Finance JP full-market screener (delayed)
2026-09-02,14:05:03,2026-09-02 14:00:00,8630.T,6912,12,82944,OK,Yahoo Finance JP full-market screener (delayed)
2026-09-02,14:05:05,2026-09-02 14:00:00,8750.T,1855,10,18550,OK,Yahoo Finance JP full-market screener (delayed)
2026-09-02,14:04:59,2026-09-02 14:00:00,8766.T,7806,12,93672,OK,Yahoo Finance JP full-market screener (delayed)
2026-09-02,14:04:53,2026-09-02 14:00:00,8795.T,4899,14,68586,OK,Yahoo Finance JP full-market screener (delayed)
2026-09-02,14:05:03,2026-09-02 14:00:00,9432.T,174.9,500,87450,OK,Yahoo Finance JP full-market screener (delayed)
2026-09-02,14:05:01,2026-09-02 14:00:00,9433.T,2998.5,23,68965.5,OK,Yahoo Finance JP full-market screener (delayed)
2026-09-02,14:04:55,2026-09-02 14:00:00,9697.T,4225,7,29575,OK,Yahoo Finance JP full-market screener (delayed)
2026-09-02,14:05:05,2026-09-02 14:00:00,9983.T,70080,2,140160,OK,Yahoo Finance JP full-market screener (delayed)
2026-09-02,15:05:03,2026-09-02 15:00:00,1801.T,12545,3,37635,OK,Yahoo Finance JP full-market screener (delayed)
2026-09-02,15:04:58,2026-09-02 15:00:00,1812.T,4885,14,68390,OK,Yahoo Finance JP full-market screener (delayed)
2026-09-02,15:04:55,2026-09-02 15:00:00,5333.T,5123,5,25615,OK,Yahoo Finance JP full-market screener (delayed)
2026-09-02,15:05:04,2026-09-02 15:00:00,5803.T,5098,8,40784,OK,Yahoo Finance JP full-market screener (delayed)
2026-09-02,15:05:04,2026-09-02 15:00:00,6146.T,55340,1,55340,OK,Yahoo Finance JP full-market screener (delayed)
2026-09-02,15:04:50,2026-09-02 15:00:00,6383.T,5586,6,33516,OK,Yahoo Finance JP full-market screener (delayed)
2026-09-02,15:05:01,2026-09-02 15:00:00,6501.T,5337,15,80055,OK,Yahoo Finance JP full-market screener (delayed)
2026-09-02,15:05:02,2026-09-02 15:00:00,6503.T,5272,14,73808,OK,Yahoo Finance JP full-market screener (delayed)
2026-09-02,15:04:46,2026-09-02 15:00:00,6504.T,13055,6,78330,OK,Yahoo Finance JP full-market screener (delayed)
2026-09-02,15:04:55,2026-09-02 15:00:00,6762.T,2905,23,66815,OK,Yahoo Finance JP full-market screener (delayed)
2026-09-02,15:04:37,2026-09-02 15:00:00,6861.T,78450,2,156900,OK,Yahoo Finance JP full-market screener (delayed)
2026-09-02,15:05:04,2026-09-02 15:00:00,7012.T,2430.5,25,60762.5,OK,Yahoo Finance JP full-market screener (delayed)
2026-09-02,15:05:01,2026-09-02 15:00:00,7203.T,3124,23,71852,OK,Yahoo Finance JP full-market screener (delayed)
2026-09-02,15:05:03,2026-09-02 15:00:00,7269.T,2127.5,20,42550,OK,Yahoo Finance JP full-market screener (delayed)
2026-09-02,15:05:01,2026-09-02 15:00:00,7532.T,772.3,70,54061,OK,Yahoo Finance JP full-market screener (delayed)
2026-09-02,15:04:51,2026-09-02 15:00:00,7832.T,5652,16,90432,OK,Yahoo Finance JP full-market screener (delayed)
2026-09-02,15:05:04,2026-09-02 15:00:00,8035.T,53140,1,53140,OK,Yahoo Finance JP full-market screener (delayed)
2026-09-02,15:05:04,2026-09-02 15:00:00,8306.T,3683,18,66294,OK,Yahoo Finance JP full-market screener (delayed)
2026-09-02,15:05:04,2026-09-02 15:00:00,8316.T,6969,13,90597,OK,Yahoo Finance JP full-market screener (delayed)
2026-09-02,15:05:04,2026-09-02 15:00:00,8411.T,8646,10,86460,OK,Yahoo Finance JP full-market screener (delayed)
2026-09-02,15:04:56,2026-09-02 15:00:00,8591.T,6291,13,81783,OK,Yahoo Finance JP full-market screener (delayed)
2026-09-02,15:05:00,2026-09-02 15:00:00,8630.T,6897,12,82764,OK,Yahoo Finance JP full-market screener (delayed)
2026-09-02,15:05:03,2026-09-02 15:00:00,8750.T,1848.5,10,18485,OK,Yahoo Finance JP full-market screener (delayed)
2026-09-02,15:05:04,2026-09-02 15:00:00,8766.T,7784,12,93408,OK,Yahoo Finance JP full-market screener (delayed)
2026-09-02,15:05:01,2026-09-02 15:00:00,8795.T,4878,14,68292,OK,Yahoo Finance JP full-market screener (delayed)
2026-09-02,15:05:04,2026-09-02 15:00:00,9432.T,174.6,500,87300,OK,Yahoo Finance JP full-market screener (delayed)
2026-09-02,15:05:04,2026-09-02 15:00:00,9433.T,2990.5,23,68781.5,OK,Yahoo Finance JP full-market screener (delayed)
2026-09-02,15:04:50,2026-09-02 15:00:00,9697.T,4214,7,29498,OK,Yahoo Finance JP full-market screener (delayed)
2026-09-02,15:04:45,2026-09-02 15:00:00,9983.T,70320,2,140640,OK,Yahoo Finance JP full-market screener (delayed)
2026-09-02,15:30:00,2026-09-02 16:00:00,1801.T,12605,3,37815,OK,Yahoo Finance JP full-market screener (delayed)
2026-09-02,15:30:00,2026-09-02 16:00:00,1812.T,4881,14,68334,OK,Yahoo Finance JP full-market screener (delayed)
2026-09-02,15:30:00,2026-09-02 16:00:00,5333.T,5144,5,25720,OK,Yahoo Finance JP full-market screener (delayed)
2026-09-02,15:30:00,2026-09-02 16:00:00,5803.T,5090,8,40720,OK,Yahoo Finance JP full-market screener (delayed)
2026-09-02,15:30:00,2026-09-02 16:00:00,6146.T,55170,1,55170,OK,Yahoo Finance JP full-market screener (delayed)
2026-09-02,15:30:00,2026-09-02 16:00:00,6383.T,5557,6,33342,OK,Yahoo Finance JP full-market screener (delayed)
2026-09-02,15:30:00,2026-09-02 16:00:00,6501.T,5335,15,80025,OK,Yahoo Finance JP full-market screener (delayed)
2026-09-02,15:30:00,2026-09-02 16:00:00,6503.T,5276,14,73864,OK,Yahoo Finance JP full-market screener (delayed)
2026-09-02,15:30:00,2026-09-02 16:00:00,6504.T,13005,6,78030,OK,Yahoo Finance JP full-market screener (delayed)
2026-09-02,15:30:00,2026-09-02 16:00:00,6762.T,2884,23,66332,OK,Yahoo Finance JP full-market screener (delayed)
2026-09-02,15:30:00,2026-09-02 16:00:00,6861.T,78020,2,156040,OK,Yahoo Finance JP full-market screener (delayed)
2026-09-02,15:30:00,2026-09-02 16:00:00,7012.T,2428.5,25,60712.5,OK,Yahoo Finance JP full-market screener (delayed)
2026-09-02,15:30:00,2026-09-02 16:00:00,7203.T,3133,23,72059,OK,Yahoo Finance JP full-market screener (delayed)
2026-09-02,15:30:00,2026-09-02 16:00:00,7269.T,2122,20,42440,OK,Yahoo Finance JP full-market screener (delayed)
2026-09-02,15:30:00,2026-09-02 16:00:00,7532.T,769,70,53830,OK,Yahoo Finance JP full-market screener (delayed)
2026-09-02,15:30:00,2026-09-02 16:00:00,7832.T,5641,16,90256,OK,Yahoo Finance JP full-market screener (delayed)
2026-09-02,15:30:00,2026-09-02 16:00:00,8035.T,53110,1,53110,OK,Yahoo Finance JP full-market screener (delayed)
2026-09-02,15:30:00,2026-09-02 16:00:00,8306.T,3684,18,66312,OK,Yahoo Finance JP full-market screener (delayed)
2026-09-02,15:30:00,2026-09-02 16:00:00,8316.T,6971,13,90623,OK,Yahoo Finance JP full-market screener (delayed)
2026-09-02,15:30:00,2026-09-02 16:00:00,8411.T,8669,10,86690,OK,Yahoo Finance JP full-market screener (delayed)
2026-09-02,15:30:00,2026-09-02 16:00:00,8591.T,6286,13,81718,OK,Yahoo Finance JP full-market screener (delayed)
2026-09-02,15:30:00,2026-09-02 16:00:00,8630.T,6868,12,82416,OK,Yahoo Finance JP full-market screener (delayed)
2026-09-02,15:30:00,2026-09-02 16:00:00,8750.T,1846,10,18460,OK,Yahoo Finance JP full-market screener (delayed)
2026-09-02,15:30:00,2026-09-02 16:00:00,8766.T,7775,12,93300,OK,Yahoo Finance JP full-market screener (delayed)
2026-09-02,15:30:00,2026-09-02 16:00:00,8795.T,4872,14,68208,OK,Yahoo Finance JP full-market screener (delayed)
2026-09-02,15:30:00,2026-09-02 16:00:00,9432.T,175.2,500,87600,OK,Yahoo Finance JP full-market screener (delayed)
2026-09-02,15:30:00,2026-09-02 16:00:00,9433.T,2986,23,68678,OK,Yahoo Finance JP full-market screener (delayed)
2026-09-02,15:30:00,2026-09-02 16:00:00,9697.T,4224,7,29568,OK,Yahoo Finance JP full-market screener (delayed)
2026-09-02,15:30:00,2026-09-02 16:00:00,9983.T,70400,2,140800,OK,Yahoo Finance JP full-market screener (delayed)
2026-09-03,13:05:02,2026-09-03 13:00:00,1801.T,12675,3,38025,OK,Yahoo Finance JP full-market screener (delayed)
2026-09-03,13:05:02,2026-09-03 13:00:00,1812.T,4958,14,69412,OK,Yahoo Finance JP full-market screener (delayed)
2026-09-03,13:05:01,2026-09-03 13:00:00,5333.T,5163,5,25815,OK,Yahoo Finance JP full-market screener (delayed)
2026-09-03,13:05:02,2026-09-03 13:00:00,5803.T,5004,8,40032,OK,Yahoo Finance JP full-market screener (delayed)
2026-09-03,13:04:58,2026-09-03 13:00:00,6146.T,54760,1,54760,OK,Yahoo Finance JP full-market screener (delayed)
2026-09-03,13:04:31,2026-09-03 13:00:00,6383.T,5617,6,33702,OK,Yahoo Finance JP full-market screener (delayed)
2026-09-03,13:05:02,2026-09-03 13:00:00,6501.T,5378,15,80670,OK,Yahoo Finance JP full-market screener (delayed)
2026-09-03,13:05:03,2026-09-03 13:00:00,6503.T,5327,14,74578,OK,Yahoo Finance JP full-market screener (delayed)
2026-09-03,13:04:57,2026-09-03 13:00:00,6504.T,13020,6,78120,OK,Yahoo Finance JP full-market screener (delayed)
2026-09-03,13:05:01,2026-09-03 13:00:00,6762.T,2881.5,23,66274.5,OK,Yahoo Finance JP full-market screener (delayed)
2026-09-03,13:04:56,2026-09-03 13:00:00,6861.T,78350,2,156700,OK,Yahoo Finance JP full-market screener (delayed)
2026-09-03,13:05:02,2026-09-03 13:00:00,7012.T,2489.5,25,62237.5,OK,Yahoo Finance JP full-market screener (delayed)
2026-09-03,13:05:02,2026-09-03 13:00:00,7203.T,3154,23,72542,OK,Yahoo Finance JP full-market screener (delayed)
2026-09-03,13:05:02,2026-09-03 13:00:00,7269.T,2131,20,42620,OK,Yahoo Finance JP full-market screener (delayed)
2026-09-03,13:04:52,2026-09-03 13:00:00,7532.T,764.9,70,53543,OK,Yahoo Finance JP full-market screener (delayed)
2026-09-03,13:04:52,2026-09-03 13:00:00,7832.T,5641,16,90256,OK,Yahoo Finance JP full-market screener (delayed)
2026-09-03,13:05:02,2026-09-03 13:00:00,8035.T,53650,1,53650,OK,Yahoo Finance JP full-market screener (delayed)
2026-09-03,13:05:02,2026-09-03 13:00:00,8306.T,3783,18,68094,OK,Yahoo Finance JP full-market screener (delayed)
2026-09-03,13:05:03,2026-09-03 13:00:00,8316.T,7158,13,93054,OK,Yahoo Finance JP full-market screener (delayed)
2026-09-03,13:05:02,2026-09-03 13:00:00,8411.T,8864,10,88640,OK,Yahoo Finance JP full-market screener (delayed)
2026-09-03,13:05:02,2026-09-03 13:00:00,8591.T,6457,13,83941,OK,Yahoo Finance JP full-market screener (delayed)
2026-09-03,13:04:59,2026-09-03 13:00:00,8630.T,6907,12,82884,OK,Yahoo Finance JP full-market screener (delayed)
2026-09-03,13:04:42,2026-09-03 13:00:00,8750.T,1886,10,18860,OK,Yahoo Finance JP full-market screener (delayed)
2026-09-03,13:04:59,2026-09-03 13:00:00,8766.T,7967,12,95604,OK,Yahoo Finance JP full-market screener (delayed)
2026-09-03,13:05:01,2026-09-03 13:00:00,8795.T,4937,14,69118,OK,Yahoo Finance JP full-market screener (delayed)
2026-09-03,13:05:03,2026-09-03 13:00:00,9432.T,173.3,500,86650,OK,Yahoo Finance JP full-market screener (delayed)
2026-09-03,13:05:02,2026-09-03 13:00:00,9433.T,2984,23,68632,OK,Yahoo Finance JP full-market screener (delayed)
2026-09-03,13:04:52,2026-09-03 13:00:00,9697.T,4208,7,29456,OK,Yahoo Finance JP full-market screener (delayed)
2026-09-03,13:04:20,2026-09-03 13:00:00,9983.T,68130,2,136260,OK,Yahoo Finance JP full-market screener (delayed)
2026-09-03,14:05:01,2026-09-03 14:00:00,1801.T,12745,3,38235,OK,Yahoo Finance JP full-market screener (delayed)
2026-09-03,14:05:03,2026-09-03 14:00:00,1812.T,4953,14,69342,OK,Yahoo Finance JP full-market screener (delayed)
2026-09-03,14:05:03,2026-09-03 14:00:00,5333.T,5137,5,25685,OK,Yahoo Finance JP full-market screener (delayed)
2026-09-03,14:05:04,2026-09-03 14:00:00,5803.T,4977,8,39816,OK,Yahoo Finance JP full-market screener (delayed)
2026-09-03,14:05:01,2026-09-03 14:00:00,6146.T,54500,1,54500,OK,Yahoo Finance JP full-market screener (delayed)
2026-09-03,14:04:59,2026-09-03 14:00:00,6383.T,5621,6,33726,OK,Yahoo Finance JP full-market screener (delayed)
2026-09-03,14:04:57,2026-09-03 14:00:00,6501.T,5361,15,80415,OK,Yahoo Finance JP full-market screener (delayed)
2026-09-03,14:04:50,2026-09-03 14:00:00,6503.T,5333,14,74662,OK,Yahoo Finance JP full-market screener (delayed)
2026-09-03,14:05:01,2026-09-03 14:00:00,6504.T,12985,6,77910,OK,Yahoo Finance JP full-market screener (delayed)
2026-09-03,14:05:04,2026-09-03 14:00:00,6762.T,2861.5,23,65814.5,OK,Yahoo Finance JP full-market screener (delayed)
2026-09-03,14:05:01,2026-09-03 14:00:00,6861.T,77980,2,155960,OK,Yahoo Finance JP full-market screener (delayed)
2026-09-03,14:05:01,2026-09-03 14:00:00,7012.T,2485.5,25,62137.5,OK,Yahoo Finance JP full-market screener (delayed)
2026-09-03,14:05:02,2026-09-03 14:00:00,7203.T,3142,23,72266,OK,Yahoo Finance JP full-market screener (delayed)
2026-09-03,14:05:02,2026-09-03 14:00:00,7269.T,2123.5,20,42470,OK,Yahoo Finance JP full-market screener (delayed)
2026-09-03,14:05:03,2026-09-03 14:00:00,7532.T,762.7,70,53389,OK,Yahoo Finance JP full-market screener (delayed)
2026-09-03,14:05:02,2026-09-03 14:00:00,7832.T,5612,16,89792,OK,Yahoo Finance JP full-market screener (delayed)
2026-09-03,14:05:01,2026-09-03 14:00:00,8035.T,53340,1,53340,OK,Yahoo Finance JP full-market screener (delayed)
2026-09-03,14:05:01,2026-09-03 14:00:00,8306.T,3786,18,68148,OK,Yahoo Finance JP full-market screener (delayed)
2026-09-03,14:05:01,2026-09-03 14:00:00,8316.T,7145,13,92885,OK,Yahoo Finance JP full-market screener (delayed)
2026-09-03,14:04:59,2026-09-03 14:00:00,8411.T,8839,10,88390,OK,Yahoo Finance JP full-market screener (delayed)
2026-09-03,14:05:01,2026-09-03 14:00:00,8591.T,6423,13,83499,OK,Yahoo Finance JP full-market screener (delayed)
2026-09-03,14:04:58,2026-09-03 14:00:00,8630.T,6912,12,82944,OK,Yahoo Finance JP full-market screener (delayed)
2026-09-03,14:05:01,2026-09-03 14:00:00,8750.T,1887.5,10,18875,OK,Yahoo Finance JP full-market screener (delayed)
2026-09-03,14:05:02,2026-09-03 14:00:00,8766.T,7968,12,95616,OK,Yahoo Finance JP full-market screener (delayed)
2026-09-03,14:04:52,2026-09-03 14:00:00,8795.T,4935,14,69090,OK,Yahoo Finance JP full-market screener (delayed)
2026-09-03,14:05:03,2026-09-03 14:00:00,9432.T,172.8,500,86400,OK,Yahoo Finance JP full-market screener (delayed)
2026-09-03,14:05:02,2026-09-03 14:00:00,9433.T,2976,23,68448,OK,Yahoo Finance JP full-market screener (delayed)
2026-09-03,14:04:57,2026-09-03 14:00:00,9697.T,4201,7,29407,OK,Yahoo Finance JP full-market screener (delayed)
2026-09-03,14:05:01,2026-09-03 14:00:00,9983.T,68000,2,136000,OK,Yahoo Finance JP full-market screener (delayed)
2026-09-03,15:04:43,2026-09-03 15:00:00,1801.T,12785,3,38355,OK,Yahoo Finance JP full-market screener (delayed)
2026-09-03,15:04:56,2026-09-03 15:00:00,1812.T,4936,14,69104,OK,Yahoo Finance JP full-market screener (delayed)
2026-09-03,15:05:02,2026-09-03 15:00:00,5333.T,5133,5,25665,OK,Yahoo Finance JP full-market screener (delayed)
2026-09-03,15:05:03,2026-09-03 15:00:00,5803.T,4987,8,39896,OK,Yahoo Finance JP full-market screener (delayed)
2026-09-03,15:05:02,2026-09-03 15:00:00,6146.T,54390,1,54390,OK,Yahoo Finance JP full-market screener (delayed)
2026-09-03,15:05:02,2026-09-03 15:00:00,6383.T,5633,6,33798,OK,Yahoo Finance JP full-market screener (delayed)
2026-09-03,15:05:01,2026-09-03 15:00:00,6501.T,5343,15,80145,OK,Yahoo Finance JP full-market screener (delayed)
2026-09-03,15:04:56,2026-09-03 15:00:00,6503.T,5323,14,74522,OK,Yahoo Finance JP full-market screener (delayed)
2026-09-03,15:04:59,2026-09-03 15:00:00,6504.T,12900,6,77400,OK,Yahoo Finance JP full-market screener (delayed)
2026-09-03,15:05:02,2026-09-03 15:00:00,6762.T,2849,23,65527,OK,Yahoo Finance JP full-market screener (delayed)
2026-09-03,15:05:02,2026-09-03 15:00:00,6861.T,77670,2,155340,OK,Yahoo Finance JP full-market screener (delayed)
2026-09-03,15:05:01,2026-09-03 15:00:00,7012.T,2469,25,61725,OK,Yahoo Finance JP full-market screener (delayed)
2026-09-03,15:05:02,2026-09-03 15:00:00,7203.T,3133,23,72059,OK,Yahoo Finance JP full-market screener (delayed)
2026-09-03,15:05:00,2026-09-03 15:00:00,7269.T,2121.5,20,42430,OK,Yahoo Finance JP full-market screener (delayed)
2026-09-03,15:05:01,2026-09-03 15:00:00,7532.T,761.3,70,53291,OK,Yahoo Finance JP full-market screener (delayed)
2026-09-03,15:05:01,2026-09-03 15:00:00,7832.T,5624,16,89984,OK,Yahoo Finance JP full-market screener (delayed)
2026-09-03,15:05:02,2026-09-03 15:00:00,8035.T,53450,1,53450,OK,Yahoo Finance JP full-market screener (delayed)
2026-09-03,15:05:02,2026-09-03 15:00:00,8306.T,3765,18,67770,OK,Yahoo Finance JP full-market screener (delayed)
2026-09-03,15:05:02,2026-09-03 15:00:00,8316.T,7102,13,92326,OK,Yahoo Finance JP full-market screener (delayed)
2026-09-03,15:05:02,2026-09-03 15:00:00,8411.T,8743,10,87430,OK,Yahoo Finance JP full-market screener (delayed)
2026-09-03,15:04:58,2026-09-03 15:00:00,8591.T,6361,13,82693,OK,Yahoo Finance JP full-market screener (delayed)
2026-09-03,15:04:59,2026-09-03 15:00:00,8630.T,6889,12,82668,OK,Yahoo Finance JP full-market screener (delayed)
2026-09-03,15:05:02,2026-09-03 15:00:00,8750.T,1884.5,10,18845,OK,Yahoo Finance JP full-market screener (delayed)
2026-09-03,15:04:56,2026-09-03 15:00:00,8766.T,7950,12,95400,OK,Yahoo Finance JP full-market screener (delayed)
2026-09-03,15:04:57,2026-09-03 15:00:00,8795.T,4897,14,68558,OK,Yahoo Finance JP full-market screener (delayed)
2026-09-03,15:05:02,2026-09-03 15:00:00,9432.T,172.6,500,86300,OK,Yahoo Finance JP full-market screener (delayed)
2026-09-03,15:04:58,2026-09-03 15:00:00,9433.T,2977,23,68471,OK,Yahoo Finance JP full-market screener (delayed)
2026-09-03,15:04:23,2026-09-03 15:00:00,9697.T,4202,7,29414,OK,Yahoo Finance JP full-market screener (delayed)
2026-09-03,15:04:56,2026-09-03 15:00:00,9983.T,68140,2,136280,OK,Yahoo Finance JP full-market screener (delayed)
2026-09-03,15:30:00,2026-09-03 16:00:00,1801.T,12775,3,38325,OK,Yahoo Finance JP full-market screener (delayed)
2026-09-03,15:30:00,2026-09-03 16:00:00,1812.T,4922,14,68908,OK,Yahoo Finance JP full-market screener (delayed)
2026-09-03,15:30:00,2026-09-03 16:00:00,5333.T,5121,5,25605,OK,Yahoo Finance JP full-market screener (delayed)
2026-09-03,15:30:00,2026-09-03 16:00:00,5803.T,4951,8,39608,OK,Yahoo Finance JP full-market screener (delayed)
2026-09-03,15:30:00,2026-09-03 16:00:00,6146.T,54040,1,54040,OK,Yahoo Finance JP full-market screener (delayed)
2026-09-03,15:30:00,2026-09-03 16:00:00,6383.T,5610,6,33660,OK,Yahoo Finance JP full-market screener (delayed)
2026-09-03,15:30:00,2026-09-03 16:00:00,6501.T,5352,15,80280,OK,Yahoo Finance JP full-market screener (delayed)
2026-09-03,15:30:00,2026-09-03 16:00:00,6503.T,5310,14,74340,OK,Yahoo Finance JP full-market screener (delayed)
2026-09-03,15:30:00,2026-09-03 16:00:00,6504.T,12835,6,77010,OK,Yahoo Finance JP full-market screener (delayed)
2026-09-03,15:30:00,2026-09-03 16:00:00,6762.T,2832.5,23,65147.5,OK,Yahoo Finance JP full-market screener (delayed)
2026-09-03,15:30:00,2026-09-03 16:00:00,6861.T,77980,2,155960,OK,Yahoo Finance JP full-market screener (delayed)
2026-09-03,15:30:00,2026-09-03 16:00:00,7012.T,2450.5,25,61262.5,OK,Yahoo Finance JP full-market screener (delayed)
2026-09-03,15:30:00,2026-09-03 16:00:00,7203.T,3117,23,71691,OK,Yahoo Finance JP full-market screener (delayed)
2026-09-03,15:30:00,2026-09-03 16:00:00,7269.T,2108.5,20,42170,OK,Yahoo Finance JP full-market screener (delayed)
2026-09-03,15:30:00,2026-09-03 16:00:00,7532.T,760,70,53200,OK,Yahoo Finance JP full-market screener (delayed)
2026-09-03,15:30:00,2026-09-03 16:00:00,7832.T,5605,16,89680,OK,Yahoo Finance JP full-market screener (delayed)
2026-09-03,15:30:00,2026-09-03 16:00:00,8035.T,53300,1,53300,OK,Yahoo Finance JP full-market screener (delayed)
2026-09-03,15:30:00,2026-09-03 16:00:00,8306.T,3754,18,67572,OK,Yahoo Finance JP full-market screener (delayed)
2026-09-03,15:30:00,2026-09-03 16:00:00,8316.T,7089,13,92157,OK,Yahoo Finance JP full-market screener (delayed)
2026-09-03,15:30:00,2026-09-03 16:00:00,8411.T,8731,10,87310,OK,Yahoo Finance JP full-market screener (delayed)
2026-09-03,15:30:00,2026-09-03 16:00:00,8591.T,6351,13,82563,OK,Yahoo Finance JP full-market screener (delayed)
2026-09-03,15:30:00,2026-09-03 16:00:00,8630.T,6885,12,82620,OK,Yahoo Finance JP full-market screener (delayed)
2026-09-03,15:30:00,2026-09-03 16:00:00,8750.T,1883.5,10,18835,OK,Yahoo Finance JP full-market screener (delayed)
2026-09-03,15:30:00,2026-09-03 16:00:00,8766.T,7958,12,95496,OK,Yahoo Finance JP full-market screener (delayed)
2026-09-03,15:30:00,2026-09-03 16:00:00,8795.T,4908,14,68712,OK,Yahoo Finance JP full-market screener (delayed)
2026-09-03,15:30:00,2026-09-03 16:00:00,9432.T,173.2,500,86600,OK,Yahoo Finance JP full-market screener (delayed)
2026-09-03,15:30:00,2026-09-03 16:00:00,9433.T,2981.5,23,68574.5,OK,Yahoo Finance JP full-market screener (delayed)
2026-09-03,15:30:00,2026-09-03 16:00:00,9697.T,4186,7,29302,OK,Yahoo Finance JP full-market screener (delayed)
2026-09-03,15:30:00,2026-09-03 16:00:00,9983.T,68000,2,136000,OK,Yahoo Finance JP full-market screener (delayed)
2026-09-03,15:30:00,2026-09-03 17:00:00,1801.T,12775,3,38325,OK,Yahoo Finance JP full-market screener (delayed)
2026-09-03,15:30:00,2026-09-03 17:00:00,1812.T,4922,14,68908,OK,Yahoo Finance JP full-market screener (delayed)
2026-09-03,15:30:00,2026-09-03 17:00:00,5333.T,5121,5,25605,OK,Yahoo Finance JP full-market screener (delayed)
2026-09-03,15:30:00,2026-09-03 17:00:00,5803.T,4951,8,39608,OK,Yahoo Finance JP full-market screener (delayed)
2026-09-03,15:30:00,2026-09-03 17:00:00,6146.T,54040,1,54040,OK,Yahoo Finance JP full-market screener (delayed)
2026-09-03,15:30:00,2026-09-03 17:00:00,6383.T,5610,6,33660,OK,Yahoo Finance JP full-market screener (delayed)
2026-09-03,15:30:00,2026-09-03 17:00:00,6501.T,5352,15,80280,OK,Yahoo Finance JP full-market screener (delayed)
2026-09-03,15:30:00,2026-09-03 17:00:00,6503.T,5310,14,74340,OK,Yahoo Finance JP full-market screener (delayed)
2026-09-03,15:30:00,2026-09-03 17:00:00,6504.T,12835,6,77010,OK,Yahoo Finance JP full-market screener (delayed)
2026-09-03,15:30:00,2026-09-03 17:00:00,6762.T,2832.5,23,65147.5,OK,Yahoo Finance JP full-market screener (delayed)
2026-09-03,15:30:00,2026-09-03 17:00:00,6861.T,77980,2,155960,OK,Yahoo Finance JP full-market screener (delayed)
2026-09-03,15:30:00,2026-09-03 17:00:00,7012.T,2450.5,25,61262.5,OK,Yahoo Finance JP full-market screener (delayed)
2026-09-03,15:30:00,2026-09-03 17:00:00,7203.T,3117,23,71691,OK,Yahoo Finance JP full-market screener (delayed)
2026-09-03,15:30:00,2026-09-03 17:00:00,7269.T,2108.5,20,42170,OK,Yahoo Finance JP full-market screener (delayed)
2026-09-03,15:30:00,2026-09-03 17:00:00,7532.T,760,70,53200,OK,Yahoo Finance JP full-market screener (delayed)
2026-09-03,15:30:00,2026-09-03 17:00:00,7832.T,5605,16,89680,OK,Yahoo Finance JP full-market screener (delayed)
2026-09-03,15:30:00,2026-09-03 17:00:00,8035.T,53300,1,53300,OK,Yahoo Finance JP full-market screener (delayed)
2026-09-03,15:30:00,2026-09-03 17:00:00,8306.T,3754,18,67572,OK,Yahoo Finance JP full-market screener (delayed)
2026-09-03,15:30:00,2026-09-03 17:00:00,8316.T,7089,13,92157,OK,Yahoo Finance JP full-market screener (delayed)
2026-09-03,15:30:00,2026-09-03 17:00:00,8411.T,8731,10,87310,OK,Yahoo Finance JP full-market screener (delayed)
2026-09-03,15:30:00,2026-09-03 17:00:00,8591.T,6351,13,82563,OK,Yahoo Finance JP full-market screener (delayed)
2026-09-03,15:30:00,2026-09-03 17:00:00,8630.T,6885,12,82620,OK,Yahoo Finance JP full-market screener (delayed)
2026-09-03,15:30:00,2026-09-03 17:00:00,8750.T,1883.5,10,18835,OK,Yahoo Finance JP full-market screener (delayed)
2026-09-03,15:30:00,2026-09-03 17:00:00,8766.T,7958,12,95496,OK,Yahoo Finance JP full-market screener (delayed)
2026-09-03,15:30:00,2026-09-03 17:00:00,8795.T,4908,14,68712,OK,Yahoo Finance JP full-market screener (delayed)
2026-09-03,15:30:00,2026-09-03 17:00:00,9432.T,173.2,500,86600,OK,Yahoo Finance JP full-market screener (delayed)
2026-09-03,15:30:00,2026-09-03 17:00:00,9433.T,2981.5,23,68574.5,OK,Yahoo Finance JP full-market screener (delayed)
2026-09-03,15:30:00,2026-09-03 17:00:00,9697.T,4186,7,29302,OK,Yahoo Finance JP full-market screener (delayed)
2026-09-03,15:30:00,2026-09-03 17:00:00,9983.T,68000,2,136000,OK,Yahoo Finance JP full-market screener (delayed)
2026-09-04,09:04:52,2026-09-04 09:00:00,1801.T,12775,3,38325,OK,Yahoo Finance JP full-market screener (delayed)
2026-09-04,09:05:02,2026-09-04 09:00:00,1812.T,4911,14,68754,OK,Yahoo Finance JP full-market screener (delayed)
2026-09-04,09:05:00,2026-09-04 09:00:00,5333.T,5101,5,25505,OK,Yahoo Finance JP full-market screener (delayed)
2026-09-04,09:05:03,2026-09-04 09:00:00,5803.T,5011,8,40088,OK,Yahoo Finance JP full-market screener (delayed)
2026-09-04,09:05:03,2026-09-04 09:00:00,6146.T,54610,1,54610,OK,Yahoo Finance JP full-market screener (delayed)
2026-09-04,09:05:02,2026-09-04 09:00:00,6383.T,5603,6,33618,OK,Yahoo Finance JP full-market screener (delayed)
2026-09-04,09:05:03,2026-09-04 09:00:00,6501.T,5369,15,80535,OK,Yahoo Finance JP full-market screener (delayed)
2026-09-04,09:05:02,2026-09-04 09:00:00,6503.T,5248,14,73472,OK,Yahoo Finance JP full-market screener (delayed)
2026-09-04,09:04:57,2026-09-04 09:00:00,6504.T,12835,6,77010,OK,Yahoo Finance JP full-market screener (delayed)
2026-09-04,09:05:03,2026-09-04 09:00:00,6762.T,2859.5,23,65768.5,OK,Yahoo Finance JP full-market screener (delayed)
2026-09-04,09:05:03,2026-09-04 09:00:00,6861.T,77500,2,155000,OK,Yahoo Finance JP full-market screener (delayed)
2026-09-04,09:05:02,2026-09-04 09:00:00,7012.T,2459,25,61475,OK,Yahoo Finance JP full-market screener (delayed)
2026-09-04,09:05:03,2026-09-04 09:00:00,7203.T,3117,23,71691,OK,Yahoo Finance JP full-market screener (delayed)
2026-09-04,09:05:03,2026-09-04 09:00:00,7269.T,2099.5,20,41990,OK,Yahoo Finance JP full-market screener (delayed)
2026-09-04,09:05:04,2026-09-04 09:00:00,7532.T,753.9,70,52773,OK,Yahoo Finance JP full-market screener (delayed)
2026-09-04,09:05:02,2026-09-04 09:00:00,7832.T,5633,16,90128,OK,Yahoo Finance JP full-market screener (delayed)
2026-09-04,09:05:03,2026-09-04 09:00:00,8035.T,53310,1,53310,OK,Yahoo Finance JP full-market screener (delayed)
2026-09-04,09:05:04,2026-09-04 09:00:00,8306.T,3747,18,67446,OK,Yahoo Finance JP full-market screener (delayed)
2026-09-04,09:05:03,2026-09-04 09:00:00,8316.T,7045,13,91585,OK,Yahoo Finance JP full-market screener (delayed)
2026-09-04,09:05:03,2026-09-04 09:00:00,8411.T,8709,10,87090,OK,Yahoo Finance JP full-market screener (delayed)
2026-09-04,09:05:02,2026-09-04 09:00:00,8591.T,6285,13,81705,OK,Yahoo Finance JP full-market screener (delayed)
2026-09-04,09:05:01,2026-09-04 09:00:00,8630.T,6911,12,82932,OK,Yahoo Finance JP full-market screener (delayed)
2026-09-04,09:05:02,2026-09-04 09:00:00,8750.T,1895,10,18950,OK,Yahoo Finance JP full-market screener (delayed)
2026-09-04,09:05:02,2026-09-04 09:00:00,8766.T,8065,12,96780,OK,Yahoo Finance JP full-market screener (delayed)
2026-09-04,09:04:58,2026-09-04 09:00:00,8795.T,4908,14,68712,OK,Yahoo Finance JP full-market screener (delayed)
2026-09-04,09:05:03,2026-09-04 09:00:00,9432.T,172,500,86000,OK,Yahoo Finance JP full-market screener (delayed)
2026-09-04,09:05:02,2026-09-04 09:00:00,9433.T,2967.5,23,68252.5,OK,Yahoo Finance JP full-market screener (delayed)
2026-09-04,09:04:59,2026-09-04 09:00:00,9697.T,4186,7,29302,OK,Yahoo Finance JP full-market screener (delayed)
2026-09-04,09:04:57,2026-09-04 09:00:00,9983.T,68000,2,136000,OK,Yahoo Finance JP full-market screener (delayed)
2026-09-04,10:04:53,2026-09-04 10:00:00,1801.T,12730,3,38190,OK,Yahoo Finance JP full-market screener (delayed)
2026-09-04,10:04:56,2026-09-04 10:00:00,1812.T,4908,14,68712,OK,Yahoo Finance JP full-market screener (delayed)
2026-09-04,10:05:00,2026-09-04 10:00:00,5333.T,5169,5,25845,OK,Yahoo Finance JP full-market screener (delayed)
2026-09-04,10:05:05,2026-09-04 10:00:00,5803.T,5046,8,40368,OK,Yahoo Finance JP full-market screener (delayed)
2026-09-04,10:05:05,2026-09-04 10:00:00,6146.T,54380,1,54380,OK,Yahoo Finance JP full-market screener (delayed)
2026-09-04,10:04:51,2026-09-04 10:00:00,6383.T,5661,6,33966,OK,Yahoo Finance JP full-market screener (delayed)
2026-09-04,10:05:04,2026-09-04 10:00:00,6501.T,5368,15,80520,OK,Yahoo Finance JP full-market screener (delayed)
2026-09-04,10:05:05,2026-09-04 10:00:00,6503.T,5283,14,73962,OK,Yahoo Finance JP full-market screener (delayed)
2026-09-04,10:05:01,2026-09-04 10:00:00,6504.T,13130,6,78780,OK,Yahoo Finance JP full-market screener (delayed)
2026-09-04,10:05:05,2026-09-04 10:00:00,6762.T,2888.5,23,66435.5,OK,Yahoo Finance JP full-market screener (delayed)
2026-09-04,10:04:41,2026-09-04 10:00:00,6861.T,77460,2,154920,OK,Yahoo Finance JP full-market screener (delayed)
2026-09-04,10:05:06,2026-09-04 10:00:00,7012.T,2436.5,25,60912.5,OK,Yahoo Finance JP full-market screener (delayed)
2026-09-04,10:05:03,2026-09-04 10:00:00,7203.T,3100,23,71300,OK,Yahoo Finance JP full-market screener (delayed)
2026-09-04,10:04:58,2026-09-04 10:00:00,7269.T,2085,20,41700,OK,Yahoo Finance JP full-market screener (delayed)
2026-09-04,10:05:04,2026-09-04 10:00:00,7532.T,773.2,70,54124,OK,Yahoo Finance JP full-market screener (delayed)
2026-09-04,10:04:56,2026-09-04 10:00:00,7832.T,5614,16,89824,OK,Yahoo Finance JP full-market screener (delayed)
2026-09-04,10:05:03,2026-09-04 10:00:00,8035.T,53850,1,53850,OK,Yahoo Finance JP full-market screener (delayed)
2026-09-04,10:05:05,2026-09-04 10:00:00,8306.T,3704,18,66672,OK,Yahoo Finance JP full-market screener (delayed)
2026-09-04,10:05:03,2026-09-04 10:00:00,8316.T,6988,13,90844,OK,Yahoo Finance JP full-market screener (delayed)
2026-09-04,10:05:04,2026-09-04 10:00:00,8411.T,8598,10,85980,OK,Yahoo Finance JP full-market screener (delayed)
2026-09-04,10:05:05,2026-09-04 10:00:00,8591.T,6177,13,80301,OK,Yahoo Finance JP full-market screener (delayed)
2026-09-04,10:04:56,2026-09-04 10:00:00,8630.T,6885,12,82620,OK,Yahoo Finance JP full-market screener (delayed)
2026-09-04,10:04:57,2026-09-04 10:00:00,8750.T,1874,10,18740,OK,Yahoo Finance JP full-market screener (delayed)
2026-09-04,10:05:03,2026-09-04 10:00:00,8766.T,7995,12,95940,OK,Yahoo Finance JP full-market screener (delayed)
2026-09-04,10:05:05,2026-09-04 10:00:00,8795.T,4945,14,69230,OK,Yahoo Finance JP full-market screener (delayed)
2026-09-04,10:05:05,2026-09-04 10:00:00,9432.T,172.6,500,86300,OK,Yahoo Finance JP full-market screener (delayed)
2026-09-04,10:05:05,2026-09-04 10:00:00,9433.T,2997,23,68931,OK,Yahoo Finance JP full-market screener (delayed)
2026-09-04,10:04:55,2026-09-04 10:00:00,9697.T,4236,7,29652,OK,Yahoo Finance JP full-market screener (delayed)
2026-09-04,10:05:01,2026-09-04 10:00:00,9983.T,69540,2,139080,OK,Yahoo Finance JP full-market screener (delayed)
2026-09-04,11:03:52,2026-09-04 11:00:00,1801.T,12700,3,38100,OK,Yahoo Finance JP full-market screener (delayed)
2026-09-04,11:05:03,2026-09-04 11:00:00,1812.T,4914,14,68796,OK,Yahoo Finance JP full-market screener (delayed)
2026-09-04,11:04:50,2026-09-04 11:00:00,5333.T,5161,5,25805,OK,Yahoo Finance JP full-market screener (delayed)
2026-09-04,11:05:04,2026-09-04 11:00:00,5803.T,4997,8,39976,OK,Yahoo Finance JP full-market screener (delayed)
2026-09-04,11:04:56,2026-09-04 11:00:00,6146.T,53840,1,53840,OK,Yahoo Finance JP full-market screener (delayed)
2026-09-04,11:05:00,2026-09-04 11:00:00,6383.T,5610,6,33660,OK,Yahoo Finance JP full-market screener (delayed)
2026-09-04,11:05:03,2026-09-04 11:00:00,6501.T,5358,15,80370,OK,Yahoo Finance JP full-market screener (delayed)
2026-09-04,11:04:58,2026-09-04 11:00:00,6503.T,5231,14,73234,OK,Yahoo Finance JP full-market screener (delayed)
2026-09-04,11:04:54,2026-09-04 11:00:00,6504.T,12965,6,77790,OK,Yahoo Finance JP full-market screener (delayed)
2026-09-04,11:05:03,2026-09-04 11:00:00,6762.T,2871,23,66033,OK,Yahoo Finance JP full-market screener (delayed)
2026-09-04,11:04:44,2026-09-04 11:00:00,6861.T,76880,2,153760,OK,Yahoo Finance JP full-market screener (delayed)
2026-09-04,11:04:58,2026-09-04 11:00:00,7012.T,2429,25,60725,OK,Yahoo Finance JP full-market screener (delayed)
2026-09-04,11:05:01,2026-09-04 11:00:00,7203.T,3093,23,71139,OK,Yahoo Finance JP full-market screener (delayed)
2026-09-04,11:05:04,2026-09-04 11:00:00,7269.T,2076.5,20,41530,OK,Yahoo Finance JP full-market screener (delayed)
2026-09-04,11:05:02,2026-09-04 11:00:00,7532.T,774.6,70,54222,OK,Yahoo Finance JP full-market screener (delayed)
2026-09-04,11:05:01,2026-09-04 11:00:00,7832.T,5591,16,89456,OK,Yahoo Finance JP full-market screener (delayed)
2026-09-04,11:05:01,2026-09-04 11:00:00,8035.T,52920,1,52920,OK,Yahoo Finance JP full-market screener (delayed)
2026-09-04,11:05:03,2026-09-04 11:00:00,8306.T,3735,18,67230,OK,Yahoo Finance JP full-market screener (delayed)
2026-09-04,11:04:58,2026-09-04 11:00:00,8316.T,7012,13,91156,OK,Yahoo Finance JP full-market screener (delayed)
2026-09-04,11:05:02,2026-09-04 11:00:00,8411.T,8651,10,86510,OK,Yahoo Finance JP full-market screener (delayed)
2026-09-04,11:05:02,2026-09-04 11:00:00,8591.T,6204,13,80652,OK,Yahoo Finance JP full-market screener (delayed)
2026-09-04,11:04:43,2026-09-04 11:00:00,8630.T,6900,12,82800,OK,Yahoo Finance JP full-market screener (delayed)
2026-09-04,11:04:58,2026-09-04 11:00:00,8750.T,1876,10,18760,OK,Yahoo Finance JP full-market screener (delayed)
2026-09-04,11:05:04,2026-09-04 11:00:00,8766.T,8027,12,96324,OK,Yahoo Finance JP full-market screener (delayed)
2026-09-04,11:05:03,2026-09-04 11:00:00,8795.T,4946,14,69244,OK,Yahoo Finance JP full-market screener (delayed)
2026-09-04,11:05:02,2026-09-04 11:00:00,9432.T,173.2,500,86600,OK,Yahoo Finance JP full-market screener (delayed)
2026-09-04,11:04:58,2026-09-04 11:00:00,9433.T,2996.5,23,68919.5,OK,Yahoo Finance JP full-market screener (delayed)
2026-09-04,11:05:02,2026-09-04 11:00:00,9697.T,4242,7,29694,OK,Yahoo Finance JP full-market screener (delayed)
2026-09-04,11:04:50,2026-09-04 11:00:00,9983.T,69840,2,139680,OK,Yahoo Finance JP full-market screener (delayed)
2026-09-04,11:30:00,2026-09-04 12:00:00,1801.T,12740,3,38220,OK,Yahoo Finance JP full-market screener (delayed)
2026-09-04,11:30:00,2026-09-04 12:00:00,1812.T,4916,14,68824,OK,Yahoo Finance JP full-market screener (delayed)
2026-09-04,11:30:00,2026-09-04 12:00:00,5333.T,5177,5,25885,OK,Yahoo Finance JP full-market screener (delayed)
2026-09-04,11:30:00,2026-09-04 12:00:00,5803.T,5026,8,40208,OK,Yahoo Finance JP full-market screener (delayed)
2026-09-04,11:30:00,2026-09-04 12:00:00,6146.T,54060,1,54060,OK,Yahoo Finance JP full-market screener (delayed)
2026-09-04,11:30:00,2026-09-04 12:00:00,6383.T,5619,6,33714,OK,Yahoo Finance JP full-market screener (delayed)
2026-09-04,11:30:00,2026-09-04 12:00:00,6501.T,5379,15,80685,OK,Yahoo Finance JP full-market screener (delayed)
2026-09-04,11:30:00,2026-09-04 12:00:00,6503.T,5240,14,73360,OK,Yahoo Finance JP full-market screener (delayed)
2026-09-04,11:30:00,2026-09-04 12:00:00,6504.T,13050,6,78300,OK,Yahoo Finance JP full-market screener (delayed)
2026-09-04,11:30:00,2026-09-04 12:00:00,6762.T,2887,23,66401,OK,Yahoo Finance JP full-market screener (delayed)
2026-09-04,11:30:00,2026-09-04 12:00:00,6861.T,76870,2,153740,OK,Yahoo Finance JP full-market screener (delayed)
2026-09-04,11:30:00,2026-09-04 12:00:00,7012.T,2426.5,25,60662.5,OK,Yahoo Finance JP full-market screener (delayed)
2026-09-04,11:30:00,2026-09-04 12:00:00,7203.T,3095,23,71185,OK,Yahoo Finance JP full-market screener (delayed)
2026-09-04,11:30:00,2026-09-04 12:00:00,7269.T,2070,20,41400,OK,Yahoo Finance JP full-market screener (delayed)
2026-09-04,11:30:00,2026-09-04 12:00:00,7532.T,772,70,54040,OK,Yahoo Finance JP full-market screener (delayed)
2026-09-04,11:30:00,2026-09-04 12:00:00,7832.T,5594,16,89504,OK,Yahoo Finance JP full-market screener (delayed)
2026-09-04,11:30:00,2026-09-04 12:00:00,8035.T,53010,1,53010,OK,Yahoo Finance JP full-market screener (delayed)
2026-09-04,11:30:00,2026-09-04 12:00:00,8306.T,3742,18,67356,OK,Yahoo Finance JP full-market screener (delayed)
2026-09-04,11:30:00,2026-09-04 12:00:00,8316.T,7022,13,91286,OK,Yahoo Finance JP full-market screener (delayed)
2026-09-04,11:30:00,2026-09-04 12:00:00,8411.T,8678,10,86780,OK,Yahoo Finance JP full-market screener (delayed)
2026-09-04,11:30:00,2026-09-04 12:00:00,8591.T,6222,13,80886,OK,Yahoo Finance JP full-market screener (delayed)
2026-09-04,11:30:00,2026-09-04 12:00:00,8630.T,6882,12,82584,OK,Yahoo Finance JP full-market screener (delayed)
2026-09-04,11:30:00,2026-09-04 12:00:00,8750.T,1879.5,10,18795,OK,Yahoo Finance JP full-market screener (delayed)
2026-09-04,11:30:00,2026-09-04 12:00:00,8766.T,8025,12,96300,OK,Yahoo Finance JP full-market screener (delayed)
2026-09-04,11:30:00,2026-09-04 12:00:00,8795.T,4944,14,69216,OK,Yahoo Finance JP full-market screener (delayed)
2026-09-04,11:30:00,2026-09-04 12:00:00,9432.T,172.8,500,86400,OK,Yahoo Finance JP full-market screener (delayed)
2026-09-04,11:30:00,2026-09-04 12:00:00,9433.T,2997,23,68931,OK,Yahoo Finance JP full-market screener (delayed)
2026-09-04,11:30:00,2026-09-04 12:00:00,9697.T,4225,7,29575,OK,Yahoo Finance JP full-market screener (delayed)
2026-09-04,11:30:00,2026-09-04 12:00:00,9983.T,69930,2,139860,OK,Yahoo Finance JP full-market screener (delayed)
2026-09-04,13:04:55,2026-09-04 13:00:00,1801.T,12720,3,38160,OK,Yahoo Finance JP full-market screener (delayed)
2026-09-04,13:04:56,2026-09-04 13:00:00,1812.T,4916,14,68824,OK,Yahoo Finance JP full-market screener (delayed)
2026-09-04,13:05:03,2026-09-04 13:00:00,5333.T,5199,5,25995,OK,Yahoo Finance JP full-market screener (delayed)
2026-09-04,13:05:04,2026-09-04 13:00:00,5803.T,5077,8,40616,OK,Yahoo Finance JP full-market screener (delayed)
2026-09-04,13:05:02,2026-09-04 13:00:00,6146.T,54280,1,54280,OK,Yahoo Finance JP full-market screener (delayed)
2026-09-04,13:04:59,2026-09-04 13:00:00,6383.T,5612,6,33672,OK,Yahoo Finance JP full-market screener (delayed)
2026-09-04,13:05:03,2026-09-04 13:00:00,6501.T,5392,15,80880,OK,Yahoo Finance JP full-market screener (delayed)
2026-09-04,13:05:03,2026-09-04 13:00:00,6503.T,5263,14,73682,OK,Yahoo Finance JP full-market screener (delayed)
2026-09-04,13:04:56,2026-09-04 13:00:00,6504.T,13050,6,78300,OK,Yahoo Finance JP full-market screener (delayed)
2026-09-04,13:04:59,2026-09-04 13:00:00,6762.T,2896,23,66608,OK,Yahoo Finance JP full-market screener (delayed)
2026-09-04,13:04:56,2026-09-04 13:00:00,6861.T,77370,2,154740,OK,Yahoo Finance JP full-market screener (delayed)
2026-09-04,13:05:02,2026-09-04 13:00:00,7012.T,2437.5,25,60937.5,OK,Yahoo Finance JP full-market screener (delayed)
2026-09-04,13:05:03,2026-09-04 13:00:00,7203.T,3095,23,71185,OK,Yahoo Finance JP full-market screener (delayed)
2026-09-04,13:05:02,2026-09-04 13:00:00,7269.T,2069.5,20,41390,OK,Yahoo Finance JP full-market screener (delayed)
2026-09-04,13:05:03,2026-09-04 13:00:00,7532.T,779.4,70,54558,OK,Yahoo Finance JP full-market screener (delayed)
2026-09-04,13:05:04,2026-09-04 13:00:00,7832.T,5577,16,89232,OK,Yahoo Finance JP full-market screener (delayed)
2026-09-04,13:05:02,2026-09-04 13:00:00,8035.T,53090,1,53090,OK,Yahoo Finance JP full-market screener (delayed)
2026-09-04,13:05:04,2026-09-04 13:00:00,8306.T,3747,18,67446,OK,Yahoo Finance JP full-market screener (delayed)
2026-09-04,13:05:03,2026-09-04 13:00:00,8316.T,7050,13,91650,OK,Yahoo Finance JP full-market screener (delayed)
2026-09-04,13:05:03,2026-09-04 13:00:00,8411.T,8703,10,87030,OK,Yahoo Finance JP full-market screener (delayed)
2026-09-04,13:05:04,2026-09-04 13:00:00,8591.T,6244,13,81172,OK,Yahoo Finance JP full-market screener (delayed)
2026-09-04,13:04:58,2026-09-04 13:00:00,8630.T,6877,12,82524,OK,Yahoo Finance JP full-market screener (delayed)
2026-09-04,13:04:56,2026-09-04 13:00:00,8750.T,1876,10,18760,OK,Yahoo Finance JP full-market screener (delayed)
2026-09-04,13:05:01,2026-09-04 13:00:00,8766.T,7980,12,95760,OK,Yahoo Finance JP full-market screener (delayed)
2026-09-04,13:05:04,2026-09-04 13:00:00,8795.T,4950,14,69300,OK,Yahoo Finance JP full-market screener (delayed)
2026-09-04,13:05:03,2026-09-04 13:00:00,9432.T,173,500,86500,OK,Yahoo Finance JP full-market screener (delayed)
2026-09-04,13:05:02,2026-09-04 13:00:00,9433.T,2997,23,68931,OK,Yahoo Finance JP full-market screener (delayed)
2026-09-04,13:04:54,2026-09-04 13:00:00,9697.T,4237,7,29659,OK,Yahoo Finance JP full-market screener (delayed)
2026-09-04,13:04:44,2026-09-04 13:00:00,9983.T,69540,2,139080,OK,Yahoo Finance JP full-market screener (delayed)
2026-09-04,14:04:22,2026-09-04 14:00:00,1801.T,12705,3,38115,OK,Yahoo Finance JP full-market screener (delayed)
2026-09-04,14:04:56,2026-09-04 14:00:00,1812.T,4921,14,68894,OK,Yahoo Finance JP full-market screener (delayed)
2026-09-04,14:04:58,2026-09-04 14:00:00,5333.T,5226,5,26130,OK,Yahoo Finance JP full-market screener (delayed)
2026-09-04,14:05:03,2026-09-04 14:00:00,5803.T,5072,8,40576,OK,Yahoo Finance JP full-market screener (delayed)
2026-09-04,14:05:02,2026-09-04 14:00:00,6146.T,54620,1,54620,OK,Yahoo Finance JP full-market screener (delayed)
2026-09-04,14:04:56,2026-09-04 14:00:00,6383.T,5647,6,33882,OK,Yahoo Finance JP full-market screener (delayed)
2026-09-04,14:05:02,2026-09-04 14:00:00,6501.T,5397,15,80955,OK,Yahoo Finance JP full-market screener (delayed)
2026-09-04,14:05:02,2026-09-04 14:00:00,6503.T,5255,14,73570,OK,Yahoo Finance JP full-market screener (delayed)
2026-09-04,14:04:52,2026-09-04 14:00:00,6504.T,13050,6,78300,OK,Yahoo Finance JP full-market screener (delayed)
2026-09-04,14:05:00,2026-09-04 14:00:00,6762.T,2910.5,23,66941.5,OK,Yahoo Finance JP full-market screener (delayed)
2026-09-04,14:05:03,2026-09-04 14:00:00,6861.T,77530,2,155060,OK,Yahoo Finance JP full-market screener (delayed)
2026-09-04,14:05:03,2026-09-04 14:00:00,7012.T,2441.5,25,61037.5,OK,Yahoo Finance JP full-market screener (delayed)
2026-09-04,14:04:59,2026-09-04 14:00:00,7203.T,3095,23,71185,OK,Yahoo Finance JP full-market screener (delayed)
2026-09-04,14:04:59,2026-09-04 14:00:00,7269.T,2066,20,41320,OK,Yahoo Finance JP full-market screener (delayed)
2026-09-04,14:04:45,2026-09-04 14:00:00,7532.T,779,70,54530,OK,Yahoo Finance JP full-market screener (delayed)
2026-09-04,14:04:53,2026-09-04 14:00:00,7832.T,5567,16,89072,OK,Yahoo Finance JP full-market screener (delayed)
2026-09-04,14:05:01,2026-09-04 14:00:00,8035.T,53370,1,53370,OK,Yahoo Finance JP full-market screener (delayed)
2026-09-04,14:05:01,2026-09-04 14:00:00,8306.T,3756,18,67608,OK,Yahoo Finance JP full-market screener (delayed)
2026-09-04,14:04:49,2026-09-04 14:00:00,8316.T,7058,13,91754,OK,Yahoo Finance JP full-market screener (delayed)
2026-09-04,14:04:57,2026-09-04 14:00:00,8411.T,8755,10,87550,OK,Yahoo Finance JP full-market screener (delayed)
2026-09-04,14:04:41,2026-09-04 14:00:00,8591.T,6228,13,80964,OK,Yahoo Finance JP full-market screener (delayed)
2026-09-04,14:04:52,2026-09-04 14:00:00,8630.T,6854,12,82248,OK,Yahoo Finance JP full-market screener (delayed)
2026-09-04,14:05:03,2026-09-04 14:00:00,8750.T,1880.5,10,18805,OK,Yahoo Finance JP full-market screener (delayed)
2026-09-04,14:04:31,2026-09-04 14:00:00,8766.T,7993,12,95916,OK,Yahoo Finance JP full-market screener (delayed)
2026-09-04,14:04:59,2026-09-04 14:00:00,8795.T,4950,14,69300,OK,Yahoo Finance JP full-market screener (delayed)
2026-09-04,14:05:03,2026-09-04 14:00:00,9432.T,172.7,500,86350,OK,Yahoo Finance JP full-market screener (delayed)
2026-09-04,14:05:03,2026-09-04 14:00:00,9433.T,2987.5,23,68712.5,OK,Yahoo Finance JP full-market screener (delayed)
2026-09-04,14:04:44,2026-09-04 14:00:00,9697.T,4238,7,29666,OK,Yahoo Finance JP full-market screener (delayed)
2026-09-04,14:04:30,2026-09-04 14:00:00,9983.T,69310,2,138620,OK,Yahoo Finance JP full-market screener (delayed)
2026-09-04,15:04:57,2026-09-04 15:00:00,1801.T,12710,3,38130,OK,Yahoo Finance JP full-market screener (delayed)
2026-09-04,15:05:02,2026-09-04 15:00:00,1812.T,4942,14,69188,OK,Yahoo Finance JP full-market screener (delayed)
2026-09-04,15:04:58,2026-09-04 15:00:00,5333.T,5226,5,26130,OK,Yahoo Finance JP full-market screener (delayed)
2026-09-04,15:05:04,2026-09-04 15:00:00,5803.T,5061,8,40488,OK,Yahoo Finance JP full-market screener (delayed)
2026-09-04,15:04:59,2026-09-04 15:00:00,6146.T,54870,1,54870,OK,Yahoo Finance JP full-market screener (delayed)
2026-09-04,15:05:03,2026-09-04 15:00:00,6383.T,5658,6,33948,OK,Yahoo Finance JP full-market screener (delayed)
2026-09-04,15:05:04,2026-09-04 15:00:00,6501.T,5384,15,80760,OK,Yahoo Finance JP full-market screener (delayed)
2026-09-04,15:05:03,2026-09-04 15:00:00,6503.T,5247,14,73458,OK,Yahoo Finance JP full-market screener (delayed)
2026-09-04,15:04:53,2026-09-04 15:00:00,6504.T,13080,6,78480,OK,Yahoo Finance JP full-market screener (delayed)
2026-09-04,15:05:00,2026-09-04 15:00:00,6762.T,2914,23,67022,OK,Yahoo Finance JP full-market screener (delayed)
2026-09-04,15:04:59,2026-09-04 15:00:00,6861.T,77530,2,155060,OK,Yahoo Finance JP full-market screener (delayed)
2026-09-04,15:05:04,2026-09-04 15:00:00,7012.T,2439,25,60975,OK,Yahoo Finance JP full-market screener (delayed)
2026-09-04,15:05:01,2026-09-04 15:00:00,7203.T,3090,23,71070,OK,Yahoo Finance JP full-market screener (delayed)
2026-09-04,15:04:58,2026-09-04 15:00:00,7269.T,2060.5,20,41210,OK,Yahoo Finance JP full-market screener (delayed)
2026-09-04,15:05:01,2026-09-04 15:00:00,7532.T,778.9,70,54523,OK,Yahoo Finance JP full-market screener (delayed)
2026-09-04,15:05:01,2026-09-04 15:00:00,7832.T,5559,16,88944,OK,Yahoo Finance JP full-market screener (delayed)
2026-09-04,15:04:48,2026-09-04 15:00:00,8035.T,53360,1,53360,OK,Yahoo Finance JP full-market screener (delayed)
2026-09-04,15:05:03,2026-09-04 15:00:00,8306.T,3774,18,67932,OK,Yahoo Finance JP full-market screener (delayed)
2026-09-04,15:04:58,2026-09-04 15:00:00,8316.T,7084,13,92092,OK,Yahoo Finance JP full-market screener (delayed)
2026-09-04,15:05:03,2026-09-04 15:00:00,8411.T,8783,10,87830,OK,Yahoo Finance JP full-market screener (delayed)
2026-09-04,15:05:01,2026-09-04 15:00:00,8591.T,6224,13,80912,OK,Yahoo Finance JP full-market screener (delayed)
2026-09-04,15:04:55,2026-09-04 15:00:00,8630.T,6859,12,82308,OK,Yahoo Finance JP full-market screener (delayed)
2026-09-04,15:04:55,2026-09-04 15:00:00,8750.T,1886.5,10,18865,OK,Yahoo Finance JP full-market screener (delayed)
2026-09-04,15:05:04,2026-09-04 15:00:00,8766.T,7992,12,95904,OK,Yahoo Finance JP full-market screener (delayed)
2026-09-04,15:05:03,2026-09-04 15:00:00,8795.T,4955,14,69370,OK,Yahoo Finance JP full-market screener (delayed)
2026-09-04,15:04:55,2026-09-04 15:00:00,9432.T,172.6,500,86300,OK,Yahoo Finance JP full-market screener (delayed)
2026-09-04,15:05:04,2026-09-04 15:00:00,9433.T,2986,23,68678,OK,Yahoo Finance JP full-market screener (delayed)
2026-09-04,15:05:04,2026-09-04 15:00:00,9697.T,4244,7,29708,OK,Yahoo Finance JP full-market screener (delayed)
2026-09-04,15:04:41,2026-09-04 15:00:00,9983.T,69470,2,138940,OK,Yahoo Finance JP full-market screener (delayed)
2026-09-04,15:30:00,2026-09-04 16:00:00,1801.T,12690,3,38070,OK,Yahoo Finance JP full-market screener (delayed)
2026-09-04,15:30:00,2026-09-04 16:00:00,1812.T,4938,14,69132,OK,Yahoo Finance JP full-market screener (delayed)
2026-09-04,15:30:00,2026-09-04 16:00:00,5333.T,5244,5,26220,OK,Yahoo Finance JP full-market screener (delayed)
2026-09-04,15:30:00,2026-09-04 16:00:00,5803.T,5053,8,40424,OK,Yahoo Finance JP full-market screener (delayed)
2026-09-04,15:30:00,2026-09-04 16:00:00,6146.T,54460,1,54460,OK,Yahoo Finance JP full-market screener (delayed)
2026-09-04,15:30:00,2026-09-04 16:00:00,6383.T,5661,6,33966,OK,Yahoo Finance JP full-market screener (delayed)
2026-09-04,15:30:00,2026-09-04 16:00:00,6501.T,5377,15,80655,OK,Yahoo Finance JP full-market screener (delayed)
2026-09-04,15:30:00,2026-09-04 16:00:00,6503.T,5248,14,73472,OK,Yahoo Finance JP full-market screener (delayed)
2026-09-04,15:30:00,2026-09-04 16:00:00,6504.T,13110,6,78660,OK,Yahoo Finance JP full-market screener (delayed)
2026-09-04,15:30:00,2026-09-04 16:00:00,6762.T,2907.5,23,66872.5,OK,Yahoo Finance JP full-market screener (delayed)
2026-09-04,15:30:00,2026-09-04 16:00:00,6861.T,77720,2,155440,OK,Yahoo Finance JP full-market screener (delayed)
2026-09-04,15:30:00,2026-09-04 16:00:00,7012.T,2433.5,25,60837.5,OK,Yahoo Finance JP full-market screener (delayed)
2026-09-04,15:30:00,2026-09-04 16:00:00,7203.T,3081,23,70863,OK,Yahoo Finance JP full-market screener (delayed)
2026-09-04,15:30:00,2026-09-04 16:00:00,7269.T,2067,20,41340,OK,Yahoo Finance JP full-market screener (delayed)
2026-09-04,15:30:00,2026-09-04 16:00:00,7532.T,776.2,70,54334,OK,Yahoo Finance JP full-market screener (delayed)
2026-09-04,15:30:00,2026-09-04 16:00:00,7832.T,5565,16,89040,OK,Yahoo Finance JP full-market screener (delayed)
2026-09-04,15:30:00,2026-09-04 16:00:00,8035.T,53320,1,53320,OK,Yahoo Finance JP full-market screener (delayed)
2026-09-04,15:30:00,2026-09-04 16:00:00,8306.T,3785,18,68130,OK,Yahoo Finance JP full-market screener (delayed)
2026-09-04,15:30:00,2026-09-04 16:00:00,8316.T,7083,13,92079,OK,Yahoo Finance JP full-market screener (delayed)
2026-09-04,15:30:00,2026-09-04 16:00:00,8411.T,8774,10,87740,OK,Yahoo Finance JP full-market screener (delayed)
2026-09-04,15:30:00,2026-09-04 16:00:00,8591.T,6242,13,81146,OK,Yahoo Finance JP full-market screener (delayed)
2026-09-04,15:30:00,2026-09-04 16:00:00,8630.T,6856,12,82272,OK,Yahoo Finance JP full-market screener (delayed)
2026-09-04,15:30:00,2026-09-04 16:00:00,8750.T,1877.5,10,18775,OK,Yahoo Finance JP full-market screener (delayed)
2026-09-04,15:30:00,2026-09-04 16:00:00,8766.T,7976,12,95712,OK,Yahoo Finance JP full-market screener (delayed)
2026-09-04,15:30:00,2026-09-04 16:00:00,8795.T,4952,14,69328,OK,Yahoo Finance JP full-market screener (delayed)
2026-09-04,15:30:00,2026-09-04 16:00:00,9432.T,172.6,500,86300,OK,Yahoo Finance JP full-market screener (delayed)
2026-09-04,15:30:00,2026-09-04 16:00:00,9433.T,2981,23,68563,OK,Yahoo Finance JP full-market screener (delayed)
2026-09-04,15:30:00,2026-09-04 16:00:00,9697.T,4248,7,29736,OK,Yahoo Finance JP full-market screener (delayed)
2026-09-04,15:30:00,2026-09-04 16:00:00,9983.T,69100,2,138200,OK,Yahoo Finance JP full-market screener (delayed)
